Price,Title,Description,Variation Image Link,Variation name (color),Variation SKU,Category,Keep,Reason
14.99,-6 AN to M14x1.5mm Metric Adapter,"ColorFittings AN to Metric Adapter and Union Fittings are precision-engineered to connect metric female ports to AN flare fittings, providing a secure, leak-free solution for fuel, oil, coolant, and power steering plumbing systems.\n\nEach adapter is CNC machined from 6061-T6 billet aluminum and finished with ColorFittings' proprietary polishing and anodizing process for maximum strength, corrosion resistance, and long-term durability. These fittings are designed to withstand high pressure and high temperature environments commonly found in racing, street performance, marine, and aviation applications.\n\nOur AN to Metric Adapters are manufactured to provide a perfect fit and seal when paired with ColorFittings AN fittings, which are specifically engineered for use with E85, ethanol-based fuels, and race fuels. When combined with our nylon or stainless steel braided hose, these adapters deliver reliable performance and clean routing for any high-performance plumbing system.\n\nLooking to complete your system? Explore our full range of AN fittings, metric adapters, braided hose, and fitting assembly tools.",https://colorfittings.com/wp-content/uploads/2026/04/Flare-To-Metric-Adapter-Black-122.png,Black,CF-F2M-06-014-015-BL,Adapters and Unions,True,"Target AN Size (-6, -8, -10)"
16.99,-10 AN Male to -10 AN Female Extender,"ColorFittings -10AN Male to -10AN Female Extenders are precision CNC-machined to extend AN connections while maintaining a secure, leak-free 37-degree flare seal. Ideal for fuel, oil, coolant, transmission, and power steering systems, these extenders provide additional clearance for tight engine bays, custom plumbing, and performance applications.\nManufactured from aerospace-grade 6061-T6 billet aluminum and finished with ColorFittings' proprietary polishing and anodizing process, these AN extenders offer superior strength, corrosion resistance, and long-term durability. The precision-machined 37-degree AN flare seats ensure a reliable seal in high-pressure and high-temperature environments.\nCompatible with E85, ethanol-based fuels, race fuel, pump gas, diesel, oil, coolant, transmission fluid, hydraulic fluid, and air systems, these AN extension fittings are perfect for street performance, racing, off-road, marine, and custom fabrication projects.\nLooking to complete your system? Explore our full range of AN fittings, metric adapters, braided hose, and fitting assembly tools.",https://colorfittings.com/wp-content/uploads/2026/07/10-AN-Extender-Black.png,Black,CF-M2F-10-E10-000-BL,Adapters and Unions,True,"Target AN Size (-6, -8, -10)"
20.99,"-6 AN to 1/4"" NPT Male 90 Degree Swivel Adapter","ColorFittings AN to NPT Male 90 Degree Swivel Adapter Fittings are precision CNC-machined to connect 37-degree AN hose ends to NPT threaded ports while providing a compact 90-degree routing solution. The swivel design allows for easy clocking and precise alignment, making these adapters ideal for fuel, oil, coolant, boost, transmission, and power steering systems where space is limited.\nManufactured from aerospace-grade 6061-T6 billet aluminum and finished with ColorFittings' proprietary polishing and anodizing process, these adapters deliver superior strength, corrosion resistance, and long-term durability. Precision-cut tapered NPT threads provide a secure mechanical seal (thread sealant recommended), while the true 37-degree AN flare ensures a reliable, leak-free connection in high-pressure and high-temperature environments.\nCompatible with E85, ethanol-based fuels, race fuel, pump gas, diesel, oil, coolant, transmission fluid, hydraulic fluid, and air systems, these AN to NPT 90° swivel fittings are ideal for street performance, racing, off-road, marine, and custom fabrication projects.\nLooking to complete your system? Explore our full range of AN fittings, NPT adapters, braided hose, and fitting assembly tools.\n\n&nbsp;",https://colorfittings.com/wp-content/uploads/2026/07/NPT-Male-90-Swivel-Black.png,Black,CF-F2N-06-014-S90-BL,NPT Adapters,True,"Target AN Size (-6, -8, -10)"
9.99,-8 AN to -8 AN ORB Adapter,"ColorFittings ORB Adapter Fittings are precision-engineered to connect AN flare fittings to O-Ring Boss (ORB) ports, providing a secure, leak-free solution for fuel, oil, coolant, power steering, and transmission plumbing systems. ORB ports are found on engine blocks, transmissions, power steering pumps, oil coolers, and other OEM components — making these adapters essential for any AN plumbing conversion.\n\nOur AN to ORB Adapters are manufactured to provide a perfect fit and seal when paired with ColorFittings AN fittings, which are specifically engineered for use with E85, ethanol-based fuels, and race fuels. The O-ring face seal design eliminates the need for thread sealant and provides a more reliable, vibration-resistant connection compared to NPT threads. When combined with our nylon or stainless steel braided hose, these adapters deliver reliable performance and clean routing for any high-performance plumbing system.\n\nFor best installation results, we strongly recommend using our AN Fitting Assembly Tools, which help prevent fitting damage and ensure proper hose and fitting alignment. Please reference our installation video and fitting guide for proper assembly techniques and torque recommendations.\n\nLooking to complete your system? Explore our full range of AN fittings, ORB adapters, braided hose, and fitting assembly tools.",https://colorfittings.com/wp-content/uploads/2026/04/ORB-Teal-Fitting-Adapter.png,Teal,CF-F2S-08-008-000-TL,ORB Adapters,True,"Target AN Size (-6, -8, -10)"
15.99,"-6 AN to 1/8"" NPT 45 Degree Elbow Adapter","ColorFittings AN to NPT 45 Degree Elbow Adapter Fittings are precision-engineered to connect AN flare fittings to NPT ports, providing a secure, leak-free solution for fuel, oil, coolant, and power steering plumbing systems.\n\nOur AN to NPT Adapters are manufactured to provide a perfect fit and seal when paired with ColorFittings AN fittings, which are specifically engineered for use with E85, ethanol-based fuels, and race fuels. When combined with our nylon or stainless steel braided hose, these adapters deliver reliable performance and clean routing for any high-performance plumbing system.\n\nFor best installation results, we strongly recommend using our AN Fitting Assembly Tools, which help prevent fitting damage and ensure proper hose and fitting alignment. Please reference our installation video and fitting guide for proper assembly techniques and torque recommendations.\n\nLooking to complete your system? Explore our full range of AN fittings, NPT adapters, braided hose, and fitting assembly tools.",https://colorfittings.com/wp-content/uploads/2026/04/45-Degree-NPT-Adapter-Black-27.png,black,CF-F2N-06-018-045-BL,Adapters and Unions,True,"Target AN Size (-6, -8, -10)"
15.99,"6 AN to 1/8"" NPT Adapter 90 Degree Elbow Adapter","ColorFittings AN to NPT 90 Degree Elbow Adapter Fittings are precision-engineered to connect AN flare fittings to NPT ports, providing a secure, leak-free solution for fuel, oil, coolant, and power steering plumbing systems.\n\nOur AN to NPT Adapters are manufactured to provide a perfect fit and seal when paired with ColorFittings AN fittings, which are specifically engineered for use with E85, ethanol-based fuels, and race fuels. When combined with our nylon or stainless steel braided hose, these adapters deliver reliable performance and clean routing for any high-performance plumbing system.\n\nFor best installation results, we strongly recommend using our AN Fitting Assembly Tools, which help prevent fitting damage and ensure proper hose and fitting alignment. Please reference our installation video and fitting guide for proper assembly techniques and torque recommendations.\n\nLooking to complete your system? Explore our full range of AN fittings, NPT adapters, braided hose, and fitting assembly tools.\n\n&nbsp;",https://colorfittings.com/wp-content/uploads/2026/04/90-Degree-NPT-Adapter-Black-23.png,Black,CF-F2N-06-018-090-BL,NPT Adapters,True,"Target AN Size (-6, -8, -10)"
46.99,-16 AN 30 Degree Female Aluminum Hose End Fitting,"ColorFittings Standard AN Hose Ends are precision-engineered for high-pressure fuel, oil, coolant, brake, clutch, and power steering applications. Designed for use with nylon or stainless steel braided hose, these AN fittings provide a secure, leak-free 37-degree flare seal for street performance, racing, marine, and motorsport plumbing systems.\n\nEach hose end is CNC-machined from aerospace-grade 6061-T6 billet aluminum and finished with ColorFittings' proprietary polishing and anodizing process for superior strength, corrosion resistance, and long-term durability. Compatible with E85, ethanol, race fuel, pump gas, oil, coolant, brake fluid, transmission fluid, and hydraulic systems, these fittings are built to handle high-pressure, high-temperature environments.\n\nLooking to complete your setup? Check out our full range of Standard Hose, Hose Separators, and AN Fitting Assembly Tools.",https://colorfittings.com/wp-content/uploads/2025/08/Black-30-Degree-Female-Hose-End.png,Black,CF-FHE-16-030-000-BL,Hose Fittings,True,"Target AN Size (-6, -8, -10)"
15.99,"-6 AN to 1/4"" NPT 45 Degree Elbow Adapter","ColorFittings AN to NPT 45 Degree Elbow Adapter Fittings are precision-engineered to connect AN flare fittings to NPT ports, providing a secure, leak-free solution for fuel, oil, coolant, and power steering plumbing systems.\n\nOur AN to NPT Adapters are manufactured to provide a perfect fit and seal when paired with ColorFittings AN fittings, which are specifically engineered for use with E85, ethanol-based fuels, and race fuels. When combined with our nylon or stainless steel braided hose, these adapters deliver reliable performance and clean routing for any high-performance plumbing system.\n\nFor best installation results, we strongly recommend using our AN Fitting Assembly Tools, which help prevent fitting damage and ensure proper hose and fitting alignment. Please reference our installation video and fitting guide for proper assembly techniques and torque recommendations.\n\nLooking to complete your system? Explore our full range of AN fittings, NPT adapters, braided hose, and fitting assembly tools.",https://colorfittings.com/wp-content/uploads/2026/04/45-Degree-NPT-Adapter-Black-19.png,black,CF-F2N-06-014-045-BL,Adapters and Unions,True,"Target AN Size (-6, -8, -10)"
15.99,"-6 AN to 1/4"" NPT 90 Degree Elbow Adapter","ColorFittings AN to NPT 90 Degree Elbow Adapter Fittings are precision-engineered to connect AN flare fittings to NPT ports, providing a secure, leak-free solution for fuel, oil, coolant, and power steering plumbing systems.\n\nOur AN to NPT Adapters are manufactured to provide a perfect fit and seal when paired with ColorFittings AN fittings, which are specifically engineered for use with E85, ethanol-based fuels, and race fuels. When combined with our nylon or stainless steel braided hose, these adapters deliver reliable performance and clean routing for any high-performance plumbing system.\n\nFor best installation results, we strongly recommend using our AN Fitting Assembly Tools, which help prevent fitting damage and ensure proper hose and fitting alignment. Please reference our installation video and fitting guide for proper assembly techniques and torque recommendations.\n\nLooking to complete your system? Explore our full range of AN fittings, NPT adapters, braided hose, and fitting assembly tools.",https://colorfittings.com/wp-content/uploads/2026/04/90-Degree-NPT-Adapter-Black-24.png,black,CF-F2N-06-014-090-BL,Adapters and Unions,True,"Target AN Size (-6, -8, -10)"
31.28,-10 AN 120 Degree Female Aluminum Hose End Fitting,"ColorFittings Standard AN Hose Ends are precision-engineered for high-pressure fuel, oil, coolant, brake, clutch, and power steering applications. Designed for use with nylon or stainless steel braided hose, these AN fittings provide a secure, leak-free 37-degree flare seal for street performance, racing, marine, and motorsport plumbing systems.\n\nEach hose end is CNC-machined from aerospace-grade 6061-T6 billet aluminum and finished with ColorFittings' proprietary polishing and anodizing process for superior strength, corrosion resistance, and long-term durability. Compatible with E85, ethanol, race fuel, pump gas, oil, coolant, brake fluid, transmission fluid, and hydraulic systems, these fittings are built to handle high-pressure, high-temperature environments.\n\nLooking to complete your setup? Check out our full range of Standard Hose, Hose Separators, and AN Fitting Assembly Tools.",https://colorfittings.com/wp-content/uploads/2026/04/Purple-120-Degree-Female-Hose-End.png,Purple,CF-FHE-10-120-000-PU,Hose Fittings,True,"Target AN Size (-6, -8, -10)"
16.99,-8AN to 7/8-20 Short Carburetor Inlet Fitting,"ColorFittings Short Carburetor Inlet Fittings are precision-engineered to connect AN braided fuel lines directly to your carburetor's fuel bowl inlet, providing a secure, leak-free solution for carbureted fuel systems where space is limited in racing, street performance, and marine applications.\n\nEach fitting is CNC machined from 6061-T6 billet aluminum and finished with ColorFittings' proprietary polishing and anodizing process for maximum strength, corrosion resistance, and long-term durability. The short-style design is ideal for tight engine bays and low-clearance installations and is designed to withstand high pressure and high temperature environments.\n\nOur Short Carburetor Inlet Fittings are manufactured to provide a perfect fit and seal when paired with ColorFittings AN fittings, which are specifically engineered for use with E85, ethanol-based fuels, and race fuels. When combined with our nylon or stainless steel braided hose, these fittings deliver reliable performance and clean routing for any high-performance carbureted fuel system.\n\nFor best installation results, we strongly recommend using our AN Fitting Assembly Tools, which help prevent fitting damage and ensure proper hose and fitting alignment. Please reference our installation video and fitting guide for proper assembly techniques and torque recommendations.\n\nLooking to complete your system? Explore our full range of AN fittings, carburetor fittings, braided hose, and fitting assembly tools.",https://colorfittings.com/wp-content/uploads/2026/03/Short-Carburetor-Inlet-Fitting-Black.png,black,CF-SCA-08-078-020-BL,Adapters and Unions,True,"Target AN Size (-6, -8, -10)"
15.99,-6AN to 7/8-20 Short Carburetor Inlet Fitting,"ColorFittings Short Carburetor Inlet Fittings are precision-engineered to connect AN braided fuel lines directly to your carburetor's fuel bowl inlet, providing a secure, leak-free solution for carbureted fuel systems where space is limited in racing, street performance, and marine applications.\n\nEach fitting is CNC machined from 6061-T6 billet aluminum and finished with ColorFittings' proprietary polishing and anodizing process for maximum strength, corrosion resistance, and long-term durability. The short-style design is ideal for tight engine bays and low-clearance installations and is designed to withstand high pressure and high temperature environments.\n\nOur Short Carburetor Inlet Fittings are manufactured to provide a perfect fit and seal when paired with ColorFittings AN fittings, which are specifically engineered for use with E85, ethanol-based fuels, and race fuels. When combined with our nylon or stainless steel braided hose, these fittings deliver reliable performance and clean routing for any high-performance carbureted fuel system.\n\nFor best installation results, we strongly recommend using our AN Fitting Assembly Tools, which help prevent fitting damage and ensure proper hose and fitting alignment. Please reference our installation video and fitting guide for proper assembly techniques and torque recommendations.\n\nLooking to complete your system? Explore our full range of AN fittings, carburetor fittings, braided hose, and fitting assembly tools.",https://colorfittings.com/wp-content/uploads/2026/03/Short-Carburetor-Inlet-Fitting-Black.png,black,CF-SCA-06-078-020-BL,Adapters and Unions,True,"Target AN Size (-6, -8, -10)"
16.99,-8AN to 7/8-20 Long Carburetor Inlet Fitting,"ColorFittings Long Carburetor Inlet Fittings are precision-engineered to connect AN braided fuel lines directly to your carburetor's fuel bowl inlet, providing a secure, leak-free solution for carbureted fuel systems in racing, street performance, and marine applications.\n\nEach fitting is CNC machined from 6061-T6 billet aluminum and finished with ColorFittings' proprietary polishing and anodizing process for maximum strength, corrosion resistance, and long-term durability. The long-style design provides deeper bowl engagement for a more secure fitment and is designed to withstand high pressure and high temperature environments.\n\nOur Long Carburetor Inlet Fittings are manufactured to provide a perfect fit and seal when paired with ColorFittings AN fittings, which are specifically engineered for use with E85, ethanol-based fuels, and race fuels. When combined with our nylon or stainless steel braided hose, these fittings deliver reliable performance and clean routing for any high-performance carbureted fuel system.\n\nFor best installation results, we strongly recommend using our AN Fitting Assembly Tools, which help prevent fitting damage and ensure proper hose and fitting alignment. Please reference our installation video and fitting guide for proper assembly techniques and torque recommendations.\n\nLooking to complete your system? Explore our full range of AN fittings, carburetor fittings, braided hose, and fitting assembly tools.",https://colorfittings.com/wp-content/uploads/2026/03/Long-Carburetor-Inlet-Fitting-Black.png,black,CF-LCA-08-078-020-BL,Adapters and Unions,True,"Target AN Size (-6, -8, -10)"
16.99,-8AN to 5/8-20 Long Carburetor Inlet Fitting,"ColorFittings Long Carburetor Inlet Fittings are precision-engineered to connect AN braided fuel lines directly to your carburetor's fuel bowl inlet, providing a secure, leak-free solution for carbureted fuel systems in racing, street performance, and marine applications.\n\nEach fitting is CNC machined from 6061-T6 billet aluminum and finished with ColorFittings' proprietary polishing and anodizing process for maximum strength, corrosion resistance, and long-term durability. The long-style design provides deeper bowl engagement for a more secure fitment and is designed to withstand high pressure and high temperature environments.\n\nOur Long Carburetor Inlet Fittings are manufactured to provide a perfect fit and seal when paired with ColorFittings AN fittings, which are specifically engineered for use with E85, ethanol-based fuels, and race fuels. When combined with our nylon or stainless steel braided hose, these fittings deliver reliable performance and clean routing for any high-performance carbureted fuel system.\n\nFor best installation results, we strongly recommend using our AN Fitting Assembly Tools, which help prevent fitting damage and ensure proper hose and fitting alignment. Please reference our installation video and fitting guide for proper assembly techniques and torque recommendations.\n\nLooking to complete your system? Explore our full range of AN fittings, carburetor fittings, braided hose, and fitting assembly tools.",https://colorfittings.com/wp-content/uploads/2026/03/Long-Carburetor-Inlet-Fitting-Black.png,black,CF-LCA-08-058-020-BL,Adapters and Unions,True,"Target AN Size (-6, -8, -10)"
15.99,-6AN to 7/8-20 Long Carburetor Inlet Fitting,"ColorFittings Long Carburetor Inlet Fittings are precision-engineered to connect AN braided fuel lines directly to your carburetor's fuel bowl inlet, providing a secure, leak-free solution for carbureted fuel systems in racing, street performance, and marine applications.\n\nEach fitting is CNC machined from 6061-T6 billet aluminum and finished with ColorFittings' proprietary polishing and anodizing process for maximum strength, corrosion resistance, and long-term durability. The long-style design provides deeper bowl engagement for a more secure fitment and is designed to withstand high pressure and high temperature environments.\n\nOur Long Carburetor Inlet Fittings are manufactured to provide a perfect fit and seal when paired with ColorFittings AN fittings, which are specifically engineered for use with E85, ethanol-based fuels, and race fuels. When combined with our nylon or stainless steel braided hose, these fittings deliver reliable performance and clean routing for any high-performance carbureted fuel system.\n\nFor best installation results, we strongly recommend using our AN Fitting Assembly Tools, which help prevent fitting damage and ensure proper hose and fitting alignment. Please reference our installation video and fitting guide for proper assembly techniques and torque recommendations.\n\nLooking to complete your system? Explore our full range of AN fittings, carburetor fittings, braided hose, and fitting assembly tools.",https://colorfittings.com/wp-content/uploads/2026/03/Long-Carburetor-Inlet-Fitting-Black.png,black,CF-LCA-06-078-020-BL,Adapters and Unions,True,"Target AN Size (-6, -8, -10)"
15.99,-6AN to 5/8-20 Long Carburetor Inlet Fitting,"ColorFittings Long Carburetor Inlet Fittings are precision-engineered to connect AN braided fuel lines directly to your carburetor's fuel bowl inlet, providing a secure, leak-free solution for carbureted fuel systems in racing, street performance, and marine applications.\n\nEach fitting is CNC machined from 6061-T6 billet aluminum and finished with ColorFittings' proprietary polishing and anodizing process for maximum strength, corrosion resistance, and long-term durability. The long-style design provides deeper bowl engagement for a more secure fitment and is designed to withstand high pressure and high temperature environments.\n\nOur Long Carburetor Inlet Fittings are manufactured to provide a perfect fit and seal when paired with ColorFittings AN fittings, which are specifically engineered for use with E85, ethanol-based fuels, and race fuels. When combined with our nylon or stainless steel braided hose, these fittings deliver reliable performance and clean routing for any high-performance carbureted fuel system.\n\nFor best installation results, we strongly recommend using our AN Fitting Assembly Tools, which help prevent fitting damage and ensure proper hose and fitting alignment. Please reference our installation video and fitting guide for proper assembly techniques and torque recommendations.\n\nLooking to complete your system? Explore our full range of AN fittings, carburetor fittings, braided hose, and fitting assembly tools.",https://colorfittings.com/wp-content/uploads/2026/03/Long-Carburetor-Inlet-Fitting-Black.png,black,CF-LCA-06-058-020-BL,Adapters and Unions,True,"Target AN Size (-6, -8, -10)"
22.99,"-8AN Flare Tee w/ 1/8"" NPT Port","ColorFittings AN Flare Tee Fittings with 1/8"" NPT Port are precision-engineered to split your AN plumbing line into a T-configuration while simultaneously providing a 1/8"" NPT side port for connecting a pressure or temperature sensor, delivering a secure, leak-free solution for fuel, oil, coolant, transmission, and power steering plumbing systems.\n\nEach tee fitting is CNC machined from 6061-T6 billet aluminum and finished with ColorFittings' proprietary polishing and anodizing process for maximum strength, corrosion resistance, and long-term durability. These fittings are designed to withstand high pressure and high temperature environments commonly found in racing, street performance, marine, and aviation applications.\n\nOur AN Flare Tee Fittings with 1/8"" NPT Port are manufactured to provide a perfect fit and seal when paired with ColorFittings AN fittings, which are specifically engineered for use with E85, ethanol-based fuels, and race fuels. When combined with our nylon or stainless steel braided hose, these tee fittings deliver reliable performance and clean routing for any high-performance plumbing system.\n\nFor best installation results, we strongly recommend using our AN Fitting Assembly Tools, which help prevent fitting damage and ensure proper hose and fitting alignment. Please reference our installation video and fitting guide for proper assembly techniques and torque recommendations.\n\nLooking to complete your system? Explore our full range of AN fittings, adapters, braided hose, and fitting assembly tools.",https://colorfittings.com/wp-content/uploads/2026/03/Flare-Tee-with-NPT-Port-Black.png,black,CF-FTA-08-008-018-BL,Adapters and Unions,True,"Target AN Size (-6, -8, -10)"
17.99,"-6AN Flare Tee w/ 1/8"" NPT Port","ColorFittings AN Flare Tee Fittings with 1/8"" NPT Port are precision-engineered to split your AN plumbing line into a T-configuration while simultaneously providing a 1/8"" NPT side port for connecting a pressure or temperature sensor, delivering a secure, leak-free solution for fuel, oil, coolant, transmission, and power steering plumbing systems.\n\nEach tee fitting is CNC machined from 6061-T6 billet aluminum and finished with ColorFittings' proprietary polishing and anodizing process for maximum strength, corrosion resistance, and long-term durability. These fittings are designed to withstand high pressure and high temperature environments commonly found in racing, street performance, marine, and aviation applications.\n\nOur AN Flare Tee Fittings with 1/8"" NPT Port are manufactured to provide a perfect fit and seal when paired with ColorFittings AN fittings, which are specifically engineered for use with E85, ethanol-based fuels, and race fuels. When combined with our nylon or stainless steel braided hose, these tee fittings deliver reliable performance and clean routing for any high-performance plumbing system.\n\nFor best installation results, we strongly recommend using our AN Fitting Assembly Tools, which help prevent fitting damage and ensure proper hose and fitting alignment. Please reference our installation video and fitting guide for proper assembly techniques and torque recommendations.\n\nLooking to complete your system? Explore our full range of AN fittings, adapters, braided hose, and fitting assembly tools.",https://colorfittings.com/wp-content/uploads/2026/03/Flare-Tee-with-NPT-Port-Black.png,black,CF-FTA-06-006-018-BL,Adapters and Unions,True,"Target AN Size (-6, -8, -10)"
15.99,-10AN to -12AN Female to Female Straight Swivel Coupler,"ColorFittings AN Female to Female Straight Swivel Coupler Fittings are precision-engineered to connect two female AN lines inline, featuring a 360° swivel design for effortless installation and flexible routing in tight spaces, providing a secure, leak-free solution for fuel, oil, coolant, transmission, and power steering plumbing systems.\n\nEach coupler is CNC machined from 6061-T6 billet aluminum and finished with ColorFittings' proprietary polishing and anodizing process for maximum strength, corrosion resistance, and long-term durability. These fittings are designed to withstand high pressure and high temperature environments commonly found in racing, street performance, marine, and aviation applications.\n\nOur AN Female to Female Straight Swivel Coupler Fittings are manufactured to provide a perfect fit and seal when paired with ColorFittings AN fittings, which are specifically engineered for use with E85, ethanol-based fuels, and race fuels. When combined with our nylon or stainless steel braided hose, these couplers deliver reliable performance and clean routing for any high-performance plumbing system.\n\nFor best installation results, we strongly recommend using our AN Fitting Assembly Tools, which help prevent fitting damage and ensure proper hose and fitting alignment. Please reference our installation video and fitting guide for proper assembly techniques and torque recommendations.\n\nLooking to complete your system? Explore our full range of AN fittings, adapters, braided hose, and fitting assembly tools.",https://colorfittings.com/wp-content/uploads/2026/03/Female-to-Female-Coupler-Black.png,black,CF-FFC-10-012-000-BL,Adapters and Unions,True,"Target AN Size (-6, -8, -10)"
14.99,-10AN to -10AN Female to Female Straight Swivel Coupler,"ColorFittings AN Female to Female Straight Swivel Coupler Fittings are precision-engineered to connect two female AN lines inline, featuring a 360° swivel design for effortless installation and flexible routing in tight spaces, providing a secure, leak-free solution for fuel, oil, coolant, transmission, and power steering plumbing systems.\n\nEach coupler is CNC machined from 6061-T6 billet aluminum and finished with ColorFittings' proprietary polishing and anodizing process for maximum strength, corrosion resistance, and long-term durability. These fittings are designed to withstand high pressure and high temperature environments commonly found in racing, street performance, marine, and aviation applications.\n\nOur AN Female to Female Straight Swivel Coupler Fittings are manufactured to provide a perfect fit and seal when paired with ColorFittings AN fittings, which are specifically engineered for use with E85, ethanol-based fuels, and race fuels. When combined with our nylon or stainless steel braided hose, these couplers deliver reliable performance and clean routing for any high-performance plumbing system.\n\nFor best installation results, we strongly recommend using our AN Fitting Assembly Tools, which help prevent fitting damage and ensure proper hose and fitting alignment. Please reference our installation video and fitting guide for proper assembly techniques and torque recommendations.\n\nLooking to complete your system? Explore our full range of AN fittings, adapters, braided hose, and fitting assembly tools.",https://colorfittings.com/wp-content/uploads/2026/03/Female-to-Female-Coupler-Black.png,purple,CF-FFC-10-010-000-PU,Adapters and Unions,True,"Target AN Size (-6, -8, -10)"
12.99,-8AN to -10AN Female to Female Straight Swivel Coupler,"ColorFittings AN Female to Female Straight Swivel Coupler Fittings are precision-engineered to connect two female AN lines inline, featuring a 360° swivel design for effortless installation and flexible routing in tight spaces, providing a secure, leak-free solution for fuel, oil, coolant, transmission, and power steering plumbing systems.\n\nEach coupler is CNC machined from 6061-T6 billet aluminum and finished with ColorFittings' proprietary polishing and anodizing process for maximum strength, corrosion resistance, and long-term durability. These fittings are designed to withstand high pressure and high temperature environments commonly found in racing, street performance, marine, and aviation applications.\n\nOur AN Female to Female Straight Swivel Coupler Fittings are manufactured to provide a perfect fit and seal when paired with ColorFittings AN fittings, which are specifically engineered for use with E85, ethanol-based fuels, and race fuels. When combined with our nylon or stainless steel braided hose, these couplers deliver reliable performance and clean routing for any high-performance plumbing system.\n\nFor best installation results, we strongly recommend using our AN Fitting Assembly Tools, which help prevent fitting damage and ensure proper hose and fitting alignment. Please reference our installation video and fitting guide for proper assembly techniques and torque recommendations.\n\nLooking to complete your system? Explore our full range of AN fittings, adapters, braided hose, and fitting assembly tools.",https://colorfittings.com/wp-content/uploads/2026/03/Female-to-Female-Coupler-Black.png,black,CF-FFC-08-010-000-BL,Adapters and Unions,True,"Target AN Size (-6, -8, -10)"
11.99,-6AN to -8AN Female to Female Straight Swivel Coupler,"ColorFittings AN Female to Female Straight Swivel Coupler Fittings are precision-engineered to connect two female AN lines inline, featuring a 360° swivel design for effortless installation and flexible routing in tight spaces, providing a secure, leak-free solution for fuel, oil, coolant, transmission, and power steering plumbing systems.\n\nEach coupler is CNC machined from 6061-T6 billet aluminum and finished with ColorFittings' proprietary polishing and anodizing process for maximum strength, corrosion resistance, and long-term durability. These fittings are designed to withstand high pressure and high temperature environments commonly found in racing, street performance, marine, and aviation applications.\n\nOur AN Female to Female Straight Swivel Coupler Fittings are manufactured to provide a perfect fit and seal when paired with ColorFittings AN fittings, which are specifically engineered for use with E85, ethanol-based fuels, and race fuels. When combined with our nylon or stainless steel braided hose, these couplers deliver reliable performance and clean routing for any high-performance plumbing system.\n\nFor best installation results, we strongly recommend using our AN Fitting Assembly Tools, which help prevent fitting damage and ensure proper hose and fitting alignment. Please reference our installation video and fitting guide for proper assembly techniques and torque recommendations.\n\nLooking to complete your system? Explore our full range of AN fittings, adapters, braided hose, and fitting assembly tools.",https://colorfittings.com/wp-content/uploads/2026/03/Female-to-Female-Coupler-Black.png,black,CF-FFC-06-008-000-BL,Adapters and Unions,True,"Target AN Size (-6, -8, -10)"
46.99,-16 AN 120 Degree Female Aluminum Hose End Fitting,"ColorFittings Standard AN Hose Ends are precision-engineered for high-pressure fuel, oil, coolant, brake, clutch, and power steering applications. Designed for use with nylon or stainless steel braided hose, these AN fittings provide a secure, leak-free 37-degree flare seal for street performance, racing, marine, and motorsport plumbing systems.\n\nEach hose end is CNC-machined from aerospace-grade 6061-T6 billet aluminum and finished with ColorFittings' proprietary polishing and anodizing process for superior strength, corrosion resistance, and long-term durability. Compatible with E85, ethanol, race fuel, pump gas, oil, coolant, brake fluid, transmission fluid, and hydraulic systems, these fittings are built to handle high-pressure, high-temperature environments.\n\nLooking to complete your setup? Check out our full range of Standard Hose, Hose Separators, and AN Fitting Assembly Tools.",https://colorfittings.com/wp-content/uploads/2026/04/Purple-120-Degree-Female-Hose-End.png,purple,CF-FHE-16-120-000-PU,Hose Fittings,True,"Target AN Size (-6, -8, -10)"
12.49,16AN Push Lock Hose per foot,"ColorFittings 16AN Push-Lock Hose is a premium, race-proven fuel and oil hose designed for performance automotive, marine, and aviation applications. Sold by the foot, this push-lock AN hose is compatible with water, motor oil, E85, and race fuel — making it the go-to choice for builders who need a reliable, leak-free plumbing solution.\n\nPush-lock hose is the fastest way to build an AN plumbing system — no assembly tools, no crimping, no hassle. Simply push the hose onto any of our Push-Loc Fittings for a secure, professional connection every time. Whether you're routing fuel lines on a drag car, building an oil cooler system, or plumbing a track day build, our push-lock hose delivers performance you can count on.\n\nSpecifications — 16AN Push-Lock Hose:\n\n 	Max. Operating Pressure: 250 PSI\n 	Temperature Range: -40°C to 100°C (-40°F to 212°F)\n 	Compatible with: water, oil, E85, race fuel, coolant\n 	Sold by the foot — order the exact length you need\n\nCompatible With Our Full Push-Loc Lineup\nThis hose pairs directly with our full range of Push-Loc AN Fittings. Available in multiple anodized colors to match your build.\n\nFinish the look with our lightweight Hose Separators, available in a variety of gloss-finish colors.\n\nNew to AN fittings? Check out our complete AN Fitting Guide to find the right hose and fittings for your application.",https://colorfittings.com/wp-content/uploads/2026/03/push-loc-hose-1.png,black,CF-PLH-16-000-000-BL,Hose &amp; Line,True,"Target AN Size (-6, -8, -10)"
11.99,"-6AN Male to Female Gauge Adapter w/ 1/8"" NPT Port","ColorFittings AN Male to Female Gauge Adapter Fittings are precision-engineered to provide an inline 1/8"" NPT side port for connecting a pressure or temperature sensor directly into your plumbing line, providing a secure, leak-free solution for fuel, oil, coolant, transmission, and power steering plumbing systems.\n\nEach adapter is CNC machined from 6061-T6 billet aluminum and finished with ColorFittings' proprietary polishing and anodizing process for maximum strength, corrosion resistance, and long-term durability. These fittings are designed to withstand high pressure and high temperature environments commonly found in racing, street performance, marine, and aviation applications.\n\nOur AN Male to Female Gauge Adapter Fittings are manufactured to provide a perfect fit and seal when paired with ColorFittings AN fittings, which are specifically engineered for use with E85, ethanol-based fuels, and race fuels. When combined with our nylon or stainless steel braided hose, these adapters deliver reliable performance and clean routing for any high-performance plumbing system.\n\nFor best installation results, we strongly recommend using our AN Fitting Assembly Tools, which help prevent fitting damage and ensure proper hose and fitting alignment. Please reference our installation video and fitting guide for proper assembly techniques and torque recommendations.\n\nLooking to complete your system? Explore our full range of AN fittings, metric adapters, braided hose, and fitting assembly tools.",https://colorfittings.com/wp-content/uploads/2020/05/male-flare-to-female-flare-npt-port-black.png,black,CF-PGA-06-006-018-BL,Adapters and Unions,True,"Target AN Size (-6, -8, -10)"
14.99,"-10 AN Male to Male Gauge Adapter w/ 1/8"" NPT Port","ColorFittings AN Male to Male Gauge Adapter Fittings are precision-engineered to provide an inline 1/8"" NPT side port for connecting a pressure or temperature sensor directly into your plumbing line, providing a secure, leak-free solution for fuel, oil, coolant, transmission, and power steering plumbing systems.\n\nEach adapter is CNC machined from 6061-T6 billet aluminum and finished with ColorFittings' proprietary polishing and anodizing process for maximum strength, corrosion resistance, and long-term durability. These fittings are designed to withstand high pressure and high temperature environments commonly found in racing, street performance, marine, and aviation applications.\n\nOur AN Male to Male Gauge Adapter Fittings are manufactured to provide a perfect fit and seal when paired with ColorFittings AN fittings, which are specifically engineered for use with E85, ethanol-based fuels, and race fuels. When combined with our nylon or stainless steel braided hose, these adapters deliver reliable performance and clean routing for any high-performance plumbing system.\n\nFor best installation results, we strongly recommend using our AN Fitting Assembly Tools, which help prevent fitting damage and ensure proper hose and fitting alignment. Please reference our installation video and fitting guide for proper assembly techniques and torque recommendations.\n\nLooking to complete your system? Explore our full range of AN fittings, metric adapters, braided hose, and fitting assembly tools.",https://colorfittings.com/wp-content/uploads/2026/03/Male-to-Male-Gauge-Adapter-Black.png,black,CF-MGA-10-010-018-BL,Adapters and Unions,True,"Target AN Size (-6, -8, -10)"
12.99,"-8 AN Male to Male Gauge Adapter w/ 1/8"" NPT Port","ColorFittings AN Male to Male Gauge Adapter Fittings are precision-engineered to provide an inline 1/8"" NPT side port for connecting a pressure or temperature sensor directly into your plumbing line, providing a secure, leak-free solution for fuel, oil, coolant, transmission, and power steering plumbing systems.\n\nEach adapter is CNC machined from 6061-T6 billet aluminum and finished with ColorFittings' proprietary polishing and anodizing process for maximum strength, corrosion resistance, and long-term durability. These fittings are designed to withstand high pressure and high temperature environments commonly found in racing, street performance, marine, and aviation applications.\n\nOur AN Male to Male Gauge Adapter Fittings are manufactured to provide a perfect fit and seal when paired with ColorFittings AN fittings, which are specifically engineered for use with E85, ethanol-based fuels, and race fuels. When combined with our nylon or stainless steel braided hose, these adapters deliver reliable performance and clean routing for any high-performance plumbing system.\n\nFor best installation results, we strongly recommend using our AN Fitting Assembly Tools, which help prevent fitting damage and ensure proper hose and fitting alignment. Please reference our installation video and fitting guide for proper assembly techniques and torque recommendations.\n\nLooking to complete your system? Explore our full range of AN fittings, metric adapters, braided hose, and fitting assembly tools.",https://colorfittings.com/wp-content/uploads/2026/03/Male-to-Male-Gauge-Adapter-Black.png,black,CF-MGA-08-008-018-BL,Adapters and Unions,True,"Target AN Size (-6, -8, -10)"
11.99,"-6 AN Male to Male Gauge Adapter w/ 1/8"" NPT Port","ColorFittings AN Male to Male Gauge Adapter Fittings are precision-engineered to provide an inline 1/8"" NPT side port for connecting a pressure or temperature sensor directly into your plumbing line, providing a secure, leak-free solution for fuel, oil, coolant, transmission, and power steering plumbing systems.\n\nEach adapter is CNC machined from 6061-T6 billet aluminum and finished with ColorFittings' proprietary polishing and anodizing process for maximum strength, corrosion resistance, and long-term durability. These fittings are designed to withstand high pressure and high temperature environments commonly found in racing, street performance, marine, and aviation applications.\n\nOur AN Male to Male Gauge Adapter Fittings are manufactured to provide a perfect fit and seal when paired with ColorFittings AN fittings, which are specifically engineered for use with E85, ethanol-based fuels, and race fuels. When combined with our nylon or stainless steel braided hose, these adapters deliver reliable performance and clean routing for any high-performance plumbing system.\n\nFor best installation results, we strongly recommend using our AN Fitting Assembly Tools, which help prevent fitting damage and ensure proper hose and fitting alignment. Please reference our installation video and fitting guide for proper assembly techniques and torque recommendations.\n\nLooking to complete your system? Explore our full range of AN fittings, metric adapters, braided hose, and fitting assembly tools.",https://colorfittings.com/wp-content/uploads/2026/03/Male-to-Male-Gauge-Adapter-Black.png,black,CF-MGA-06-006-018-BL,Adapters and Unions,True,"Target AN Size (-6, -8, -10)"
14.99,-12 AN Male to -16 AN Male Reducer Union,"ColorFittings AN Male to AN Male Reducer Union Fittings are precision-engineered to connect and transition between different AN flare sizes, providing a secure, leak-free solution for fuel, oil, coolant, transmission, and power steering plumbing systems.\nEach adapter is CNC machined from 6061-T6 billet aluminum and finished with ColorFittings' proprietary polishing and anodizing process for maximum strength, corrosion resistance, and long-term durability. These fittings are designed to withstand high pressure and high temperature environments commonly found in racing, street performance, marine, and aviation applications.\nOur AN Male to AN Male Reducer Union Fittings are manufactured to provide a perfect fit and seal when paired with ColorFittings AN fittings, which are specifically engineered for use with E85, ethanol-based fuels, and race fuels. When combined with our nylon or stainless steel braided hose, these adapters deliver reliable performance and clean routing for any high-performance plumbing system.\nFor best installation results, we strongly recommend using our AN Fitting Assembly Tools, which help prevent fitting damage and ensure proper hose and fitting alignment. Please reference our installation video and fitting guide for proper assembly techniques and torque recommendations.\nLooking to complete your system? Explore our full range of AN fittings, metric adapters, braided hose, and fitting assembly tools.",https://colorfittings.com/wp-content/uploads/2026/03/Male-to-Male-Reducer-Union-Black.png,black,CF-M2M-12-016-000-BL,Adapters and Unions,True,"Target AN Size (-6, -8, -10)"
12.99,-10AN Male to -16AN Male Reducer Union,"ColorFittings AN Male to AN Male Reducer Union Fittings are precision-engineered to connect and transition between different AN flare sizes, providing a secure, leak-free solution for fuel, oil, coolant, transmission, and power steering plumbing systems.\nEach adapter is CNC machined from 6061-T6 billet aluminum and finished with ColorFittings' proprietary polishing and anodizing process for maximum strength, corrosion resistance, and long-term durability. These fittings are designed to withstand high pressure and high temperature environments commonly found in racing, street performance, marine, and aviation applications.\nOur AN Male to AN Male Reducer Union Fittings are manufactured to provide a perfect fit and seal when paired with ColorFittings AN fittings, which are specifically engineered for use with E85, ethanol-based fuels, and race fuels. When combined with our nylon or stainless steel braided hose, these adapters deliver reliable performance and clean routing for any high-performance plumbing system.\nFor best installation results, we strongly recommend using our AN Fitting Assembly Tools, which help prevent fitting damage and ensure proper hose and fitting alignment. Please reference our installation video and fitting guide for proper assembly techniques and torque recommendations.\nLooking to complete your system? Explore our full range of AN fittings, metric adapters, braided hose, and fitting assembly tools.",https://colorfittings.com/wp-content/uploads/2026/03/Male-to-Male-Reducer-Union-Black.png,black,CF-M2M-10-016-000-BL,Adapters and Unions,True,"Target AN Size (-6, -8, -10)"
9.99,-10AN Male to -12AN Male Reducer Union,"ColorFittings AN Male to AN Male Reducer Union Fittings are precision-engineered to connect and transition between different AN flare sizes, providing a secure, leak-free solution for fuel, oil, coolant, transmission, and power steering plumbing systems.\nEach adapter is CNC machined from 6061-T6 billet aluminum and finished with ColorFittings' proprietary polishing and anodizing process for maximum strength, corrosion resistance, and long-term durability. These fittings are designed to withstand high pressure and high temperature environments commonly found in racing, street performance, marine, and aviation applications.\nOur AN Male to AN Male Reducer Union Fittings are manufactured to provide a perfect fit and seal when paired with ColorFittings AN fittings, which are specifically engineered for use with E85, ethanol-based fuels, and race fuels. When combined with our nylon or stainless steel braided hose, these adapters deliver reliable performance and clean routing for any high-performance plumbing system.\nFor best installation results, we strongly recommend using our AN Fitting Assembly Tools, which help prevent fitting damage and ensure proper hose and fitting alignment. Please reference our installation video and fitting guide for proper assembly techniques and torque recommendations.\nLooking to complete your system? Explore our full range of AN fittings, metric adapters, braided hose, and fitting assembly tools.",https://colorfittings.com/wp-content/uploads/2026/03/Male-to-Male-Reducer-Union-Black.png,black,CF-M2M-10-012-000-BL,Adapters and Unions,True,"Target AN Size (-6, -8, -10)"
9.99,-6AN Male to -12AN Male Reducer Union,"ColorFittings AN Male to AN Male Reducer Union Fittings are precision-engineered to connect and transition between different AN flare sizes, providing a secure, leak-free solution for fuel, oil, coolant, transmission, and power steering plumbing systems.\nEach adapter is CNC machined from 6061-T6 billet aluminum and finished with ColorFittings' proprietary polishing and anodizing process for maximum strength, corrosion resistance, and long-term durability. These fittings are designed to withstand high pressure and high temperature environments commonly found in racing, street performance, marine, and aviation applications.\nOur AN Male to AN Male Reducer Union Fittings are manufactured to provide a perfect fit and seal when paired with ColorFittings AN fittings, which are specifically engineered for use with E85, ethanol-based fuels, and race fuels. When combined with our nylon or stainless steel braided hose, these adapters deliver reliable performance and clean routing for any high-performance plumbing system.\nFor best installation results, we strongly recommend using our AN Fitting Assembly Tools, which help prevent fitting damage and ensure proper hose and fitting alignment. Please reference our installation video and fitting guide for proper assembly techniques and torque recommendations.\nLooking to complete your system? Explore our full range of AN fittings, metric adapters, braided hose, and fitting assembly tools.",https://colorfittings.com/wp-content/uploads/2026/03/Male-to-Male-Reducer-Union-Black.png,black,CF-M2M-06-012-000-BL,Adapters and Unions,True,"Target AN Size (-6, -8, -10)"
7.99,-6AN Male to -10AN Male Reducer Union,"ColorFittings AN Male to AN Male Reducer Union Fittings are precision-engineered to connect and transition between different AN flare sizes, providing a secure, leak-free solution for fuel, oil, coolant, transmission, and power steering plumbing systems.\nEach adapter is CNC machined from 6061-T6 billet aluminum and finished with ColorFittings' proprietary polishing and anodizing process for maximum strength, corrosion resistance, and long-term durability. These fittings are designed to withstand high pressure and high temperature environments commonly found in racing, street performance, marine, and aviation applications.\nOur AN Male to AN Male Reducer Union Fittings are manufactured to provide a perfect fit and seal when paired with ColorFittings AN fittings, which are specifically engineered for use with E85, ethanol-based fuels, and race fuels. When combined with our nylon or stainless steel braided hose, these adapters deliver reliable performance and clean routing for any high-performance plumbing system.\nFor best installation results, we strongly recommend using our AN Fitting Assembly Tools, which help prevent fitting damage and ensure proper hose and fitting alignment. Please reference our installation video and fitting guide for proper assembly techniques and torque recommendations.\nLooking to complete your system? Explore our full range of AN fittings, metric adapters, braided hose, and fitting assembly tools.",https://colorfittings.com/wp-content/uploads/2026/03/Male-to-Male-Reducer-Union-Black.png,black,CF-M2M-06-010-000-BL,Adapters and Unions,True,"Target AN Size (-6, -8, -10)"
7.99,-6AN Male to -8AN Male Reducer Union,"ColorFittings AN Male to AN Male Reducer Union Fittings are precision-engineered to connect and transition between different AN flare sizes, providing a secure, leak-free solution for fuel, oil, coolant, transmission, and power steering plumbing systems.\nEach adapter is CNC machined from 6061-T6 billet aluminum and finished with ColorFittings' proprietary polishing and anodizing process for maximum strength, corrosion resistance, and long-term durability. These fittings are designed to withstand high pressure and high temperature environments commonly found in racing, street performance, marine, and aviation applications.\nOur AN Male to AN Male Reducer Union Fittings are manufactured to provide a perfect fit and seal when paired with ColorFittings AN fittings, which are specifically engineered for use with E85, ethanol-based fuels, and race fuels. When combined with our nylon or stainless steel braided hose, these adapters deliver reliable performance and clean routing for any high-performance plumbing system.\nFor best installation results, we strongly recommend using our AN Fitting Assembly Tools, which help prevent fitting damage and ensure proper hose and fitting alignment. Please reference our installation video and fitting guide for proper assembly techniques and torque recommendations.\nLooking to complete your system? Explore our full range of AN fittings, metric adapters, braided hose, and fitting assembly tools.",https://colorfittings.com/wp-content/uploads/2026/03/Male-to-Male-Reducer-Union-Black.png,black,CF-M2M-06-008-000-BL,Adapters and Unions,True,"Target AN Size (-6, -8, -10)"
7.99,-4AN Male to -8AN Male Reducer Union,"ColorFittings AN Male to AN Male Reducer Union Fittings are precision-engineered to connect and transition between different AN flare sizes, providing a secure, leak-free solution for fuel, oil, coolant, transmission, and power steering plumbing systems.\nEach adapter is CNC machined from 6061-T6 billet aluminum and finished with ColorFittings' proprietary polishing and anodizing process for maximum strength, corrosion resistance, and long-term durability. These fittings are designed to withstand high pressure and high temperature environments commonly found in racing, street performance, marine, and aviation applications.\nOur AN Male to AN Male Reducer Union Fittings are manufactured to provide a perfect fit and seal when paired with ColorFittings AN fittings, which are specifically engineered for use with E85, ethanol-based fuels, and race fuels. When combined with our nylon or stainless steel braided hose, these adapters deliver reliable performance and clean routing for any high-performance plumbing system.\nFor best installation results, we strongly recommend using our AN Fitting Assembly Tools, which help prevent fitting damage and ensure proper hose and fitting alignment. Please reference our installation video and fitting guide for proper assembly techniques and torque recommendations.\nLooking to complete your system? Explore our full range of AN fittings, metric adapters, braided hose, and fitting assembly tools.",https://colorfittings.com/wp-content/uploads/2026/03/Male-to-Male-Reducer-Union-Black.png,black,CF-M2M-04-008-000-BL,Adapters and Unions,True,"Target AN Size (-6, -8, -10)"
6.99,-3AN Male to -6AN Male Reducer Union,"ColorFittings AN Male to AN Male Reducer Union Fittings are precision-engineered to connect and transition between different AN flare sizes, providing a secure, leak-free solution for fuel, oil, coolant, transmission, and power steering plumbing systems.\nEach adapter is CNC machined from 6061-T6 billet aluminum and finished with ColorFittings' proprietary polishing and anodizing process for maximum strength, corrosion resistance, and long-term durability. These fittings are designed to withstand high pressure and high temperature environments commonly found in racing, street performance, marine, and aviation applications.\nOur AN Male to AN Male Reducer Union Fittings are manufactured to provide a perfect fit and seal when paired with ColorFittings AN fittings, which are specifically engineered for use with E85, ethanol-based fuels, and race fuels. When combined with our nylon or stainless steel braided hose, these adapters deliver reliable performance and clean routing for any high-performance plumbing system.\nFor best installation results, we strongly recommend using our AN Fitting Assembly Tools, which help prevent fitting damage and ensure proper hose and fitting alignment. Please reference our installation video and fitting guide for proper assembly techniques and torque recommendations.\nLooking to complete your system? Explore our full range of AN fittings, metric adapters, braided hose, and fitting assembly tools.",https://colorfittings.com/wp-content/uploads/2026/03/Male-to-Male-Reducer-Union-Black.png,black,CF-M2M-03-006-000-BL,Adapters and Unions,True,"Target AN Size (-6, -8, -10)"
12.99,-8 AN to 5/8-18 Inverted Flare Adapter,"ColorFittings Inverted Flare Adapters are precision-engineered to connect AN flare fittings to inverted flare ports, providing a secure, leak-free solution for brake, fuel, oil, and power steering plumbing systems.\nEach adapter is CNC machined from 6061-T6 billet aluminum and finished with ColorFittings' proprietary polishing and anodizing process for maximum strength, corrosion resistance, and long-term durability. Designed to withstand high pressure and high temperature environments in racing, street performance, marine, and aviation applications.\nOur Inverted Flare Adapters are engineered for a perfect fit and seal when paired with ColorFittings AN fittings, which are specifically designed for use with E85, ethanol-based fuels, and race fuels. Combine with our nylon or stainless steel braided hose for clean, reliable routing in any high-performance plumbing system.\nFor best installation results, use our AN Fitting Assembly Tools to prevent fitting damage and ensure proper alignment. Reference our installation video and fitting guide for torque recommendations.\nExplore our full range of AN fittings, braided hose, and fitting assembly tools.",https://colorfittings.com/wp-content/uploads/2026/07/Inverted-Flare-Adapter-Black.png,black,CF-IFA-08-058-018-BL,Adapters and Unions,True,"Target AN Size (-6, -8, -10)"
12.99,-8 AN to M18x1.5mm Inverted Flare Adapter (w/ O-Ring),"ColorFittings Inverted Flare Adapters are precision-engineered to connect AN flare fittings to inverted flare ports, providing a secure, leak-free solution for brake, fuel, oil, and power steering plumbing systems.\nEach adapter is CNC machined from 6061-T6 billet aluminum and finished with ColorFittings' proprietary polishing and anodizing process for maximum strength, corrosion resistance, and long-term durability. Designed to withstand high pressure and high temperature environments in racing, street performance, marine, and aviation applications.\nOur Inverted Flare Adapters are engineered for a perfect fit and seal when paired with ColorFittings AN fittings, which are specifically designed for use with E85, ethanol-based fuels, and race fuels. Combine with our nylon or stainless steel braided hose for clean, reliable routing in any high-performance plumbing system.\nFor best installation results, use our AN Fitting Assembly Tools to prevent fitting damage and ensure proper alignment. Reference our installation video and fitting guide for torque recommendations.\nExplore our full range of AN fittings, braided hose, and fitting assembly tools.",https://colorfittings.com/wp-content/uploads/2026/07/Inverted-Flare-Adapter-O-Ring-Black.png,black,CF-IFA-08-018-015-BL,Adapters and Unions,True,"Target AN Size (-6, -8, -10)"
12.99,-8 AN to M16x1.5mm Inverted Flare Adapter (w/ O-Ring),"ColorFittings Inverted Flare Adapters are precision-engineered to connect AN flare fittings to inverted flare ports, providing a secure, leak-free solution for brake, fuel, oil, and power steering plumbing systems.\nEach adapter is CNC machined from 6061-T6 billet aluminum and finished with ColorFittings' proprietary polishing and anodizing process for maximum strength, corrosion resistance, and long-term durability. Designed to withstand high pressure and high temperature environments in racing, street performance, marine, and aviation applications.\nOur Inverted Flare Adapters are engineered for a perfect fit and seal when paired with ColorFittings AN fittings, which are specifically designed for use with E85, ethanol-based fuels, and race fuels. Combine with our nylon or stainless steel braided hose for clean, reliable routing in any high-performance plumbing system.\nFor best installation results, use our AN Fitting Assembly Tools to prevent fitting damage and ensure proper alignment. Reference our installation video and fitting guide for torque recommendations.\nExplore our full range of AN fittings, braided hose, and fitting assembly tools.",https://colorfittings.com/wp-content/uploads/2026/07/Inverted-Flare-Adapter-O-Ring-Black.png,black,CF-IFA-08-016-015-BL,Adapters and Unions,True,"Target AN Size (-6, -8, -10)"
12.99,-8 AN to M14x1.5mm Inverted Flare Adapter (w/ O-Ring),"ColorFittings Inverted Flare Adapters are precision-engineered to connect AN flare fittings to inverted flare ports, providing a secure, leak-free solution for brake, fuel, oil, and power steering plumbing systems.\nEach adapter is CNC machined from 6061-T6 billet aluminum and finished with ColorFittings' proprietary polishing and anodizing process for maximum strength, corrosion resistance, and long-term durability. Designed to withstand high pressure and high temperature environments in racing, street performance, marine, and aviation applications.\nOur Inverted Flare Adapters are engineered for a perfect fit and seal when paired with ColorFittings AN fittings, which are specifically designed for use with E85, ethanol-based fuels, and race fuels. Combine with our nylon or stainless steel braided hose for clean, reliable routing in any high-performance plumbing system.\nFor best installation results, use our AN Fitting Assembly Tools to prevent fitting damage and ensure proper alignment. Reference our installation video and fitting guide for torque recommendations.\nExplore our full range of AN fittings, braided hose, and fitting assembly tools.",https://colorfittings.com/wp-content/uploads/2026/07/Inverted-Flare-Adapter-O-Ring-Black.png,black,CF-IFA-08-014-015-BL,Adapters and Unions,True,"Target AN Size (-6, -8, -10)"
12.99,-8 AN to 1/2-20 Inverted Flare Adapter,"ColorFittings Inverted Flare Adapters are precision-engineered to connect AN flare fittings to inverted flare ports, providing a secure, leak-free solution for brake, fuel, oil, and power steering plumbing systems.\nEach adapter is CNC machined from 6061-T6 billet aluminum and finished with ColorFittings' proprietary polishing and anodizing process for maximum strength, corrosion resistance, and long-term durability. Designed to withstand high pressure and high temperature environments in racing, street performance, marine, and aviation applications.\nOur Inverted Flare Adapters are engineered for a perfect fit and seal when paired with ColorFittings AN fittings, which are specifically designed for use with E85, ethanol-based fuels, and race fuels. Combine with our nylon or stainless steel braided hose for clean, reliable routing in any high-performance plumbing system.\nFor best installation results, use our AN Fitting Assembly Tools to prevent fitting damage and ensure proper alignment. Reference our installation video and fitting guide for torque recommendations.\nExplore our full range of AN fittings, braided hose, and fitting assembly tools.",https://colorfittings.com/wp-content/uploads/2026/07/Inverted-Flare-Adapter-Black.png,black,CF-IFA-08-012-020-BL,Adapters and Unions,True,"Target AN Size (-6, -8, -10)"
12.99,-6 AN to 7/16-24 Inverted Flare Adapter,"ColorFittings Inverted Flare Adapters are precision-engineered to connect AN flare fittings to inverted flare ports, providing a secure, leak-free solution for brake, fuel, oil, and power steering plumbing systems.\nEach adapter is CNC machined from 6061-T6 billet aluminum and finished with ColorFittings' proprietary polishing and anodizing process for maximum strength, corrosion resistance, and long-term durability. Designed to withstand high pressure and high temperature environments in racing, street performance, marine, and aviation applications.\nOur Inverted Flare Adapters are engineered for a perfect fit and seal when paired with ColorFittings AN fittings, which are specifically designed for use with E85, ethanol-based fuels, and race fuels. Combine with our nylon or stainless steel braided hose for clean, reliable routing in any high-performance plumbing system.\nFor best installation results, use our AN Fitting Assembly Tools to prevent fitting damage and ensure proper alignment. Reference our installation video and fitting guide for torque recommendations.\nExplore our full range of AN fittings, braided hose, and fitting assembly tools.",https://colorfittings.com/wp-content/uploads/2026/07/Inverted-Flare-Adapter-Black.png,black,CF-IFA-06-716-024-BL,Adapters and Unions,True,"Target AN Size (-6, -8, -10)"
10.99,-6 AN to 11/16-18 Inverted Flare Adapter,"ColorFittings Inverted Flare Adapters are precision-engineered to connect AN flare fittings to inverted flare ports, providing a secure, leak-free solution for brake, fuel, oil, and power steering plumbing systems.\nEach adapter is CNC machined from 6061-T6 billet aluminum and finished with ColorFittings' proprietary polishing and anodizing process for maximum strength, corrosion resistance, and long-term durability. Designed to withstand high pressure and high temperature environments in racing, street performance, marine, and aviation applications.\nOur Inverted Flare Adapters are engineered for a perfect fit and seal when paired with ColorFittings AN fittings, which are specifically designed for use with E85, ethanol-based fuels, and race fuels. Combine with our nylon or stainless steel braided hose for clean, reliable routing in any high-performance plumbing system.\nFor best installation results, use our AN Fitting Assembly Tools to prevent fitting damage and ensure proper alignment. Reference our installation video and fitting guide for torque recommendations.\nExplore our full range of AN fittings, braided hose, and fitting assembly tools.",https://colorfittings.com/wp-content/uploads/2026/07/Inverted-Flare-Adapter-Black.png,black,CF-IFA-06-116-018-BL,Adapters and Unions,True,"Target AN Size (-6, -8, -10)"
10.99,-6 AN to 5/8-18 Inverted Flare Adapter,"ColorFittings Inverted Flare Adapters are precision-engineered to connect AN flare fittings to inverted flare ports, providing a secure, leak-free solution for brake, fuel, oil, and power steering plumbing systems.\nEach adapter is CNC machined from 6061-T6 billet aluminum and finished with ColorFittings' proprietary polishing and anodizing process for maximum strength, corrosion resistance, and long-term durability. Designed to withstand high pressure and high temperature environments in racing, street performance, marine, and aviation applications.\nOur Inverted Flare Adapters are engineered for a perfect fit and seal when paired with ColorFittings AN fittings, which are specifically designed for use with E85, ethanol-based fuels, and race fuels. Combine with our nylon or stainless steel braided hose for clean, reliable routing in any high-performance plumbing system.\nFor best installation results, use our AN Fitting Assembly Tools to prevent fitting damage and ensure proper alignment. Reference our installation video and fitting guide for torque recommendations.\nExplore our full range of AN fittings, braided hose, and fitting assembly tools.",https://colorfittings.com/wp-content/uploads/2026/07/Inverted-Flare-Adapter-Black.png,black,CF-IFA-06-058-018-BL,Adapters and Unions,True,"Target AN Size (-6, -8, -10)"
10.99,-6 AN to M18x1.5mm Inverted Flare Adapter (w/ O-Ring),"ColorFittings Inverted Flare Adapters are precision-engineered to connect AN flare fittings to inverted flare ports, providing a secure, leak-free solution for brake, fuel, oil, and power steering plumbing systems.\nEach adapter is CNC machined from 6061-T6 billet aluminum and finished with ColorFittings' proprietary polishing and anodizing process for maximum strength, corrosion resistance, and long-term durability. Designed to withstand high pressure and high temperature environments in racing, street performance, marine, and aviation applications.\nOur Inverted Flare Adapters are engineered for a perfect fit and seal when paired with ColorFittings AN fittings, which are specifically designed for use with E85, ethanol-based fuels, and race fuels. Combine with our nylon or stainless steel braided hose for clean, reliable routing in any high-performance plumbing system.\nFor best installation results, use our AN Fitting Assembly Tools to prevent fitting damage and ensure proper alignment. Reference our installation video and fitting guide for torque recommendations.\nExplore our full range of AN fittings, braided hose, and fitting assembly tools.",https://colorfittings.com/wp-content/uploads/2026/07/Inverted-Flare-Adapter-O-Ring-Black.png,black,CF-IFA-06-018-015-BL,Adapters and Unions,True,"Target AN Size (-6, -8, -10)"
10.99,-6 AN to M17x1.5mm Inverted Flare Adapter (w/ O-Ring),"ColorFittings Inverted Flare Adapters are precision-engineered to connect AN flare fittings to inverted flare ports, providing a secure, leak-free solution for brake, fuel, oil, and power steering plumbing systems.\nEach adapter is CNC machined from 6061-T6 billet aluminum and finished with ColorFittings' proprietary polishing and anodizing process for maximum strength, corrosion resistance, and long-term durability. Designed to withstand high pressure and high temperature environments in racing, street performance, marine, and aviation applications.\nOur Inverted Flare Adapters are engineered for a perfect fit and seal when paired with ColorFittings AN fittings, which are specifically designed for use with E85, ethanol-based fuels, and race fuels. Combine with our nylon or stainless steel braided hose for clean, reliable routing in any high-performance plumbing system.\nFor best installation results, use our AN Fitting Assembly Tools to prevent fitting damage and ensure proper alignment. Reference our installation video and fitting guide for torque recommendations.\nExplore our full range of AN fittings, braided hose, and fitting assembly tools.",https://colorfittings.com/wp-content/uploads/2026/07/Inverted-Flare-Adapter-O-Ring-Black.png,black,CF-IFA-06-017-015-BL,Adapters and Unions,True,"Target AN Size (-6, -8, -10)"
10.99,-6 AN to M16x1.5mm Inverted Flare Adapter (w/ O-Ring),"ColorFittings Inverted Flare Adapters are precision-engineered to connect AN flare fittings to inverted flare ports, providing a secure, leak-free solution for brake, fuel, oil, and power steering plumbing systems.\nEach adapter is CNC machined from 6061-T6 billet aluminum and finished with ColorFittings' proprietary polishing and anodizing process for maximum strength, corrosion resistance, and long-term durability. Designed to withstand high pressure and high temperature environments in racing, street performance, marine, and aviation applications.\nOur Inverted Flare Adapters are engineered for a perfect fit and seal when paired with ColorFittings AN fittings, which are specifically designed for use with E85, ethanol-based fuels, and race fuels. Combine with our nylon or stainless steel braided hose for clean, reliable routing in any high-performance plumbing system.\nFor best installation results, use our AN Fitting Assembly Tools to prevent fitting damage and ensure proper alignment. Reference our installation video and fitting guide for torque recommendations.\nExplore our full range of AN fittings, braided hose, and fitting assembly tools.",https://colorfittings.com/wp-content/uploads/2026/07/Inverted-Flare-Adapter-O-Ring-Black.png,black,CF-IFA-06-016-015-BL,Adapters and Unions,True,"Target AN Size (-6, -8, -10)"
10.99,-6 AN to M14x1.5mm Inverted Flare Adapter (w/ O-Ring),"ColorFittings Inverted Flare Adapters are precision-engineered to connect AN flare fittings to inverted flare ports, providing a secure, leak-free solution for brake, fuel, oil, and power steering plumbing systems.\nEach adapter is CNC machined from 6061-T6 billet aluminum and finished with ColorFittings' proprietary polishing and anodizing process for maximum strength, corrosion resistance, and long-term durability. Designed to withstand high pressure and high temperature environments in racing, street performance, marine, and aviation applications.\nOur Inverted Flare Adapters are engineered for a perfect fit and seal when paired with ColorFittings AN fittings, which are specifically designed for use with E85, ethanol-based fuels, and race fuels. Combine with our nylon or stainless steel braided hose for clean, reliable routing in any high-performance plumbing system.\nFor best installation results, use our AN Fitting Assembly Tools to prevent fitting damage and ensure proper alignment. Reference our installation video and fitting guide for torque recommendations.\nExplore our full range of AN fittings, braided hose, and fitting assembly tools.",https://colorfittings.com/wp-content/uploads/2026/07/Inverted-Flare-Adapter-O-Ring-Black.png,black,CF-IFA-06-014-015-BL,Adapters and Unions,True,"Target AN Size (-6, -8, -10)"
10.99,-6 AN to 1/2-20 Inverted Flare Adapter,"ColorFittings Inverted Flare Adapters are precision-engineered to connect AN flare fittings to inverted flare ports, providing a secure, leak-free solution for brake, fuel, oil, and power steering plumbing systems.\nEach adapter is CNC machined from 6061-T6 billet aluminum and finished with ColorFittings' proprietary polishing and anodizing process for maximum strength, corrosion resistance, and long-term durability. Designed to withstand high pressure and high temperature environments in racing, street performance, marine, and aviation applications.\nOur Inverted Flare Adapters are engineered for a perfect fit and seal when paired with ColorFittings AN fittings, which are specifically designed for use with E85, ethanol-based fuels, and race fuels. Combine with our nylon or stainless steel braided hose for clean, reliable routing in any high-performance plumbing system.\nFor best installation results, use our AN Fitting Assembly Tools to prevent fitting damage and ensure proper alignment. Reference our installation video and fitting guide for torque recommendations.\nExplore our full range of AN fittings, braided hose, and fitting assembly tools.",https://colorfittings.com/wp-content/uploads/2026/07/Inverted-Flare-Adapter-Black.png,black,CF-IFA-06-012-020-BL,Adapters and Unions,True,"Target AN Size (-6, -8, -10)"
46.99,-16 AN 60 Degree Female Aluminum Hose End Fitting,"ColorFittings Standard AN Hose Ends are precision-engineered for high-pressure fuel, oil, coolant, brake, clutch, and power steering applications. Designed for use with nylon or stainless steel braided hose, these AN fittings provide a secure, leak-free 37-degree flare seal for street performance, racing, marine, and motorsport plumbing systems.\n\nEach hose end is CNC-machined from aerospace-grade 6061-T6 billet aluminum and finished with ColorFittings' proprietary polishing and anodizing process for superior strength, corrosion resistance, and long-term durability. Compatible with E85, ethanol, race fuel, pump gas, oil, coolant, brake fluid, transmission fluid, and hydraulic systems, these fittings are built to handle high-pressure, high-temperature environments.\n\nLooking to complete your setup? Check out our full range of Standard Hose, Hose Separators, and AN Fitting Assembly Tools.",https://colorfittings.com/wp-content/uploads/2025/08/Black-60-Degree-Female-Hose-End.png,black,CF-FHE-16-060-000-BL,Hose Fittings,True,"Target AN Size (-6, -8, -10)"
11.99,-16AN Flare Blockoff Plug,"ColorFittings AN Flare Block Off Plugs are precision CNC-machined to securely seal unused AN ports in fuel, oil, coolant, brake, and power steering systems. Designed with a true 37-degree AN flare seat, these plugs provide a tight, leak-free seal for high-pressure and high-temperature applications.\nManufactured from aerospace-grade 6061-T6 billet aluminum and finished with ColorFittings’ proprietary polishing and anodizing process, these AN block off plugs offer superior strength, corrosion resistance, and long-term durability. Ideal for E85, ethanol-based fuels, race fuel, pump gas, oil, coolant, and air systems in street performance, racing, off-road, and marine environments.\nPerfect for capping unused lines, ports, and distribution blocks, these fittings ensure clean, safe, and professional plumbing setups.",https://colorfittings.com/wp-content/uploads/2026/03/Flare-Blockoff-Plug-Black-Top-2.png,black,CF-FBP-16-000-000-BL,"Caps, Plugs, and Blockoffs",True,"Target AN Size (-6, -8, -10)"
6.99,-10AN Flare Blockoff Plug,"ColorFittings AN Flare Block Off Plugs are precision CNC-machined to securely seal unused AN ports in fuel, oil, coolant, brake, and power steering systems. Designed with a true 37-degree AN flare seat, these plugs provide a tight, leak-free seal for high-pressure and high-temperature applications.\nManufactured from aerospace-grade 6061-T6 billet aluminum and finished with ColorFittings's proprietary polishing and anodizing process, these AN block off plugs offer superior strength, corrosion resistance, and long-term durability. Ideal for E85, ethanol-based fuels, race fuel, pump gas, oil, coolant, and air systems in street performance, racing, off-road, and marine environments.\nPerfect for capping unused lines, ports, and distribution blocks, these fittings ensure clean, safe, and professional plumbing setups.",https://colorfittings.com/wp-content/uploads/2026/03/Flare-Blockoff-Plug-Black-Top-6.png,black,CF-FBP-10-000-000-BL,"Caps, Plugs, and Blockoffs",True,"Target AN Size (-6, -8, -10)"
5.99,-8AN Flare Blockoff Plug,"ColorFittings AN Flare Block Off Plugs are precision CNC-machined to securely seal unused AN ports in fuel, oil, coolant, brake, and power steering systems. Designed with a true 37-degree AN flare seat, these plugs provide a tight, leak-free seal for high-pressure and high-temperature applications.\nManufactured from aerospace-grade 6061-T6 billet aluminum and finished with ColorFittings's proprietary polishing and anodizing process, these AN block off plugs offer superior strength, corrosion resistance, and long-term durability. Ideal for E85, ethanol-based fuels, race fuel, pump gas, oil, coolant, and air systems in street performance, racing, off-road, and marine environments.\nPerfect for capping unused lines, ports, and distribution blocks, these fittings ensure clean, safe, and professional plumbing setups.",https://colorfittings.com/wp-content/uploads/2026/03/Flare-Blockoff-Plug-Black-Top-8.png,black,CF-FBP-08-000-000-BL,"Caps, Plugs, and Blockoffs",True,"Target AN Size (-6, -8, -10)"
5.49,-6AN Flare Blockoff Plug,"ColorFittings AN Flare Block Off Plugs are precision CNC-machined to securely seal unused AN ports in fuel, oil, coolant, brake, and power steering systems. Designed with a true 37-degree AN flare seat, these plugs provide a tight, leak-free seal for high-pressure and high-temperature applications.\nManufactured from aerospace-grade 6061-T6 billet aluminum and finished with ColorFittings's proprietary polishing and anodizing process, these AN block off plugs offer superior strength, corrosion resistance, and long-term durability. Ideal for E85, ethanol-based fuels, race fuel, pump gas, oil, coolant, and air systems in street performance, racing, off-road, and marine environments.\nPerfect for capping unused lines, ports, and distribution blocks, these fittings ensure clean, safe, and professional plumbing setups.",https://colorfittings.com/wp-content/uploads/2026/03/Flare-Blockoff-Plug-Black-Top-10.png,black,CF-FBP-06-000-000-BL,"Caps, Plugs, and Blockoffs",True,"Target AN Size (-6, -8, -10)"
14.99,-8 AN to M20x1.5mm Metric Adapter,"ColorFittings AN to Metric Adapter and Union Fittings are precision-engineered to connect metric female ports to AN flare fittings, providing a secure, leak-free solution for fuel, oil, coolant, and power steering plumbing systems.\nEach adapter is CNC machined from 6061-T6 billet aluminum and finished with ColorFittings' proprietary polishing and anodizing process for maximum strength, corrosion resistance, and long-term durability. These fittings are designed to withstand high pressure and high temperature environments commonly found in racing, street performance, marine, and aviation applications.\nOur AN to Metric Adapters are manufactured to provide a perfect fit and seal when paired with ColorFittings AN fittings, which are specifically engineered for use with E85, ethanol-based fuels, and race fuels. When combined with our nylon or stainless steel braided hose, these adapters deliver reliable performance and clean routing for any high-performance plumbing system.\nLooking to complete your system? Explore our full range of AN fittings, metric adapters, braided hose, and fitting assembly tools.",https://colorfittings.com/wp-content/uploads/2026/04/Flare-To-Metric-Adapter-Black-69.png,black,CF-F2M-08-020-015-BL,Adapters and Unions,True,"Target AN Size (-6, -8, -10)"
14.99,-6 AN to M20x1.5mm Metric Adapter,"ColorFittings AN to Metric Adapter and Union Fittings are precision-engineered to connect metric female ports to AN flare fittings, providing a secure, leak-free solution for fuel, oil, coolant, and power steering plumbing systems.\nEach adapter is CNC machined from 6061-T6 billet aluminum and finished with ColorFittings' proprietary polishing and anodizing process for maximum strength, corrosion resistance, and long-term durability. These fittings are designed to withstand high pressure and high temperature environments commonly found in racing, street performance, marine, and aviation applications.\nOur AN to Metric Adapters are manufactured to provide a perfect fit and seal when paired with ColorFittings AN fittings, which are specifically engineered for use with E85, ethanol-based fuels, and race fuels. When combined with our nylon or stainless steel braided hose, these adapters deliver reliable performance and clean routing for any high-performance plumbing system.\nLooking to complete your system? Explore our full range of AN fittings, metric adapters, braided hose, and fitting assembly tools.",https://colorfittings.com/wp-content/uploads/2026/04/Flare-To-Metric-Adapter-Black-49.png,black,CF-F2M-06-020-015-BL,Adapters and Unions,True,"Target AN Size (-6, -8, -10)"
14.99,-6 AN to M18x1.5mm Metric Adapter,"ColorFittings AN to Metric Adapter and Union Fittings are precision-engineered to connect metric female ports to AN flare fittings, providing a secure, leak-free solution for fuel, oil, coolant, and power steering plumbing systems.\nEach adapter is CNC machined from 6061-T6 billet aluminum and finished with ColorFittings' proprietary polishing and anodizing process for maximum strength, corrosion resistance, and long-term durability. These fittings are designed to withstand high pressure and high temperature environments commonly found in racing, street performance, marine, and aviation applications.\nOur AN to Metric Adapters are manufactured to provide a perfect fit and seal when paired with ColorFittings AN fittings, which are specifically engineered for use with E85, ethanol-based fuels, and race fuels. When combined with our nylon or stainless steel braided hose, these adapters deliver reliable performance and clean routing for any high-performance plumbing system.\nLooking to complete your system? Explore our full range of AN fittings, metric adapters, braided hose, and fitting assembly tools.",https://colorfittings.com/wp-content/uploads/2026/04/Flare-To-Metric-Adapter-Black-47.png,black,CF-F2M-06-018-015-BL,Adapters and Unions,True,"Target AN Size (-6, -8, -10)"
14.99,-6 AN to M10x1.25mm Metric Adapter,"ColorFittings AN to Metric Adapter and Union Fittings are precision-engineered to connect metric female ports to AN flare fittings, providing a secure, leak-free solution for fuel, oil, coolant, and power steering plumbing systems.\nEach adapter is CNC machined from 6061-T6 billet aluminum and finished with ColorFittings' proprietary polishing and anodizing process for maximum strength, corrosion resistance, and long-term durability. These fittings are designed to withstand high pressure and high temperature environments commonly found in racing, street performance, marine, and aviation applications.\nOur AN to Metric Adapters are manufactured to provide a perfect fit and seal when paired with ColorFittings AN fittings, which are specifically engineered for use with E85, ethanol-based fuels, and race fuels. When combined with our nylon or stainless steel braided hose, these adapters deliver reliable performance and clean routing for any high-performance plumbing system.\nLooking to complete your system? Explore our full range of AN fittings, metric adapters, braided hose, and fitting assembly tools.",https://colorfittings.com/wp-content/uploads/2026/04/Flare-To-Metric-Adapter-Black-39.png,black,CF-F2M-06-010-125-BL,Adapters and Unions,True,"Target AN Size (-6, -8, -10)"
14.99,-6 AN to M10x1.5mm Metric Adapter,"ColorFittings AN to Metric Adapter and Union Fittings are precision-engineered to connect metric female ports to AN flare fittings, providing a secure, leak-free solution for fuel, oil, coolant, and power steering plumbing systems.\nEach adapter is CNC machined from 6061-T6 billet aluminum and finished with ColorFittings' proprietary polishing and anodizing process for maximum strength, corrosion resistance, and long-term durability. These fittings are designed to withstand high pressure and high temperature environments commonly found in racing, street performance, marine, and aviation applications.\nOur AN to Metric Adapters are manufactured to provide a perfect fit and seal when paired with ColorFittings AN fittings, which are specifically engineered for use with E85, ethanol-based fuels, and race fuels. When combined with our nylon or stainless steel braided hose, these adapters deliver reliable performance and clean routing for any high-performance plumbing system.\nLooking to complete your system? Explore our full range of AN fittings, metric adapters, braided hose, and fitting assembly tools.",https://colorfittings.com/wp-content/uploads/2026/04/Flare-To-Metric-Adapter-Black-37.png,black,CF-F2M-06-010-015-BL,Adapters and Unions,True,"Target AN Size (-6, -8, -10)"
20.99,"-10 AN to 3/8"" NPT 90 Degree Elbow Adapter","ColorFittings AN to NPT 90 Degree Elbow Adapter Fittings are precision-engineered to connect AN flare fittings to NPT ports, providing a secure, leak-free solution for fuel, oil, coolant, and power steering plumbing systems.\n\nOur AN to NPT Adapters are manufactured to provide a perfect fit and seal when paired with ColorFittings AN fittings, which are specifically engineered for use with E85, ethanol-based fuels, and race fuels. When combined with our nylon or stainless steel braided hose, these adapters deliver reliable performance and clean routing for any high-performance plumbing system.\n\nFor best installation results, we strongly recommend using our AN Fitting Assembly Tools, which help prevent fitting damage and ensure proper hose and fitting alignment. Please reference our installation video and fitting guide for proper assembly techniques and torque recommendations.\n\nLooking to complete your system? Explore our full range of AN fittings, NPT adapters, braided hose, and fitting assembly tools.",https://colorfittings.com/wp-content/uploads/2026/04/90-Degree-NPT-Adapter-Black-25.png,black,CF-F2N-10-038-090-BL,Adapters and Unions,True,"Target AN Size (-6, -8, -10)"
20.99,"-10 AN to 3/8"" NPT 45 Degree Elbow Adapter","ColorFittings AN to NPT 45 Degree Elbow Adapter Fittings are precision-engineered to connect AN flare fittings to NPT ports, providing a secure, leak-free solution for fuel, oil, coolant, and power steering plumbing systems.\n\nOur AN to NPT Adapters are manufactured to provide a perfect fit and seal when paired with ColorFittings AN fittings, which are specifically engineered for use with E85, ethanol-based fuels, and race fuels. When combined with our nylon or stainless steel braided hose, these adapters deliver reliable performance and clean routing for any high-performance plumbing system.\n\nFor best installation results, we strongly recommend using our AN Fitting Assembly Tools, which help prevent fitting damage and ensure proper hose and fitting alignment. Please reference our installation video and fitting guide for proper assembly techniques and torque recommendations.\n\nLooking to complete your system? Explore our full range of AN fittings, NPT adapters, braided hose, and fitting assembly tools.",https://colorfittings.com/wp-content/uploads/2026/04/45-Degree-NPT-Adapter-Black-4.png,black,CF-F2N-10-038-045-BL,Adapters and Unions,True,"Target AN Size (-6, -8, -10)"
20.99,"-10 AN to 3/4"" NPT 45 Degree Elbow Adapter","ColorFittings AN to NPT 45 Degree Elbow Adapter Fittings are precision-engineered to connect AN flare fittings to NPT ports, providing a secure, leak-free solution for fuel, oil, coolant, and power steering plumbing systems.\n\nOur AN to NPT Adapters are manufactured to provide a perfect fit and seal when paired with ColorFittings AN fittings, which are specifically engineered for use with E85, ethanol-based fuels, and race fuels. When combined with our nylon or stainless steel braided hose, these adapters deliver reliable performance and clean routing for any high-performance plumbing system.\n\nFor best installation results, we strongly recommend using our AN Fitting Assembly Tools, which help prevent fitting damage and ensure proper hose and fitting alignment. Please reference our installation video and fitting guide for proper assembly techniques and torque recommendations.\n\nLooking to complete your system? Explore our full range of AN fittings, NPT adapters, braided hose, and fitting assembly tools.",https://colorfittings.com/wp-content/uploads/2026/04/45-Degree-NPT-Adapter-Black-26.png,black,CF-F2N-10-034-045-BL,Adapters and Unions,True,"Target AN Size (-6, -8, -10)"
20.99,"-10 AN to 1/2"" NPT 90 Degree Elbow Adapter","ColorFittings AN to NPT 90 Degree Elbow Adapter Fittings are precision-engineered to connect AN flare fittings to NPT ports, providing a secure, leak-free solution for fuel, oil, coolant, and power steering plumbing systems.\n\nOur AN to NPT Adapters are manufactured to provide a perfect fit and seal when paired with ColorFittings AN fittings, which are specifically engineered for use with E85, ethanol-based fuels, and race fuels. When combined with our nylon or stainless steel braided hose, these adapters deliver reliable performance and clean routing for any high-performance plumbing system.\n\nFor best installation results, we strongly recommend using our AN Fitting Assembly Tools, which help prevent fitting damage and ensure proper hose and fitting alignment. Please reference our installation video and fitting guide for proper assembly techniques and torque recommendations.\n\nLooking to complete your system? Explore our full range of AN fittings, NPT adapters, braided hose, and fitting assembly tools.",https://colorfittings.com/wp-content/uploads/2026/04/90-Degree-NPT-Adapter-Black-21.png,black,CF-F2N-10-012-090-BL,Adapters and Unions,True,"Target AN Size (-6, -8, -10)"
20.99,"-10 AN to 1/2"" NPT 45 Degree Elbow Adapter","ColorFittings AN to NPT 45 Degree Elbow Adapter Fittings are precision-engineered to connect AN flare fittings to NPT ports, providing a secure, leak-free solution for fuel, oil, coolant, and power steering plumbing systems.\n\nOur AN to NPT Adapters are manufactured to provide a perfect fit and seal when paired with ColorFittings AN fittings, which are specifically engineered for use with E85, ethanol-based fuels, and race fuels. When combined with our nylon or stainless steel braided hose, these adapters deliver reliable performance and clean routing for any high-performance plumbing system.\n\nFor best installation results, we strongly recommend using our AN Fitting Assembly Tools, which help prevent fitting damage and ensure proper hose and fitting alignment. Please reference our installation video and fitting guide for proper assembly techniques and torque recommendations.\n\nLooking to complete your system? Explore our full range of AN fittings, NPT adapters, braided hose, and fitting assembly tools.",https://colorfittings.com/wp-content/uploads/2026/04/45-Degree-NPT-Adapter-Black-25.png,black,CF-F2N-10-012-045-BL,Adapters and Unions,True,"Target AN Size (-6, -8, -10)"
18.99,"-8 AN to 3/8"" NPT 90 Degree Elbow Adapter","ColorFittings AN to NPT 90 Degree Elbow Adapter Fittings are precision-engineered to connect AN flare fittings to NPT ports, providing a secure, leak-free solution for fuel, oil, coolant, and power steering plumbing systems.\n\nOur AN to NPT Adapters are manufactured to provide a perfect fit and seal when paired with ColorFittings AN fittings, which are specifically engineered for use with E85, ethanol-based fuels, and race fuels. When combined with our nylon or stainless steel braided hose, these adapters deliver reliable performance and clean routing for any high-performance plumbing system.\n\nFor best installation results, we strongly recommend using our AN Fitting Assembly Tools, which help prevent fitting damage and ensure proper hose and fitting alignment. Please reference our installation video and fitting guide for proper assembly techniques and torque recommendations.\n\nLooking to complete your system? Explore our full range of AN fittings, NPT adapters, braided hose, and fitting assembly tools.",https://colorfittings.com/wp-content/uploads/2026/04/90-Degree-NPT-Adapter-Black-19.png,black,CF-F2N-08-038-090-BL,Adapters and Unions,True,"Target AN Size (-6, -8, -10)"
18.99,"-8 AN to 3/8"" NPT 45 Degree Elbow Adapter","ColorFittings AN to NPT 45 Degree Elbow Adapter Fittings are precision-engineered to connect AN flare fittings to NPT ports, providing a secure, leak-free solution for fuel, oil, coolant, and power steering plumbing systems.\n\nOur AN to NPT Adapters are manufactured to provide a perfect fit and seal when paired with ColorFittings AN fittings, which are specifically engineered for use with E85, ethanol-based fuels, and race fuels. When combined with our nylon or stainless steel braided hose, these adapters deliver reliable performance and clean routing for any high-performance plumbing system.\n\nFor best installation results, we strongly recommend using our AN Fitting Assembly Tools, which help prevent fitting damage and ensure proper hose and fitting alignment. Please reference our installation video and fitting guide for proper assembly techniques and torque recommendations.\n\nLooking to complete your system? Explore our full range of AN fittings, NPT adapters, braided hose, and fitting assembly tools.",https://colorfittings.com/wp-content/uploads/2026/04/45-Degree-NPT-Adapter-Black-24.png,black,CF-F2N-08-038-045-BL,Adapters and Unions,True,"Target AN Size (-6, -8, -10)"
18.99,"-8 AN to 3/4"" NPT 90 Degree Elbow Adapter","ColorFittings AN to NPT 90 Degree Elbow Adapter Fittings are precision-engineered to connect AN flare fittings to NPT ports, providing a secure, leak-free solution for fuel, oil, coolant, and power steering plumbing systems.\n\nOur AN to NPT Adapters are manufactured to provide a perfect fit and seal when paired with ColorFittings AN fittings, which are specifically engineered for use with E85, ethanol-based fuels, and race fuels. When combined with our nylon or stainless steel braided hose, these adapters deliver reliable performance and clean routing for any high-performance plumbing system.\n\nFor best installation results, we strongly recommend using our AN Fitting Assembly Tools, which help prevent fitting damage and ensure proper hose and fitting alignment. Please reference our installation video and fitting guide for proper assembly techniques and torque recommendations.\n\nLooking to complete your system? Explore our full range of AN fittings, NPT adapters, braided hose, and fitting assembly tools.",https://colorfittings.com/wp-content/uploads/2026/04/90-Degree-NPT-Adapter-Black-17.png,black,CF-F2N-08-034-090-BL,Adapters and Unions,True,"Target AN Size (-6, -8, -10)"
18.99,"-8 AN to 3/4"" NPT 45 Degree Elbow Adapter","ColorFittings AN to NPT 45 Degree Elbow Adapter Fittings are precision-engineered to connect AN flare fittings to NPT ports, providing a secure, leak-free solution for fuel, oil, coolant, and power steering plumbing systems.\n\nOur AN to NPT Adapters are manufactured to provide a perfect fit and seal when paired with ColorFittings AN fittings, which are specifically engineered for use with E85, ethanol-based fuels, and race fuels. When combined with our nylon or stainless steel braided hose, these adapters deliver reliable performance and clean routing for any high-performance plumbing system.\n\nFor best installation results, we strongly recommend using our AN Fitting Assembly Tools, which help prevent fitting damage and ensure proper hose and fitting alignment. Please reference our installation video and fitting guide for proper assembly techniques and torque recommendations.\n\nLooking to complete your system? Explore our full range of AN fittings, NPT adapters, braided hose, and fitting assembly tools.",https://colorfittings.com/wp-content/uploads/2026/04/45-Degree-NPT-Adapter-Black-23.png,black,CF-F2N-08-034-045-BL,Adapters and Unions,True,"Target AN Size (-6, -8, -10)"
18.99,"-8 AN to 1/4"" NPT 90 Degree Elbow Adapter","ColorFittings AN to NPT 90 Degree Elbow Adapter Fittings are precision-engineered to connect AN flare fittings to NPT ports, providing a secure, leak-free solution for fuel, oil, coolant, and power steering plumbing systems.\n\nOur AN to NPT Adapters are manufactured to provide a perfect fit and seal when paired with ColorFittings AN fittings, which are specifically engineered for use with E85, ethanol-based fuels, and race fuels. When combined with our nylon or stainless steel braided hose, these adapters deliver reliable performance and clean routing for any high-performance plumbing system.\n\nFor best installation results, we strongly recommend using our AN Fitting Assembly Tools, which help prevent fitting damage and ensure proper hose and fitting alignment. Please reference our installation video and fitting guide for proper assembly techniques and torque recommendations.\n\nLooking to complete your system? Explore our full range of AN fittings, NPT adapters, braided hose, and fitting assembly tools.",https://colorfittings.com/wp-content/uploads/2026/04/90-Degree-NPT-Adapter-Black-15.png,black,CF-F2N-08-014-090-BL,Adapters and Unions,True,"Target AN Size (-6, -8, -10)"
18.99,"-8 AN to 1/4"" NPT 45 Degree Elbow Adapter","ColorFittings AN to NPT 45 Degree Elbow Adapter Fittings are precision-engineered to connect AN flare fittings to NPT ports, providing a secure, leak-free solution for fuel, oil, coolant, and power steering plumbing systems.\n\nOur AN to NPT Adapters are manufactured to provide a perfect fit and seal when paired with ColorFittings AN fittings, which are specifically engineered for use with E85, ethanol-based fuels, and race fuels. When combined with our nylon or stainless steel braided hose, these adapters deliver reliable performance and clean routing for any high-performance plumbing system.\n\nFor best installation results, we strongly recommend using our AN Fitting Assembly Tools, which help prevent fitting damage and ensure proper hose and fitting alignment. Please reference our installation video and fitting guide for proper assembly techniques and torque recommendations.\n\nLooking to complete your system? Explore our full range of AN fittings, NPT adapters, braided hose, and fitting assembly tools.",https://colorfittings.com/wp-content/uploads/2026/04/45-Degree-NPT-Adapter-Black-22.png,black,CF-F2N-08-014-045-BL,Adapters and Unions,True,"Target AN Size (-6, -8, -10)"
18.99,"-8 AN to 1/2"" NPT 90 Degree Elbow Adapter","ColorFittings AN to NPT 90 Degree Elbow Adapter Fittings are precision-engineered to connect AN flare fittings to NPT ports, providing a secure, leak-free solution for fuel, oil, coolant, and power steering plumbing systems.\n\nOur AN to NPT Adapters are manufactured to provide a perfect fit and seal when paired with ColorFittings AN fittings, which are specifically engineered for use with E85, ethanol-based fuels, and race fuels. When combined with our nylon or stainless steel braided hose, these adapters deliver reliable performance and clean routing for any high-performance plumbing system.\n\nFor best installation results, we strongly recommend using our AN Fitting Assembly Tools, which help prevent fitting damage and ensure proper hose and fitting alignment. Please reference our installation video and fitting guide for proper assembly techniques and torque recommendations.\n\nLooking to complete your system? Explore our full range of AN fittings, NPT adapters, braided hose, and fitting assembly tools.",https://colorfittings.com/wp-content/uploads/2026/04/90-Degree-NPT-Adapter-Black-13.png,black,CF-F2N-08-012-090-BL,Adapters and Unions,True,"Target AN Size (-6, -8, -10)"
18.99,"-8 AN to 1/2"" NPT 45 Degree Elbow Adapter","ColorFittings AN to NPT 45 Degree Elbow Adapter Fittings are precision-engineered to connect AN flare fittings to NPT ports, providing a secure, leak-free solution for fuel, oil, coolant, and power steering plumbing systems.\n\nOur AN to NPT Adapters are manufactured to provide a perfect fit and seal when paired with ColorFittings AN fittings, which are specifically engineered for use with E85, ethanol-based fuels, and race fuels. When combined with our nylon or stainless steel braided hose, these adapters deliver reliable performance and clean routing for any high-performance plumbing system.\n\nFor best installation results, we strongly recommend using our AN Fitting Assembly Tools, which help prevent fitting damage and ensure proper hose and fitting alignment. Please reference our installation video and fitting guide for proper assembly techniques and torque recommendations.\n\nLooking to complete your system? Explore our full range of AN fittings, NPT adapters, braided hose, and fitting assembly tools.",https://colorfittings.com/wp-content/uploads/2026/04/45-Degree-NPT-Adapter-Black-21.png,black,CF-F2N-08-012-045-BL,Adapters and Unions,True,"Target AN Size (-6, -8, -10)"
15.99,"-6 AN to 3/8"" NPT 90 Degree Elbow Adapter","ColorFittings AN to NPT 90 Degree Elbow Adapter Fittings are precision-engineered to connect AN flare fittings to NPT ports, providing a secure, leak-free solution for fuel, oil, coolant, and power steering plumbing systems.\n\nOur AN to NPT Adapters are manufactured to provide a perfect fit and seal when paired with ColorFittings AN fittings, which are specifically engineered for use with E85, ethanol-based fuels, and race fuels. When combined with our nylon or stainless steel braided hose, these adapters deliver reliable performance and clean routing for any high-performance plumbing system.\n\nFor best installation results, we strongly recommend using our AN Fitting Assembly Tools, which help prevent fitting damage and ensure proper hose and fitting alignment. Please reference our installation video and fitting guide for proper assembly techniques and torque recommendations.\n\nLooking to complete your system? Explore our full range of AN fittings, NPT adapters, braided hose, and fitting assembly tools.",https://colorfittings.com/wp-content/uploads/2026/04/90-Degree-NPT-Adapter-Black-11.png,black,CF-F2N-06-038-090-BL,Adapters and Unions,True,"Target AN Size (-6, -8, -10)"
15.99,"-6 AN to 3/8"" NPT 45 Degree Elbow Adapter","ColorFittings AN to NPT 45 Degree Elbow Adapter Fittings are precision-engineered to connect AN flare fittings to NPT ports, providing a secure, leak-free solution for fuel, oil, coolant, and power steering plumbing systems.\n\nOur AN to NPT Adapters are manufactured to provide a perfect fit and seal when paired with ColorFittings AN fittings, which are specifically engineered for use with E85, ethanol-based fuels, and race fuels. When combined with our nylon or stainless steel braided hose, these adapters deliver reliable performance and clean routing for any high-performance plumbing system.\n\nFor best installation results, we strongly recommend using our AN Fitting Assembly Tools, which help prevent fitting damage and ensure proper hose and fitting alignment. Please reference our installation video and fitting guide for proper assembly techniques and torque recommendations.\n\nLooking to complete your system? Explore our full range of AN fittings, NPT adapters, braided hose, and fitting assembly tools.",https://colorfittings.com/wp-content/uploads/2026/04/45-Degree-NPT-Adapter-Black-20.png,black,CF-F2N-06-038-045-BL,Adapters and Unions,True,"Target AN Size (-6, -8, -10)"
15.99,"-6 AN to 1/2"" NPT 90 Degree Elbow Adapter","ColorFittings AN to NPT 90 Degree Elbow Adapter Fittings are precision-engineered to connect AN flare fittings to NPT ports, providing a secure, leak-free solution for fuel, oil, coolant, and power steering plumbing systems.\n\nOur AN to NPT Adapters are manufactured to provide a perfect fit and seal when paired with ColorFittings AN fittings, which are specifically engineered for use with E85, ethanol-based fuels, and race fuels. When combined with our nylon or stainless steel braided hose, these adapters deliver reliable performance and clean routing for any high-performance plumbing system.\n\nFor best installation results, we strongly recommend using our AN Fitting Assembly Tools, which help prevent fitting damage and ensure proper hose and fitting alignment. Please reference our installation video and fitting guide for proper assembly techniques and torque recommendations.\n\nLooking to complete your system? Explore our full range of AN fittings, NPT adapters, braided hose, and fitting assembly tools.",https://colorfittings.com/wp-content/uploads/2026/04/90-Degree-NPT-Adapter-Black-9.png,black,CF-F2N-06-012-090-BL,Adapters and Unions,True,"Target AN Size (-6, -8, -10)"
15.99,"-6 AN to 1/2"" NPT 45 Degree Elbow Adapter","ColorFittings AN to NPT 45 Degree Elbow Adapter Fittings are precision-engineered to connect AN flare fittings to NPT ports, providing a secure, leak-free solution for fuel, oil, coolant, and power steering plumbing systems.\n\nOur AN to NPT Adapters are manufactured to provide a perfect fit and seal when paired with ColorFittings AN fittings, which are specifically engineered for use with E85, ethanol-based fuels, and race fuels. When combined with our nylon or stainless steel braided hose, these adapters deliver reliable performance and clean routing for any high-performance plumbing system.\n\nFor best installation results, we strongly recommend using our AN Fitting Assembly Tools, which help prevent fitting damage and ensure proper hose and fitting alignment. Please reference our installation video and fitting guide for proper assembly techniques and torque recommendations.\n\nLooking to complete your system? Explore our full range of AN fittings, NPT adapters, braided hose, and fitting assembly tools.",https://colorfittings.com/wp-content/uploads/2026/04/45-Degree-NPT-Adapter-Black-19.png,black,CF-F2N-06-012-045-BL,Adapters and Unions,True,"Target AN Size (-6, -8, -10)"
24.99,-20 AN to -16 AN ORB Adapter,"ColorFittings ORB Adapter Fittings are precision-engineered to connect AN flare fittings to O-Ring Boss (ORB) ports, providing a secure, leak-free solution for fuel, oil, coolant, power steering, and transmission plumbing systems. ORB ports are found on engine blocks, transmissions, power steering pumps, oil coolers, and other OEM components — making these adapters essential for any AN plumbing conversion.\n\nOur AN to ORB Adapters are manufactured to provide a perfect fit and seal when paired with ColorFittings AN fittings, which are specifically engineered for use with E85, ethanol-based fuels, and race fuels. The O-ring face seal design eliminates the need for thread sealant and provides a more reliable, vibration-resistant connection compared to NPT threads. When combined with our nylon or stainless steel braided hose, these adapters deliver reliable performance and clean routing for any high-performance plumbing system.\n\nFor best installation results, we strongly recommend using our AN Fitting Assembly Tools, which help prevent fitting damage and ensure proper hose and fitting alignment. Please reference our installation video and fitting guide for proper assembly techniques and torque recommendations.\n\nLooking to complete your system? Explore our full range of AN fittings, ORB adapters, braided hose, and fitting assembly tools.",https://colorfittings.com/wp-content/uploads/2026/04/ORB-Black-Fitting-Adapter.png,black,CF-F2S-20-016-000-BL,Adapters and Unions,True,"Target AN Size (-6, -8, -10)"
24.99,-16 AN to -20 AN ORB Adapter,"ColorFittings ORB Adapter Fittings are precision-engineered to connect AN flare fittings to O-Ring Boss (ORB) ports, providing a secure, leak-free solution for fuel, oil, coolant, power steering, and transmission plumbing systems. ORB ports are found on engine blocks, transmissions, power steering pumps, oil coolers, and other OEM components — making these adapters essential for any AN plumbing conversion.\n\nOur AN to ORB Adapters are manufactured to provide a perfect fit and seal when paired with ColorFittings AN fittings, which are specifically engineered for use with E85, ethanol-based fuels, and race fuels. The O-ring face seal design eliminates the need for thread sealant and provides a more reliable, vibration-resistant connection compared to NPT threads. When combined with our nylon or stainless steel braided hose, these adapters deliver reliable performance and clean routing for any high-performance plumbing system.\n\nFor best installation results, we strongly recommend using our AN Fitting Assembly Tools, which help prevent fitting damage and ensure proper hose and fitting alignment. Please reference our installation video and fitting guide for proper assembly techniques and torque recommendations.\n\nLooking to complete your system? Explore our full range of AN fittings, ORB adapters, braided hose, and fitting assembly tools.",https://colorfittings.com/wp-content/uploads/2026/04/ORB-Black-Fitting-Adapter-2.png,black,CF-F2S-16-020-000-BL,Adapters and Unions,True,"Target AN Size (-6, -8, -10)"
20.99,-16 AN to -10 AN ORB Adapter,"ColorFittings ORB Adapter Fittings are precision-engineered to connect AN flare fittings to O-Ring Boss (ORB) ports, providing a secure, leak-free solution for fuel, oil, coolant, power steering, and transmission plumbing systems. ORB ports are found on engine blocks, transmissions, power steering pumps, oil coolers, and other OEM components — making these adapters essential for any AN plumbing conversion.\n\nOur AN to ORB Adapters are manufactured to provide a perfect fit and seal when paired with ColorFittings AN fittings, which are specifically engineered for use with E85, ethanol-based fuels, and race fuels. The O-ring face seal design eliminates the need for thread sealant and provides a more reliable, vibration-resistant connection compared to NPT threads. When combined with our nylon or stainless steel braided hose, these adapters deliver reliable performance and clean routing for any high-performance plumbing system.\n\nFor best installation results, we strongly recommend using our AN Fitting Assembly Tools, which help prevent fitting damage and ensure proper hose and fitting alignment. Please reference our installation video and fitting guide for proper assembly techniques and torque recommendations.\n\nLooking to complete your system? Explore our full range of AN fittings, ORB adapters, braided hose, and fitting assembly tools.",https://colorfittings.com/wp-content/uploads/2026/04/ORB-Black-Fitting-Adapter-4.png,black,CF-F2S-16-010-000-BL,Adapters and Unions,True,"Target AN Size (-6, -8, -10)"
20.99,-12 AN to -16 AN ORB Adapter,"ColorFittings ORB Adapter Fittings are precision-engineered to connect AN flare fittings to O-Ring Boss (ORB) ports, providing a secure, leak-free solution for fuel, oil, coolant, power steering, and transmission plumbing systems. ORB ports are found on engine blocks, transmissions, power steering pumps, oil coolers, and other OEM components — making these adapters essential for any AN plumbing conversion.\n\nOur AN to ORB Adapters are manufactured to provide a perfect fit and seal when paired with ColorFittings AN fittings, which are specifically engineered for use with E85, ethanol-based fuels, and race fuels. The O-ring face seal design eliminates the need for thread sealant and provides a more reliable, vibration-resistant connection compared to NPT threads. When combined with our nylon or stainless steel braided hose, these adapters deliver reliable performance and clean routing for any high-performance plumbing system.\n\nFor best installation results, we strongly recommend using our AN Fitting Assembly Tools, which help prevent fitting damage and ensure proper hose and fitting alignment. Please reference our installation video and fitting guide for proper assembly techniques and torque recommendations.\n\nLooking to complete your system? Explore our full range of AN fittings, ORB adapters, braided hose, and fitting assembly tools.",https://colorfittings.com/wp-content/uploads/2026/04/ORB-Black-Fitting-Adapter-6.png,black,CF-F2S-12-016-000-BL,Adapters and Unions,True,"Target AN Size (-6, -8, -10)"
20.99,-10 AN to -16 AN ORB Adapter,"ColorFittings ORB Adapter Fittings are precision-engineered to connect AN flare fittings to O-Ring Boss (ORB) ports, providing a secure, leak-free solution for fuel, oil, coolant, power steering, and transmission plumbing systems. ORB ports are found on engine blocks, transmissions, power steering pumps, oil coolers, and other OEM components — making these adapters essential for any AN plumbing conversion.\n\nOur AN to ORB Adapters are manufactured to provide a perfect fit and seal when paired with ColorFittings AN fittings, which are specifically engineered for use with E85, ethanol-based fuels, and race fuels. The O-ring face seal design eliminates the need for thread sealant and provides a more reliable, vibration-resistant connection compared to NPT threads. When combined with our nylon or stainless steel braided hose, these adapters deliver reliable performance and clean routing for any high-performance plumbing system.\n\nFor best installation results, we strongly recommend using our AN Fitting Assembly Tools, which help prevent fitting damage and ensure proper hose and fitting alignment. Please reference our installation video and fitting guide for proper assembly techniques and torque recommendations.\n\nLooking to complete your system? Explore our full range of AN fittings, ORB adapters, braided hose, and fitting assembly tools.",https://colorfittings.com/wp-content/uploads/2026/04/ORB-Black-Fitting-Adapter-8.png,black,CF-F2S-10-016-000-BL,Adapters and Unions,True,"Target AN Size (-6, -8, -10)"
25.99,-10 AN to -10 AN ORB Swivel 90° Elbow Adapter,"ColorFittings ORB Adapter Fittings are precision-engineered to connect AN flare fittings to O-Ring Boss (ORB) ports, providing a secure, leak-free solution for fuel, oil, coolant, power steering, and transmission plumbing systems. ORB ports are found on engine blocks, transmissions, power steering pumps, oil coolers, and other OEM components — making these adapters essential for any AN plumbing conversion.\n\nOur AN to ORB Adapters are manufactured to provide a perfect fit and seal when paired with ColorFittings AN fittings, which are specifically engineered for use with E85, ethanol-based fuels, and race fuels. The O-ring face seal design eliminates the need for thread sealant and provides a more reliable, vibration-resistant connection compared to NPT threads. When combined with our nylon or stainless steel braided hose, these adapters deliver reliable performance and clean routing for any high-performance plumbing system.\n\nFor best installation results, we strongly recommend using our AN Fitting Assembly Tools, which help prevent fitting damage and ensure proper hose and fitting alignment. Please reference our installation video and fitting guide for proper assembly techniques and torque recommendations.\n\nLooking to complete your system? Explore our full range of AN fittings, ORB adapters, braided hose, and fitting assembly tools.",https://colorfittings.com/wp-content/uploads/2026/03/90-Degree-ORB-Adapter-Black.png,black,CF-F2S-10-010-090-BL,Adapters and Unions,True,"Target AN Size (-6, -8, -10)"
10.99,-10 AN to -6 AN ORB Adapter,"ColorFittings ORB Adapter Fittings are precision-engineered to connect AN flare fittings to O-Ring Boss (ORB) ports, providing a secure, leak-free solution for fuel, oil, coolant, power steering, and transmission plumbing systems. ORB ports are found on engine blocks, transmissions, power steering pumps, oil coolers, and other OEM components — making these adapters essential for any AN plumbing conversion.\n\nOur AN to ORB Adapters are manufactured to provide a perfect fit and seal when paired with ColorFittings AN fittings, which are specifically engineered for use with E85, ethanol-based fuels, and race fuels. The O-ring face seal design eliminates the need for thread sealant and provides a more reliable, vibration-resistant connection compared to NPT threads. When combined with our nylon or stainless steel braided hose, these adapters deliver reliable performance and clean routing for any high-performance plumbing system.\n\nFor best installation results, we strongly recommend using our AN Fitting Assembly Tools, which help prevent fitting damage and ensure proper hose and fitting alignment. Please reference our installation video and fitting guide for proper assembly techniques and torque recommendations.\n\nLooking to complete your system? Explore our full range of AN fittings, ORB adapters, braided hose, and fitting assembly tools.",https://colorfittings.com/wp-content/uploads/2026/04/ORB-Black-Fitting-Adapter-12.png,black,CF-F2S-10-006-000-BL,Adapters and Unions,True,"Target AN Size (-6, -8, -10)"
25.99,-8 AN to -10 AN ORB Swivel 90° Elbow Adapter,"ColorFittings ORB Adapter Fittings are precision-engineered to connect AN flare fittings to O-Ring Boss (ORB) ports, providing a secure, leak-free solution for fuel, oil, coolant, power steering, and transmission plumbing systems. ORB ports are found on engine blocks, transmissions, power steering pumps, oil coolers, and other OEM components — making these adapters essential for any AN plumbing conversion.\n\nOur AN to ORB Adapters are manufactured to provide a perfect fit and seal when paired with ColorFittings AN fittings, which are specifically engineered for use with E85, ethanol-based fuels, and race fuels. The O-ring face seal design eliminates the need for thread sealant and provides a more reliable, vibration-resistant connection compared to NPT threads. When combined with our nylon or stainless steel braided hose, these adapters deliver reliable performance and clean routing for any high-performance plumbing system.\n\nFor best installation results, we strongly recommend using our AN Fitting Assembly Tools, which help prevent fitting damage and ensure proper hose and fitting alignment. Please reference our installation video and fitting guide for proper assembly techniques and torque recommendations.\n\nLooking to complete your system? Explore our full range of AN fittings, ORB adapters, braided hose, and fitting assembly tools.",https://colorfittings.com/wp-content/uploads/2026/03/90-Degree-ORB-Adapter-Black.png,black,CF-F2S-08-010-090-BL,Adapters and Unions,True,"Target AN Size (-6, -8, -10)"
20.99,-8 AN to -8 AN ORB Swivel 90° Elbow Adapter,"ColorFittings ORB Adapter Fittings are precision-engineered to connect AN flare fittings to O-Ring Boss (ORB) ports, providing a secure, leak-free solution for fuel, oil, coolant, power steering, and transmission plumbing systems. ORB ports are found on engine blocks, transmissions, power steering pumps, oil coolers, and other OEM components — making these adapters essential for any AN plumbing conversion.\n\nOur AN to ORB Adapters are manufactured to provide a perfect fit and seal when paired with ColorFittings AN fittings, which are specifically engineered for use with E85, ethanol-based fuels, and race fuels. The O-ring face seal design eliminates the need for thread sealant and provides a more reliable, vibration-resistant connection compared to NPT threads. When combined with our nylon or stainless steel braided hose, these adapters deliver reliable performance and clean routing for any high-performance plumbing system.\n\nFor best installation results, we strongly recommend using our AN Fitting Assembly Tools, which help prevent fitting damage and ensure proper hose and fitting alignment. Please reference our installation video and fitting guide for proper assembly techniques and torque recommendations.\n\nLooking to complete your system? Explore our full range of AN fittings, ORB adapters, braided hose, and fitting assembly tools.",https://colorfittings.com/wp-content/uploads/2026/03/90-Degree-ORB-Adapter-Black.png,black,CF-F2S-08-008-090-BL,Adapters and Unions,True,"Target AN Size (-6, -8, -10)"
14.99,-6 AN to -12 AN ORB Adapter,"ColorFittings ORB Adapter Fittings are precision-engineered to connect AN flare fittings to O-Ring Boss (ORB) ports, providing a secure, leak-free solution for fuel, oil, coolant, power steering, and transmission plumbing systems. ORB ports are found on engine blocks, transmissions, power steering pumps, oil coolers, and other OEM components — making these adapters essential for any AN plumbing conversion.\n\nOur AN to ORB Adapters are manufactured to provide a perfect fit and seal when paired with ColorFittings AN fittings, which are specifically engineered for use with E85, ethanol-based fuels, and race fuels. The O-ring face seal design eliminates the need for thread sealant and provides a more reliable, vibration-resistant connection compared to NPT threads. When combined with our nylon or stainless steel braided hose, these adapters deliver reliable performance and clean routing for any high-performance plumbing system.\n\nFor best installation results, we strongly recommend using our AN Fitting Assembly Tools, which help prevent fitting damage and ensure proper hose and fitting alignment. Please reference our installation video and fitting guide for proper assembly techniques and torque recommendations.\n\nLooking to complete your system? Explore our full range of AN fittings, ORB adapters, braided hose, and fitting assembly tools.",https://colorfittings.com/wp-content/uploads/2026/04/ORB-Black-Fitting-Adapter-18.png,black,CF-F2S-06-012-000-BL,Adapters and Unions,True,"Target AN Size (-6, -8, -10)"
20.99,-6 AN to -10 AN ORB Swivel 90° Elbow Adapter,"ColorFittings ORB Adapter Fittings are precision-engineered to connect AN flare fittings to O-Ring Boss (ORB) ports, providing a secure, leak-free solution for fuel, oil, coolant, power steering, and transmission plumbing systems. ORB ports are found on engine blocks, transmissions, power steering pumps, oil coolers, and other OEM components — making these adapters essential for any AN plumbing conversion.\n\nOur AN to ORB Adapters are manufactured to provide a perfect fit and seal when paired with ColorFittings AN fittings, which are specifically engineered for use with E85, ethanol-based fuels, and race fuels. The O-ring face seal design eliminates the need for thread sealant and provides a more reliable, vibration-resistant connection compared to NPT threads. When combined with our nylon or stainless steel braided hose, these adapters deliver reliable performance and clean routing for any high-performance plumbing system.\n\nFor best installation results, we strongly recommend using our AN Fitting Assembly Tools, which help prevent fitting damage and ensure proper hose and fitting alignment. Please reference our installation video and fitting guide for proper assembly techniques and torque recommendations.\n\nLooking to complete your system? Explore our full range of AN fittings, ORB adapters, braided hose, and fitting assembly tools.",https://colorfittings.com/wp-content/uploads/2026/03/90-Degree-ORB-Adapter-Black.png,black,CF-F2S-06-010-090-BL,Adapters and Unions,True,"Target AN Size (-6, -8, -10)"
16.99,-6 AN to -6 AN ORB Swivel 90° Elbow Adapter,"ColorFittings ORB Adapter Fittings are precision-engineered to connect AN flare fittings to O-Ring Boss (ORB) ports, providing a secure, leak-free solution for fuel, oil, coolant, power steering, and transmission plumbing systems. ORB ports are found on engine blocks, transmissions, power steering pumps, oil coolers, and other OEM components — making these adapters essential for any AN plumbing conversion.\n\nOur AN to ORB Adapters are manufactured to provide a perfect fit and seal when paired with ColorFittings AN fittings, which are specifically engineered for use with E85, ethanol-based fuels, and race fuels. The O-ring face seal design eliminates the need for thread sealant and provides a more reliable, vibration-resistant connection compared to NPT threads. When combined with our nylon or stainless steel braided hose, these adapters deliver reliable performance and clean routing for any high-performance plumbing system.\n\nFor best installation results, we strongly recommend using our AN Fitting Assembly Tools, which help prevent fitting damage and ensure proper hose and fitting alignment. Please reference our installation video and fitting guide for proper assembly techniques and torque recommendations.\n\nLooking to complete your system? Explore our full range of AN fittings, ORB adapters, braided hose, and fitting assembly tools.",https://colorfittings.com/wp-content/uploads/2026/03/90-Degree-ORB-Adapter-Black.png,black,CF-F2S-06-006-090-BL,Adapters and Unions,True,"Target AN Size (-6, -8, -10)"
8.99,-6 AN to -5 AN ORB Adapter,"ColorFittings ORB Adapter Fittings are precision-engineered to connect AN flare fittings to O-Ring Boss (ORB) ports, providing a secure, leak-free solution for fuel, oil, coolant, power steering, and transmission plumbing systems. ORB ports are found on engine blocks, transmissions, power steering pumps, oil coolers, and other OEM components — making these adapters essential for any AN plumbing conversion.\n\nOur AN to ORB Adapters are manufactured to provide a perfect fit and seal when paired with ColorFittings AN fittings, which are specifically engineered for use with E85, ethanol-based fuels, and race fuels. The O-ring face seal design eliminates the need for thread sealant and provides a more reliable, vibration-resistant connection compared to NPT threads. When combined with our nylon or stainless steel braided hose, these adapters deliver reliable performance and clean routing for any high-performance plumbing system.\n\nFor best installation results, we strongly recommend using our AN Fitting Assembly Tools, which help prevent fitting damage and ensure proper hose and fitting alignment. Please reference our installation video and fitting guide for proper assembly techniques and torque recommendations.\n\nLooking to complete your system? Explore our full range of AN fittings, ORB adapters, braided hose, and fitting assembly tools.",https://colorfittings.com/wp-content/uploads/2026/04/ORB-Black-Fitting-Adapter-24.png,black,CF-F2S-06-005-000-BL,Adapters and Unions,True,"Target AN Size (-6, -8, -10)"
8.99,-6 AN to -4 AN ORB Adapter,"ColorFittings ORB Adapter Fittings are precision-engineered to connect AN flare fittings to O-Ring Boss (ORB) ports, providing a secure, leak-free solution for fuel, oil, coolant, power steering, and transmission plumbing systems. ORB ports are found on engine blocks, transmissions, power steering pumps, oil coolers, and other OEM components — making these adapters essential for any AN plumbing conversion.\n\nOur AN to ORB Adapters are manufactured to provide a perfect fit and seal when paired with ColorFittings AN fittings, which are specifically engineered for use with E85, ethanol-based fuels, and race fuels. The O-ring face seal design eliminates the need for thread sealant and provides a more reliable, vibration-resistant connection compared to NPT threads. When combined with our nylon or stainless steel braided hose, these adapters deliver reliable performance and clean routing for any high-performance plumbing system.\n\nFor best installation results, we strongly recommend using our AN Fitting Assembly Tools, which help prevent fitting damage and ensure proper hose and fitting alignment. Please reference our installation video and fitting guide for proper assembly techniques and torque recommendations.\n\nLooking to complete your system? Explore our full range of AN fittings, ORB adapters, braided hose, and fitting assembly tools.",https://colorfittings.com/wp-content/uploads/2026/04/ORB-Black-Fitting-Adapter-26.png,black,CF-F2S-06-004-000-BL,Adapters and Unions,True,"Target AN Size (-6, -8, -10)"
9.99,-4 AN to -10 AN ORB Adapter,"ColorFittings ORB Adapter Fittings are precision-engineered to connect AN flare fittings to O-Ring Boss (ORB) ports, providing a secure, leak-free solution for fuel, oil, coolant, power steering, and transmission plumbing systems. ORB ports are found on engine blocks, transmissions, power steering pumps, oil coolers, and other OEM components — making these adapters essential for any AN plumbing conversion.\n\nOur AN to ORB Adapters are manufactured to provide a perfect fit and seal when paired with ColorFittings AN fittings, which are specifically engineered for use with E85, ethanol-based fuels, and race fuels. The O-ring face seal design eliminates the need for thread sealant and provides a more reliable, vibration-resistant connection compared to NPT threads. When combined with our nylon or stainless steel braided hose, these adapters deliver reliable performance and clean routing for any high-performance plumbing system.\n\nFor best installation results, we strongly recommend using our AN Fitting Assembly Tools, which help prevent fitting damage and ensure proper hose and fitting alignment. Please reference our installation video and fitting guide for proper assembly techniques and torque recommendations.\n\nLooking to complete your system? Explore our full range of AN fittings, ORB adapters, braided hose, and fitting assembly tools.",https://colorfittings.com/wp-content/uploads/2026/04/ORB-Black-Fitting-Adapter-28.png,black,CF-F2S-04-010-000-BL,Adapters and Unions,True,"Target AN Size (-6, -8, -10)"
8.99,-4 AN to -8 AN ORB Adapter,"ColorFittings ORB Adapter Fittings are precision-engineered to connect AN flare fittings to O-Ring Boss (ORB) ports, providing a secure, leak-free solution for fuel, oil, coolant, power steering, and transmission plumbing systems. ORB ports are found on engine blocks, transmissions, power steering pumps, oil coolers, and other OEM components — making these adapters essential for any AN plumbing conversion.\n\nOur AN to ORB Adapters are manufactured to provide a perfect fit and seal when paired with ColorFittings AN fittings, which are specifically engineered for use with E85, ethanol-based fuels, and race fuels. The O-ring face seal design eliminates the need for thread sealant and provides a more reliable, vibration-resistant connection compared to NPT threads. When combined with our nylon or stainless steel braided hose, these adapters deliver reliable performance and clean routing for any high-performance plumbing system.\n\nFor best installation results, we strongly recommend using our AN Fitting Assembly Tools, which help prevent fitting damage and ensure proper hose and fitting alignment. Please reference our installation video and fitting guide for proper assembly techniques and torque recommendations.\n\nLooking to complete your system? Explore our full range of AN fittings, ORB adapters, braided hose, and fitting assembly tools.",https://colorfittings.com/wp-content/uploads/2026/04/ORB-Black-Fitting-Adapter-30.png,black,CF-F2S-04-008-000-BL,Adapters and Unions,True,"Target AN Size (-6, -8, -10)"
6.99,-3 AN to -6 AN ORB Adapter,"ColorFittings ORB Adapter Fittings are precision-engineered to connect AN flare fittings to O-Ring Boss (ORB) ports, providing a secure, leak-free solution for fuel, oil, coolant, power steering, and transmission plumbing systems. ORB ports are found on engine blocks, transmissions, power steering pumps, oil coolers, and other OEM components — making these adapters essential for any AN plumbing conversion.\n\nOur AN to ORB Adapters are manufactured to provide a perfect fit and seal when paired with ColorFittings AN fittings, which are specifically engineered for use with E85, ethanol-based fuels, and race fuels. The O-ring face seal design eliminates the need for thread sealant and provides a more reliable, vibration-resistant connection compared to NPT threads. When combined with our nylon or stainless steel braided hose, these adapters deliver reliable performance and clean routing for any high-performance plumbing system.\n\nFor best installation results, we strongly recommend using our AN Fitting Assembly Tools, which help prevent fitting damage and ensure proper hose and fitting alignment. Please reference our installation video and fitting guide for proper assembly techniques and torque recommendations.\n\nLooking to complete your system? Explore our full range of AN fittings, ORB adapters, braided hose, and fitting assembly tools.",https://colorfittings.com/wp-content/uploads/2026/04/ORB-Black-Fitting-Adapter-34.png,black,CF-F2S-03-006-000-BL,Adapters and Unions,True,"Target AN Size (-6, -8, -10)"
16.99,-10 AN 90° Degree Bulkhead Fitting,"ColorFittings -10AN 90° Degree Bulkhead Fittings are precision CNC-machined adapters designed to route AN lines at a 90-degree angle through firewalls, panels, fuel cells, and chassis components. Engineered for high-performance fuel, oil, coolant, transmission, brake, and power steering systems, these AN bulkhead fittings provide a secure, leak-free 37-degree flare seal on both sides of the panel.\n\nManufactured from aerospace-grade 6061-T6 billet aluminum and finished with ColorFittings’ proprietary anodizing process, these -10AN bulkhead fittings offer superior strength, corrosion resistance, and durability in high-pressure and high-temperature environments. Compatible with E85, ethanol-based fuels, race fuel, pump gas, oil, coolant, hydraulic fluid, and air systems, they are ideal for street performance, drag racing, road racing, off-road, and marine applications.\n\nThe 90-degree angled bulkhead design with included locking nut ensures a tight, secure mount through sheet metal, carbon fiber, aluminum panels, or firewalls while maintaining proper AN flare alignment for consistent sealing performance — ideal for tight-clearance installations and clean engine bay routing.\n\nComplete your install with our matching -10AN Bulkhead Nuts, AN Fittings, and AN Assembly Tools for a clean, professional-grade plumbing solution built to perform.",https://colorfittings.com/wp-content/uploads/2026/02/Bulkhead-Fitting-90-Degree-Black.png,black,CF-BHF-10-090-000-BL,Brake Fittings,True,"Target AN Size (-6, -8, -10)"
12.99,-6 AN 90° Degree Bulkhead Fitting,"ColorFittings -6 AN 90° Degree Bulkhead Fittings are precision CNC-machined adapters designed to route AN lines at a 90-degree angle through firewalls, panels, fuel cells, and chassis components. Engineered for high-performance fuel, oil, coolant, transmission, brake, and power steering systems, these AN bulkhead fittings provide a secure, leak-free 37-degree flare seal on both sides of the panel.\n\nManufactured from aerospace-grade 6061-T6 billet aluminum and finished with ColorFittings’ proprietary anodizing process, these -6AN bulkhead fittings offer superior strength, corrosion resistance, and durability in high-pressure and high-temperature environments. Compatible with E85, ethanol-based fuels, race fuel, pump gas, oil, coolant, hydraulic fluid, and air systems, they are ideal for street performance, drag racing, road racing, off-road, and marine applications.\n\nThe 90-degree angled bulkhead design with included locking nut ensures a tight, secure mount through sheet metal, carbon fiber, aluminum panels, or firewalls while maintaining proper AN flare alignment for consistent sealing performance — ideal for tight-clearance installations and clean engine bay routing.\n\nComplete your install with our matching -6AN Bulkhead Nuts, AN Fittings, and AN Assembly Tools for a clean, professional-grade plumbing solution built to perform.",https://colorfittings.com/wp-content/uploads/2026/02/Bulkhead-Fitting-90-Degree-Black.png,black,CF-BHF-06-090-000-BL,Brake Fittings,True,"Target AN Size (-6, -8, -10)"
12.99,-6AN 45° Degree Bulkhead Fitting,"ColorFittings -6AN 45° Degree Bulkhead Fittings are precision CNC-machined adapters designed to route AN lines at a 45-degree angle through firewalls, panels, fuel cells, and chassis components. Engineered for high-performance fuel, oil, coolant, transmission, brake, and power steering systems, these AN bulkhead fittings provide a secure, leak-free 37-degree flare seal on both sides of the panel.\n\nManufactured from aerospace-grade 6061-T6 billet aluminum and finished with ColorFittings’ proprietary anodizing process, these -6AN bulkhead fittings offer superior strength, corrosion resistance, and durability in high-pressure and high-temperature environments. Compatible with E85, ethanol-based fuels, race fuel, pump gas, oil, coolant, hydraulic fluid, and air systems, they are ideal for street performance, drag racing, road racing, off-road, and marine applications.\n\nThe 45-degree angled bulkhead design with included locking nut ensures a tight, secure mount through sheet metal, carbon fiber, aluminum panels, or firewalls while maintaining proper AN flare alignment for consistent sealing performance — ideal for tight-clearance installations where a straight bulkhead won’t fit.\n\nComplete your install with our matching -6AN Bulkhead Nuts, AN Fittings, and AN Assembly Tools for a clean, professional-grade plumbing solution built to perform.",https://colorfittings.com/wp-content/uploads/2026/03/45-Degree-Bulkhead-Black.png,black,CF-BHF-06-045-000-BL,Brake Fittings,True,"Target AN Size (-6, -8, -10)"
8.99,-8 AN to -6 AN ORB Adapter,"ColorFittings ORB Adapter Fittings are precision-engineered to connect AN flare fittings to O-Ring Boss (ORB) ports, providing a secure, leak-free solution for fuel, oil, coolant, power steering, and transmission plumbing systems. ORB ports are found on engine blocks, transmissions, power steering pumps, oil coolers, and other OEM components — making these adapters essential for any AN plumbing conversion.\n\nOur AN to ORB Adapters are manufactured to provide a perfect fit and seal when paired with ColorFittings AN fittings, which are specifically engineered for use with E85, ethanol-based fuels, and race fuels. The O-ring face seal design eliminates the need for thread sealant and provides a more reliable, vibration-resistant connection compared to NPT threads. When combined with our nylon or stainless steel braided hose, these adapters deliver reliable performance and clean routing for any high-performance plumbing system.\n\nFor best installation results, we strongly recommend using our AN Fitting Assembly Tools, which help prevent fitting damage and ensure proper hose and fitting alignment. Please reference our installation video and fitting guide for proper assembly techniques and torque recommendations.\n\nLooking to complete your system? Explore our full range of AN fittings, ORB adapters, braided hose, and fitting assembly tools.",https://colorfittings.com/wp-content/uploads/2026/04/ORB-Green-Fitting-Adapter.png,Green,CF-F2S-08-006-000-GR,ORB Adapters,True,"Target AN Size (-6, -8, -10)"
9.99,"8 AN to 1/4"" NPT Adapter","ColorFittings AN to NPT Adapter Fittings are precision-engineered to connect AN flare fittings to NPT ports, providing a secure, leak-free solution for fuel, oil, coolant, and power steering plumbing systems.\n\nOur AN to NPT Adapters are manufactured to provide a perfect fit and seal when paired with ColorFittings AN fittings, which are specifically engineered for use with E85, ethanol-based fuels, and race fuels. When combined with our nylon or stainless steel braided hose, these adapters deliver reliable performance and clean routing for any high-performance plumbing system.\n\nFor best installation results, we strongly recommend using our AN Fitting Assembly Tools, which help prevent fitting damage and ensure proper hose and fitting alignment. Please reference our installation video and fitting guide for proper assembly techniques and torque recommendations.\n\nLooking to complete your system? Explore our full range of AN fittings, NPT adapters, braided hose, and fitting assembly tools.",https://colorfittings.com/wp-content/uploads/2026/02/Flare-To-NPT-Adapter-Green.png,Green,CF-F2N-08-014-000-GR,NPT Adapters,True,"Target AN Size (-6, -8, -10)"
14.99,-10 AN to M20x1.0mm Metric Adapter,"ColorFittings AN to Metric Adapter and Union Fittings are precision-engineered to connect metric female ports to AN flare fittings, providing a secure, leak-free solution for fuel, oil, coolant, and power steering plumbing systems.\nEach adapter is CNC machined from 6061-T6 billet aluminum and finished with ColorFittings' proprietary polishing and anodizing process for maximum strength, corrosion resistance, and long-term durability. These fittings are designed to withstand high pressure and high temperature environments commonly found in racing, street performance, marine, and aviation applications.\nOur AN to Metric Adapters are manufactured to provide a perfect fit and seal when paired with ColorFittings AN fittings, which are specifically engineered for use with E85, ethanol-based fuels, and race fuels. When combined with our nylon or stainless steel braided hose, these adapters deliver reliable performance and clean routing for any high-performance plumbing system.\nLooking to complete your system? Explore our full range of AN fittings, metric adapters, braided hose, and fitting assembly tools.",https://colorfittings.com/wp-content/uploads/2026/04/Flare-To-Metric-Adapter-Black-87.png,Black,CF-F2M-10-020-010-BL,Adapters and Unions,True,"Target AN Size (-6, -8, -10)"
14.99,-6 AN to M20x1.0mm Metric Adapter,"ColorFittings AN to Metric Adapter and Union Fittings are precision-engineered to connect metric female ports to AN flare fittings, providing a secure, leak-free solution for fuel, oil, coolant, and power steering plumbing systems.\nEach adapter is CNC machined from 6061-T6 billet aluminum and finished with ColorFittings' proprietary polishing and anodizing process for maximum strength, corrosion resistance, and long-term durability. These fittings are designed to withstand high pressure and high temperature environments commonly found in racing, street performance, marine, and aviation applications.\nOur AN to Metric Adapters are manufactured to provide a perfect fit and seal when paired with ColorFittings AN fittings, which are specifically engineered for use with E85, ethanol-based fuels, and race fuels. When combined with our nylon or stainless steel braided hose, these adapters deliver reliable performance and clean routing for any high-performance plumbing system.\nLooking to complete your system? Explore our full range of AN fittings, metric adapters, braided hose, and fitting assembly tools.",https://colorfittings.com/wp-content/uploads/2026/04/Flare-To-Metric-Adapter-Black-51.png,Black,CF-F2M-06-020-010-BL,Adapters and Unions,True,"Target AN Size (-6, -8, -10)"
16.99,-16 AN to M20x1.0mm Metric Adapter,"ColorFittings AN to Metric Adapter and Union Fittings are precision-engineered to connect metric female ports to AN flare fittings, providing a secure, leak-free solution for fuel, oil, coolant, and power steering plumbing systems.\nEach adapter is CNC machined from 6061-T6 billet aluminum and finished with ColorFittings' proprietary polishing and anodizing process for maximum strength, corrosion resistance, and long-term durability. These fittings are designed to withstand high pressure and high temperature environments commonly found in racing, street performance, marine, and aviation applications.\nOur AN to Metric Adapters are manufactured to provide a perfect fit and seal when paired with ColorFittings AN fittings, which are specifically engineered for use with E85, ethanol-based fuels, and race fuels. When combined with our nylon or stainless steel braided hose, these adapters deliver reliable performance and clean routing for any high-performance plumbing system.\nLooking to complete your system? Explore our full range of AN fittings, metric adapters, braided hose, and fitting assembly tools.",https://colorfittings.com/wp-content/uploads/2026/04/Flare-To-Metric-Adapter-Black-109.png,Black,CF-F2M-16-020-010-BL,Adapters and Unions,True,"Target AN Size (-6, -8, -10)"
14.99,-8 AN to M20x1.0mm Metric Adapter,"ColorFittings AN to Metric Adapter and Union Fittings are precision-engineered to connect metric female ports to AN flare fittings, providing a secure, leak-free solution for fuel, oil, coolant, and power steering plumbing systems.\nEach adapter is CNC machined from 6061-T6 billet aluminum and finished with ColorFittings' proprietary polishing and anodizing process for maximum strength, corrosion resistance, and long-term durability. These fittings are designed to withstand high pressure and high temperature environments commonly found in racing, street performance, marine, and aviation applications.\nOur AN to Metric Adapters are manufactured to provide a perfect fit and seal when paired with ColorFittings AN fittings, which are specifically engineered for use with E85, ethanol-based fuels, and race fuels. When combined with our nylon or stainless steel braided hose, these adapters deliver reliable performance and clean routing for any high-performance plumbing system.\nLooking to complete your system? Explore our full range of AN fittings, metric adapters, braided hose, and fitting assembly tools.",https://colorfittings.com/wp-content/uploads/2026/04/Flare-To-Metric-Adapter-Black-71.png,Black,CF-F2M-08-020-010-BL,Adapters and Unions,True,"Target AN Size (-6, -8, -10)"
3.49,-8 AN Fitting Bulkhead Nut,"ColorFittings AN Bulkhead Lock Nuts are precision CNC-machined to securely fasten AN bulkhead fittings through firewalls, chassis panels, fuel cells, and custom fabrication projects. Designed to provide a tight, vibration-resistant hold, these bulkhead nuts ensure proper alignment and a secure mounting surface for leak-free AN plumbing systems.\n\nManufactured from aerospace-grade 6061-T6 billet aluminum and finished with ColorFittings’ proprietary anodizing process, these AN bulkhead nuts deliver superior strength, corrosion resistance, and long-term durability in high-heat, high-vibration racing and street performance environments.\n\nEngineered for use with ColorFittings AN Union Bulkhead Fittings, these lock nuts provide the secure clamping force needed for fuel, oil, coolant, brake, transmission, and power steering applications. Ideal for motorsport builds, off-road vehicles, marine systems, and custom engine bay fabrication.\n\nComplete your install with our matching AN Bulkheads, AN Fittings, and AN Assembly Tools for a clean, professional-grade plumbing solution built to perform.",https://colorfittings.com/wp-content/uploads/2026/02/Bulkhead-Nut-Purple.png,Purple,CF-BHF-08-N00-000-PU,Brake Fittings,True,"Target AN Size (-6, -8, -10)"
10.99,-8 AN Fitting Bulkhead Straight,"ColorFittings AN Union Bulkhead Fittings are precision CNC-machined adapters designed to pass AN lines securely through firewalls, panels, fuel cells, and chassis components. Engineered for high-performance fuel, oil, coolant, transmission, brake, and power steering systems, these AN bulkhead unions provide a secure, leak-free 37-degree flare seal on both sides of the panel.\n\nManufactured from aerospace-grade 6061-T6 billet aluminum and finished with ColorFittings’ proprietary anodizing process, these bulkhead fittings offer superior strength, corrosion resistance, and durability in high-pressure and high-temperature environments. Compatible with E85, ethanol-based fuels, race fuel, pump gas, oil, coolant, hydraulic fluid, and air systems, they are ideal for street performance, drag racing, road racing, off-road, and marine applications.\n\nThe threaded bulkhead design with included locking nut ensures a tight, secure mount through sheet metal, carbon fiber, aluminum panels, or firewalls while maintaining proper AN flare alignment for consistent sealing performance.\n\nComplete your install with our matching AN Bulkhead Nuts, AN Fittings, and AN Assembly Tools for a clean, professional-grade plumbing solution built to perform.",https://colorfittings.com/wp-content/uploads/2026/02/Bulkhead-Fitting-Straight-Purple.png,Purple,CF-BHF-08-000-000-PU,Brake Fittings,True,"Target AN Size (-6, -8, -10)"
2.99,-6 AN Fitting Bulkhead Nut,"ColorFittings AN Bulkhead Lock Nuts are precision CNC-machined to securely fasten AN bulkhead fittings through firewalls, chassis panels, fuel cells, and custom fabrication projects. Designed to provide a tight, vibration-resistant hold, these bulkhead nuts ensure proper alignment and a secure mounting surface for leak-free AN plumbing systems.\nManufactured from aerospace-grade 6061-T6 billet aluminum and finished with ColorFittings’ proprietary anodizing process, these AN bulkhead nuts deliver superior strength, corrosion resistance, and long-term durability in high-heat, high-vibration racing and street performance environments.\nEngineered for use with ColorFittings AN Union Bulkhead Fittings, these lock nuts provide the secure clamping force needed for fuel, oil, coolant, brake, transmission, and power steering applications. Ideal for motorsport builds, off-road vehicles, marine systems, and custom engine bay fabrication.\nComplete your install with our matching AN Bulkheads, AN Fittings, and AN Assembly Tools for a clean, professional-grade plumbing solution built to perform.",https://colorfittings.com/wp-content/uploads/2026/02/Bulkhead-Nut-Purple.png,Purple,CF-BHF-06-N00-000-PU,Brake Fittings,True,"Target AN Size (-6, -8, -10)"
8.99,-6 AN Fitting Bulkhead Straight,"ColorFittings AN Union Bulkhead Fittings are precision CNC-machined adapters designed to pass AN lines securely through firewalls, panels, fuel cells, and chassis components. Engineered for high-performance fuel, oil, coolant, transmission, brake, and power steering systems, these AN bulkhead unions provide a secure, leak-free 37-degree flare seal on both sides of the panel.\nManufactured from aerospace-grade 6061-T6 billet aluminum and finished with ColorFittings’ proprietary anodizing process, these bulkhead fittings offer superior strength, corrosion resistance, and durability in high-pressure and high-temperature environments. Compatible with E85, ethanol-based fuels, race fuel, pump gas, oil, coolant, hydraulic fluid, and air systems, they are ideal for street performance, drag racing, road racing, off-road, and marine applications.\nThe threaded bulkhead design with included locking nut ensures a tight, secure mount through sheet metal, carbon fiber, aluminum panels, or firewalls while maintaining proper AN flare alignment for consistent sealing performance.\nComplete your install with our matching AN Bulkhead Nuts, AN Fittings, and AN Assembly Tools for a clean, professional-grade plumbing solution built to perform.",https://colorfittings.com/wp-content/uploads/2026/02/Bulkhead-Fitting-Straight-Purple.png,Purple,CF-BHF-06-000-000-PU,Brake Fittings,True,"Target AN Size (-6, -8, -10)"
13.99,-12AN Hose Separator,"This product is designed for and sized to be used with our Standard Nylon Braided Hose.\n\nThis Hose Separator is available in the following colors: Purple, Black, Teal, Red, Green, Orange, and Gold",https://colorfittings.com/wp-content/uploads/2022/11/AN-Fitting-Black-Hose-Separator.png,black,CF-AHS-12-000-000-BL,Hose Separators,True,Hose & Line / Hardware
31.28,-10 AN 180 Degree Female Aluminum Hose End (PTFE),"ColorFittings 180 Degree PTFE Female Aluminum Hose Ends are precision-engineered for high-pressure fuel, oil, coolant, brake, clutch, power steering, and E85 applications. Designed specifically for PTFE (Teflon-lined) braided hose, these PTFE fittings provide a secure, leak-free 37-degree flare seal for demanding street performance, racing, marine, and motorsport plumbing systems.\n\nEach PTFE female hose end is CNC machined from aerospace-grade 6061-T6 billet aluminum and finished with ColorFittings’ proprietary polishing and anodizing process for superior corrosion resistance, strength, and long-term durability. Built to handle high temperature and high-pressure environments, these fittings are fully compatible with E85, ethanol, race fuel, pump gas, brake fluid, transmission fluid, oil, coolant, and hydraulic systems.\n\nLooking to complete your system? Explore our full range of PTFE Hose, Hose Separators, and Fitting Assembly Tools.",https://colorfittings.com/wp-content/uploads/2026/02/green-ptfe-180-degree-swivel-hose-end.png,Green,CF-FPE-10-180-000-GR,PTFE Hose Fittings,True,"Target AN Size (-6, -8, -10)"
31.28,-10 AN 180 Degree Female Aluminum Hose End (PTFE),"ColorFittings 180 Degree PTFE Female Aluminum Hose Ends are precision-engineered for high-pressure fuel, oil, coolant, brake, clutch, power steering, and E85 applications. Designed specifically for PTFE (Teflon-lined) braided hose, these PTFE fittings provide a secure, leak-free 37-degree flare seal for demanding street performance, racing, marine, and motorsport plumbing systems.\n\nEach PTFE female hose end is CNC machined from aerospace-grade 6061-T6 billet aluminum and finished with ColorFittings’ proprietary polishing and anodizing process for superior corrosion resistance, strength, and long-term durability. Built to handle high temperature and high-pressure environments, these fittings are fully compatible with E85, ethanol, race fuel, pump gas, brake fluid, transmission fluid, oil, coolant, and hydraulic systems.\n\nLooking to complete your system? Explore our full range of PTFE Hose, Hose Separators, and Fitting Assembly Tools.",https://colorfittings.com/wp-content/uploads/2026/02/red-ptfe-180-degree-swivel-hose-end.png,Red,CF-FPE-10-180-000-RD,PTFE Hose Fittings,True,"Target AN Size (-6, -8, -10)"
31.28,-10 AN 180 Degree Female Aluminum Hose End (PTFE),"ColorFittings 180 Degree PTFE Female Aluminum Hose Ends are precision-engineered for high-pressure fuel, oil, coolant, brake, clutch, power steering, and E85 applications. Designed specifically for PTFE (Teflon-lined) braided hose, these PTFE fittings provide a secure, leak-free 37-degree flare seal for demanding street performance, racing, marine, and motorsport plumbing systems.\n\nEach PTFE female hose end is CNC machined from aerospace-grade 6061-T6 billet aluminum and finished with ColorFittings’ proprietary polishing and anodizing process for superior corrosion resistance, strength, and long-term durability. Built to handle high temperature and high-pressure environments, these fittings are fully compatible with E85, ethanol, race fuel, pump gas, brake fluid, transmission fluid, oil, coolant, and hydraulic systems.\n\nLooking to complete your system? Explore our full range of PTFE Hose, Hose Separators, and Fitting Assembly Tools.",https://colorfittings.com/wp-content/uploads/2026/02/gold-ptfe-180-degree-swivel-hose-end.png,Gold,CF-FPE-10-180-000-GD,PTFE Hose Fittings,True,"Target AN Size (-6, -8, -10)"
194.99,ColorFittings Carbon Fiber Display Case,"Showcase the Original Colored AN Fittings with the official ColorFittings 7-Color Display Case. Designed for dealers, vendors, and performance shops, this premium shadow box features all seven of our signature anodized colors mounted against a high-gloss carbon fiber backing for a clean, motorsport-inspired presentation.\nEach display is professionally assembled to highlight the depth, finish, and precision machining of our CNC 6061-T6 billet aluminum fittings. The carbon fiber background enhances contrast and makes each color pop, creating an eye-catching retail or showroom centerpiece that instantly communicates quality and performance.\nPerfect for:\n\n\n 	\nPerformance shops and speed stores\n\n 	\nAutomotive dealerships\n\n 	\nRace teams and fabrication shops\n\n 	\nTrade show booths and vendor displays\n\n 	\nGarage or showroom wall décor\n\n\nBuilt to elevate your retail presence, this ColorFittings shadow box display helps customers see and compare all seven anodized color options in person — making purchase decisions easier and increasing upsell opportunities.\nComplete your display setup with our full line of AN fittings, braided hose, and assembly tools to bring the full ColorFittings experience to your customers.",https://colorfittings.com/wp-content/uploads/2026/02/vendor-display-color-case-carbon-backboard.png,Black,CF-FDC-10-000-000-BL,Miscellaneous,True,"Target AN Size (-6, -8, -10)"
22.99,-16 AN Male to -12 AN Female Reducer Union,"ColorFittings AN Male to AN Female Reducer Union Fittings are precision-engineered to connect and transition between different AN flare sizes, providing a secure, leak-free solution for fuel, oil, coolant, transmission, and power steering plumbing systems.\nEach adapter is CNC machined from 6061-T6 billet aluminum and finished with ColorFittings’ proprietary polishing and anodizing process for maximum strength, corrosion resistance, and long-term durability. These fittings are designed to withstand high pressure and high temperature environments commonly found in racing, street performance, marine, and aviation applications.\nOur AN Male to AN Female Reducer Union Fittings are manufactured to provide a perfect fit and seal when paired with ColorFittings AN fittings, which are specifically engineered for use with E85, ethanol-based fuels, and race fuels. When combined with our nylon or stainless steel braided hose, these adapters deliver reliable performance and clean routing for any high-performance plumbing system.\nFor best installation results, we strongly recommend using our AN Fitting Assembly Tools, which help prevent fitting damage and ensure proper hose and fitting alignment. Please reference our installation video and fitting guide for proper assembly techniques and torque recommendations.\nLooking to complete your system? Explore our full range of AN fittings, metric adapters, braided hose, and fitting assembly tools.",https://colorfittings.com/wp-content/uploads/2026/02/Male-To-Female-Reducer-Union-Black.png,Black,CF-M2F-16-012-000-BL,Adapters and Unions,True,"Target AN Size (-6, -8, -10)"
16.99,-12 AN Male to -8 AN Female Reducer Union,"ColorFittings AN Male to AN Female Reducer Union Fittings are precision-engineered to connect and transition between different AN flare sizes, providing a secure, leak-free solution for fuel, oil, coolant, transmission, and power steering plumbing systems.\nEach adapter is CNC machined from 6061-T6 billet aluminum and finished with ColorFittings’ proprietary polishing and anodizing process for maximum strength, corrosion resistance, and long-term durability. These fittings are designed to withstand high pressure and high temperature environments commonly found in racing, street performance, marine, and aviation applications.\nOur AN Male to AN Female Reducer Union Fittings are manufactured to provide a perfect fit and seal when paired with ColorFittings AN fittings, which are specifically engineered for use with E85, ethanol-based fuels, and race fuels. When combined with our nylon or stainless steel braided hose, these adapters deliver reliable performance and clean routing for any high-performance plumbing system.\nFor best installation results, we strongly recommend using our AN Fitting Assembly Tools, which help prevent fitting damage and ensure proper hose and fitting alignment. Please reference our installation video and fitting guide for proper assembly techniques and torque recommendations.\nLooking to complete your system? Explore our full range of AN fittings, metric adapters, braided hose, and fitting assembly tools.",https://colorfittings.com/wp-content/uploads/2026/02/Male-To-Female-Reducer-Union-Black.png,Black,CF-M2F-12-008-000-BL,Adapters and Unions,True,"Target AN Size (-6, -8, -10)"
12.99,-6 AN Male to -10 AN Female Reducer Union,"ColorFittings AN Male to AN Female Reducer Union Fittings are precision-engineered to connect and transition between different AN flare sizes, providing a secure, leak-free solution for fuel, oil, coolant, transmission, and power steering plumbing systems.\nEach adapter is CNC machined from 6061-T6 billet aluminum and finished with ColorFittings’ proprietary polishing and anodizing process for maximum strength, corrosion resistance, and long-term durability. These fittings are designed to withstand high pressure and high temperature environments commonly found in racing, street performance, marine, and aviation applications.\nOur AN Male to AN Female Reducer Union Fittings are manufactured to provide a perfect fit and seal when paired with ColorFittings AN fittings, which are specifically engineered for use with E85, ethanol-based fuels, and race fuels. When combined with our nylon or stainless steel braided hose, these adapters deliver reliable performance and clean routing for any high-performance plumbing system.\nFor best installation results, we strongly recommend using our AN Fitting Assembly Tools, which help prevent fitting damage and ensure proper hose and fitting alignment. Please reference our installation video and fitting guide for proper assembly techniques and torque recommendations.\nLooking to complete your system? Explore our full range of AN fittings, metric adapters, braided hose, and fitting assembly tools.",https://colorfittings.com/wp-content/uploads/2026/02/Male-To-Female-Reducer-Union-Black.png,Black,CF-M2F-06-010-000-BL,Adapters and Unions,True,"Target AN Size (-6, -8, -10)"
16.99,-12 AN Male to -10 AN Female Reducer Union,"ColorFittings AN Male to AN Female Reducer Union Fittings are precision-engineered to connect and transition between different AN flare sizes, providing a secure, leak-free solution for fuel, oil, coolant, transmission, and power steering plumbing systems.\nEach adapter is CNC machined from 6061-T6 billet aluminum and finished with ColorFittings’ proprietary polishing and anodizing process for maximum strength, corrosion resistance, and long-term durability. These fittings are designed to withstand high pressure and high temperature environments commonly found in racing, street performance, marine, and aviation applications.\nOur AN Male to AN Female Reducer Union Fittings are manufactured to provide a perfect fit and seal when paired with ColorFittings AN fittings, which are specifically engineered for use with E85, ethanol-based fuels, and race fuels. When combined with our nylon or stainless steel braided hose, these adapters deliver reliable performance and clean routing for any high-performance plumbing system.\nFor best installation results, we strongly recommend using our AN Fitting Assembly Tools, which help prevent fitting damage and ensure proper hose and fitting alignment. Please reference our installation video and fitting guide for proper assembly techniques and torque recommendations.\nLooking to complete your system? Explore our full range of AN fittings, metric adapters, braided hose, and fitting assembly tools.",https://colorfittings.com/wp-content/uploads/2026/02/Male-To-Female-Reducer-Union-Black.png,Black,CF-M2F-12-010-000-BL,Adapters and Unions,True,"Target AN Size (-6, -8, -10)"
16.99,-10 AN Male to -10 AN Female Reducer Union,"ColorFittings AN Male to AN Female Reducer Union Fittings are precision-engineered to connect and transition between different AN flare sizes, providing a secure, leak-free solution for fuel, oil, coolant, transmission, and power steering plumbing systems.\nEach adapter is CNC machined from 6061-T6 billet aluminum and finished with ColorFittings’ proprietary polishing and anodizing process for maximum strength, corrosion resistance, and long-term durability. These fittings are designed to withstand high pressure and high temperature environments commonly found in racing, street performance, marine, and aviation applications.\nOur AN Male to AN Female Reducer Union Fittings are manufactured to provide a perfect fit and seal when paired with ColorFittings AN fittings, which are specifically engineered for use with E85, ethanol-based fuels, and race fuels. When combined with our nylon or stainless steel braided hose, these adapters deliver reliable performance and clean routing for any high-performance plumbing system.\nFor best installation results, we strongly recommend using our AN Fitting Assembly Tools, which help prevent fitting damage and ensure proper hose and fitting alignment. Please reference our installation video and fitting guide for proper assembly techniques and torque recommendations.\nLooking to complete your system? Explore our full range of AN fittings, metric adapters, braided hose, and fitting assembly tools.",https://colorfittings.com/wp-content/uploads/2026/02/Male-To-Female-Reducer-Union-Black.png,Black,CF-M2F-10-010-000-BL,Adapters and Unions,True,"Target AN Size (-6, -8, -10)"
22.99,-12 AN Male to -16 AN Female Reducer Union,"ColorFittings AN Male to AN Female Reducer Union Fittings are precision-engineered to connect and transition between different AN flare sizes, providing a secure, leak-free solution for fuel, oil, coolant, transmission, and power steering plumbing systems.\nEach adapter is CNC machined from 6061-T6 billet aluminum and finished with ColorFittings’ proprietary polishing and anodizing process for maximum strength, corrosion resistance, and long-term durability. These fittings are designed to withstand high pressure and high temperature environments commonly found in racing, street performance, marine, and aviation applications.\nOur AN Male to AN Female Reducer Union Fittings are manufactured to provide a perfect fit and seal when paired with ColorFittings AN fittings, which are specifically engineered for use with E85, ethanol-based fuels, and race fuels. When combined with our nylon or stainless steel braided hose, these adapters deliver reliable performance and clean routing for any high-performance plumbing system.\nFor best installation results, we strongly recommend using our AN Fitting Assembly Tools, which help prevent fitting damage and ensure proper hose and fitting alignment. Please reference our installation video and fitting guide for proper assembly techniques and torque recommendations.\nLooking to complete your system? Explore our full range of AN fittings, metric adapters, braided hose, and fitting assembly tools.",https://colorfittings.com/wp-content/uploads/2026/02/Male-To-Female-Reducer-Union-Black.png,Black,CF-M2F-12-016-000-BL,Adapters and Unions,True,"Target AN Size (-6, -8, -10)"
16.99,-10 AN Male to -12 AN Female Reducer Union,"ColorFittings AN Male to AN Female Reducer Union Fittings are precision-engineered to connect and transition between different AN flare sizes, providing a secure, leak-free solution for fuel, oil, coolant, transmission, and power steering plumbing systems.\nEach adapter is CNC machined from 6061-T6 billet aluminum and finished with ColorFittings’ proprietary polishing and anodizing process for maximum strength, corrosion resistance, and long-term durability. These fittings are designed to withstand high pressure and high temperature environments commonly found in racing, street performance, marine, and aviation applications.\nOur AN Male to AN Female Reducer Union Fittings are manufactured to provide a perfect fit and seal when paired with ColorFittings AN fittings, which are specifically engineered for use with E85, ethanol-based fuels, and race fuels. When combined with our nylon or stainless steel braided hose, these adapters deliver reliable performance and clean routing for any high-performance plumbing system.\nFor best installation results, we strongly recommend using our AN Fitting Assembly Tools, which help prevent fitting damage and ensure proper hose and fitting alignment. Please reference our installation video and fitting guide for proper assembly techniques and torque recommendations.\nLooking to complete your system? Explore our full range of AN fittings, metric adapters, braided hose, and fitting assembly tools.",https://colorfittings.com/wp-content/uploads/2026/02/Male-To-Female-Reducer-Union-Black.png,Black,CF-M2F-10-012-000-BL,Adapters and Unions,True,"Target AN Size (-6, -8, -10)"
16.99,-6 AN Male to -12 AN Female Reducer Union,"ColorFittings AN Male to AN Female Reducer Union Fittings are precision-engineered to connect and transition between different AN flare sizes, providing a secure, leak-free solution for fuel, oil, coolant, transmission, and power steering plumbing systems.\nEach adapter is CNC machined from 6061-T6 billet aluminum and finished with ColorFittings’ proprietary polishing and anodizing process for maximum strength, corrosion resistance, and long-term durability. These fittings are designed to withstand high pressure and high temperature environments commonly found in racing, street performance, marine, and aviation applications.\nOur AN Male to AN Female Reducer Union Fittings are manufactured to provide a perfect fit and seal when paired with ColorFittings AN fittings, which are specifically engineered for use with E85, ethanol-based fuels, and race fuels. When combined with our nylon or stainless steel braided hose, these adapters deliver reliable performance and clean routing for any high-performance plumbing system.\nFor best installation results, we strongly recommend using our AN Fitting Assembly Tools, which help prevent fitting damage and ensure proper hose and fitting alignment. Please reference our installation video and fitting guide for proper assembly techniques and torque recommendations.\nLooking to complete your system? Explore our full range of AN fittings, metric adapters, braided hose, and fitting assembly tools.",https://colorfittings.com/wp-content/uploads/2026/02/Male-To-Female-Reducer-Union-Black.png,Black,CF-M2F-06-012-000-BL,Adapters and Unions,True,"Target AN Size (-6, -8, -10)"
12.99,-10 AN Male to -6 AN Female Reducer Union,"ColorFittings AN Male to AN Female Reducer Union Fittings are precision-engineered to connect and transition between different AN flare sizes, providing a secure, leak-free solution for fuel, oil, coolant, transmission, and power steering plumbing systems.\nEach adapter is CNC machined from 6061-T6 billet aluminum and finished with ColorFittings’ proprietary polishing and anodizing process for maximum strength, corrosion resistance, and long-term durability. These fittings are designed to withstand high pressure and high temperature environments commonly found in racing, street performance, marine, and aviation applications.\nOur AN Male to AN Female Reducer Union Fittings are manufactured to provide a perfect fit and seal when paired with ColorFittings AN fittings, which are specifically engineered for use with E85, ethanol-based fuels, and race fuels. When combined with our nylon or stainless steel braided hose, these adapters deliver reliable performance and clean routing for any high-performance plumbing system.\nFor best installation results, we strongly recommend using our AN Fitting Assembly Tools, which help prevent fitting damage and ensure proper hose and fitting alignment. Please reference our installation video and fitting guide for proper assembly techniques and torque recommendations.\nLooking to complete your system? Explore our full range of AN fittings, metric adapters, braided hose, and fitting assembly tools.",https://colorfittings.com/wp-content/uploads/2026/02/Male-To-Female-Reducer-Union-Black.png,Black,CF-M2F-10-006-000-BL,Adapters and Unions,True,"Target AN Size (-6, -8, -10)"
12.99,-10 AN Male to -8 AN Female Reducer Union,"ColorFittings AN Male to AN Female Reducer Union Fittings are precision-engineered to connect and transition between different AN flare sizes, providing a secure, leak-free solution for fuel, oil, coolant, transmission, and power steering plumbing systems.\nEach adapter is CNC machined from 6061-T6 billet aluminum and finished with ColorFittings’ proprietary polishing and anodizing process for maximum strength, corrosion resistance, and long-term durability. These fittings are designed to withstand high pressure and high temperature environments commonly found in racing, street performance, marine, and aviation applications.\nOur AN Male to AN Female Reducer Union Fittings are manufactured to provide a perfect fit and seal when paired with ColorFittings AN fittings, which are specifically engineered for use with E85, ethanol-based fuels, and race fuels. When combined with our nylon or stainless steel braided hose, these adapters deliver reliable performance and clean routing for any high-performance plumbing system.\nFor best installation results, we strongly recommend using our AN Fitting Assembly Tools, which help prevent fitting damage and ensure proper hose and fitting alignment. Please reference our installation video and fitting guide for proper assembly techniques and torque recommendations.\nLooking to complete your system? Explore our full range of AN fittings, metric adapters, braided hose, and fitting assembly tools.",https://colorfittings.com/wp-content/uploads/2026/02/Male-To-Female-Reducer-Union-Black.png,Black,CF-M2F-10-008-000-BL,Adapters and Unions,True,"Target AN Size (-6, -8, -10)"
16.99,-8 AN Male to -12 AN Female Reducer Union,"ColorFittings AN Male to AN Female Reducer Union Fittings are precision-engineered to connect and transition between different AN flare sizes, providing a secure, leak-free solution for fuel, oil, coolant, transmission, and power steering plumbing systems.\nEach adapter is CNC machined from 6061-T6 billet aluminum and finished with ColorFittings’ proprietary polishing and anodizing process for maximum strength, corrosion resistance, and long-term durability. These fittings are designed to withstand high pressure and high temperature environments commonly found in racing, street performance, marine, and aviation applications.\nOur AN Male to AN Female Reducer Union Fittings are manufactured to provide a perfect fit and seal when paired with ColorFittings AN fittings, which are specifically engineered for use with E85, ethanol-based fuels, and race fuels. When combined with our nylon or stainless steel braided hose, these adapters deliver reliable performance and clean routing for any high-performance plumbing system.\nFor best installation results, we strongly recommend using our AN Fitting Assembly Tools, which help prevent fitting damage and ensure proper hose and fitting alignment. Please reference our installation video and fitting guide for proper assembly techniques and torque recommendations.\nLooking to complete your system? Explore our full range of AN fittings, metric adapters, braided hose, and fitting assembly tools.",https://colorfittings.com/wp-content/uploads/2026/02/Male-To-Female-Reducer-Union-Black.png,Black,CF-M2F-08-012-000-BL,Adapters and Unions,True,"Target AN Size (-6, -8, -10)"
12.99,-8 AN Male to -10 AN Female Reducer Union,"ColorFittings AN Male to AN Female Reducer Union Fittings are precision-engineered to connect and transition between different AN flare sizes, providing a secure, leak-free solution for fuel, oil, coolant, transmission, and power steering plumbing systems.\nEach adapter is CNC machined from 6061-T6 billet aluminum and finished with ColorFittings’ proprietary polishing and anodizing process for maximum strength, corrosion resistance, and long-term durability. These fittings are designed to withstand high pressure and high temperature environments commonly found in racing, street performance, marine, and aviation applications.\nOur AN Male to AN Female Reducer Union Fittings are manufactured to provide a perfect fit and seal when paired with ColorFittings AN fittings, which are specifically engineered for use with E85, ethanol-based fuels, and race fuels. When combined with our nylon or stainless steel braided hose, these adapters deliver reliable performance and clean routing for any high-performance plumbing system.\nFor best installation results, we strongly recommend using our AN Fitting Assembly Tools, which help prevent fitting damage and ensure proper hose and fitting alignment. Please reference our installation video and fitting guide for proper assembly techniques and torque recommendations.\nLooking to complete your system? Explore our full range of AN fittings, metric adapters, braided hose, and fitting assembly tools.",https://colorfittings.com/wp-content/uploads/2026/02/Male-To-Female-Reducer-Union-Black.png,Black,CF-M2F-08-010-000-BL,Adapters and Unions,True,"Target AN Size (-6, -8, -10)"
11.99,-4 AN Male to -10 AN Female Reducer Union,"ColorFittings AN Male to AN Female Reducer Union Fittings are precision-engineered to connect and transition between different AN flare sizes, providing a secure, leak-free solution for fuel, oil, coolant, transmission, and power steering plumbing systems.\nEach adapter is CNC machined from 6061-T6 billet aluminum and finished with ColorFittings’ proprietary polishing and anodizing process for maximum strength, corrosion resistance, and long-term durability. These fittings are designed to withstand high pressure and high temperature environments commonly found in racing, street performance, marine, and aviation applications.\nOur AN Male to AN Female Reducer Union Fittings are manufactured to provide a perfect fit and seal when paired with ColorFittings AN fittings, which are specifically engineered for use with E85, ethanol-based fuels, and race fuels. When combined with our nylon or stainless steel braided hose, these adapters deliver reliable performance and clean routing for any high-performance plumbing system.\nFor best installation results, we strongly recommend using our AN Fitting Assembly Tools, which help prevent fitting damage and ensure proper hose and fitting alignment. Please reference our installation video and fitting guide for proper assembly techniques and torque recommendations.\nLooking to complete your system? Explore our full range of AN fittings, metric adapters, braided hose, and fitting assembly tools.",https://colorfittings.com/wp-content/uploads/2026/02/Male-To-Female-Reducer-Union-Black.png,Black,CF-M2F-04-010-000-BL,Adapters and Unions,True,"Target AN Size (-6, -8, -10)"
11.99,-4 AN Male to -8 AN Female Reducer Union,"ColorFittings AN Male to AN Female Reducer Union Fittings are precision-engineered to connect and transition between different AN flare sizes, providing a secure, leak-free solution for fuel, oil, coolant, transmission, and power steering plumbing systems.\nEach adapter is CNC machined from 6061-T6 billet aluminum and finished with ColorFittings’ proprietary polishing and anodizing process for maximum strength, corrosion resistance, and long-term durability. These fittings are designed to withstand high pressure and high temperature environments commonly found in racing, street performance, marine, and aviation applications.\nOur AN Male to AN Female Reducer Union Fittings are manufactured to provide a perfect fit and seal when paired with ColorFittings AN fittings, which are specifically engineered for use with E85, ethanol-based fuels, and race fuels. When combined with our nylon or stainless steel braided hose, these adapters deliver reliable performance and clean routing for any high-performance plumbing system.\nFor best installation results, we strongly recommend using our AN Fitting Assembly Tools, which help prevent fitting damage and ensure proper hose and fitting alignment. Please reference our installation video and fitting guide for proper assembly techniques and torque recommendations.\nLooking to complete your system? Explore our full range of AN fittings, metric adapters, braided hose, and fitting assembly tools.",https://colorfittings.com/wp-content/uploads/2026/02/Male-To-Female-Reducer-Union-Black.png,Black,CF-M2F-04-008-000-BL,Adapters and Unions,True,"Target AN Size (-6, -8, -10)"
11.99,-4 AN Male to -6 AN Female Reducer Union,"ColorFittings AN Male to AN Female Reducer Union Fittings are precision-engineered to connect and transition between different AN flare sizes, providing a secure, leak-free solution for fuel, oil, coolant, transmission, and power steering plumbing systems.\nEach adapter is CNC machined from 6061-T6 billet aluminum and finished with ColorFittings’ proprietary polishing and anodizing process for maximum strength, corrosion resistance, and long-term durability. These fittings are designed to withstand high pressure and high temperature environments commonly found in racing, street performance, marine, and aviation applications.\nOur AN Male to AN Female Reducer Union Fittings are manufactured to provide a perfect fit and seal when paired with ColorFittings AN fittings, which are specifically engineered for use with E85, ethanol-based fuels, and race fuels. When combined with our nylon or stainless steel braided hose, these adapters deliver reliable performance and clean routing for any high-performance plumbing system.\nFor best installation results, we strongly recommend using our AN Fitting Assembly Tools, which help prevent fitting damage and ensure proper hose and fitting alignment. Please reference our installation video and fitting guide for proper assembly techniques and torque recommendations.\nLooking to complete your system? Explore our full range of AN fittings, metric adapters, braided hose, and fitting assembly tools.",https://colorfittings.com/wp-content/uploads/2026/02/Male-To-Female-Reducer-Union-Black.png,Black,CF-M2F-04-006-000-BL,Adapters and Unions,True,"Target AN Size (-6, -8, -10)"
11.99,-3 AN Male to -6 AN Female Reducer Union,"ColorFittings AN Male to AN Female Reducer Union Fittings are precision-engineered to connect and transition between different AN flare sizes, providing a secure, leak-free solution for fuel, oil, coolant, transmission, and power steering plumbing systems.\nEach adapter is CNC machined from 6061-T6 billet aluminum and finished with ColorFittings’ proprietary polishing and anodizing process for maximum strength, corrosion resistance, and long-term durability. These fittings are designed to withstand high pressure and high temperature environments commonly found in racing, street performance, marine, and aviation applications.\nOur AN Male to AN Female Reducer Union Fittings are manufactured to provide a perfect fit and seal when paired with ColorFittings AN fittings, which are specifically engineered for use with E85, ethanol-based fuels, and race fuels. When combined with our nylon or stainless steel braided hose, these adapters deliver reliable performance and clean routing for any high-performance plumbing system.\nFor best installation results, we strongly recommend using our AN Fitting Assembly Tools, which help prevent fitting damage and ensure proper hose and fitting alignment. Please reference our installation video and fitting guide for proper assembly techniques and torque recommendations.\nLooking to complete your system? Explore our full range of AN fittings, metric adapters, braided hose, and fitting assembly tools.",https://colorfittings.com/wp-content/uploads/2026/02/Male-To-Female-Reducer-Union-Black.png,Black,CF-M2F-03-006-000-BL,Adapters and Unions,True,"Target AN Size (-6, -8, -10)"
11.99,-8 AN Male to -8 AN Female Reducer Union,"ColorFittings AN Male to AN Female Reducer Union Fittings are precision-engineered to connect and transition between different AN flare sizes, providing a secure, leak-free solution for fuel, oil, coolant, transmission, and power steering plumbing systems.\nEach adapter is CNC machined from 6061-T6 billet aluminum and finished with ColorFittings’ proprietary polishing and anodizing process for maximum strength, corrosion resistance, and long-term durability. These fittings are designed to withstand high pressure and high temperature environments commonly found in racing, street performance, marine, and aviation applications.\nOur AN Male to AN Female Reducer Union Fittings are manufactured to provide a perfect fit and seal when paired with ColorFittings AN fittings, which are specifically engineered for use with E85, ethanol-based fuels, and race fuels. When combined with our nylon or stainless steel braided hose, these adapters deliver reliable performance and clean routing for any high-performance plumbing system.\nFor best installation results, we strongly recommend using our AN Fitting Assembly Tools, which help prevent fitting damage and ensure proper hose and fitting alignment. Please reference our installation video and fitting guide for proper assembly techniques and torque recommendations.\nLooking to complete your system? Explore our full range of AN fittings, metric adapters, braided hose, and fitting assembly tools.",https://colorfittings.com/wp-content/uploads/2026/02/Male-To-Female-Reducer-Union-Black.png,Black,CF-M2F-08-008-000-BL,Adapters and Unions,True,"Target AN Size (-6, -8, -10)"
11.99,-8 AN Male to -6 AN Female Reducer Union,"ColorFittings AN Male to AN Female Reducer Union Fittings are precision-engineered to connect and transition between different AN flare sizes, providing a secure, leak-free solution for fuel, oil, coolant, transmission, and power steering plumbing systems.\nEach adapter is CNC machined from 6061-T6 billet aluminum and finished with ColorFittings’ proprietary polishing and anodizing process for maximum strength, corrosion resistance, and long-term durability. These fittings are designed to withstand high pressure and high temperature environments commonly found in racing, street performance, marine, and aviation applications.\nOur AN Male to AN Female Reducer Union Fittings are manufactured to provide a perfect fit and seal when paired with ColorFittings AN fittings, which are specifically engineered for use with E85, ethanol-based fuels, and race fuels. When combined with our nylon or stainless steel braided hose, these adapters deliver reliable performance and clean routing for any high-performance plumbing system.\nFor best installation results, we strongly recommend using our AN Fitting Assembly Tools, which help prevent fitting damage and ensure proper hose and fitting alignment. Please reference our installation video and fitting guide for proper assembly techniques and torque recommendations.\nLooking to complete your system? Explore our full range of AN fittings, metric adapters, braided hose, and fitting assembly tools.",https://colorfittings.com/wp-content/uploads/2026/02/Male-To-Female-Reducer-Union-Black.png,Black,CF-M2F-08-006-000-BL,Adapters and Unions,True,"Target AN Size (-6, -8, -10)"
11.99,-8 AN Male to -4 AN Female Reducer Union,"ColorFittings AN Male to AN Female Reducer Union Fittings are precision-engineered to connect and transition between different AN flare sizes, providing a secure, leak-free solution for fuel, oil, coolant, transmission, and power steering plumbing systems.\nEach adapter is CNC machined from 6061-T6 billet aluminum and finished with ColorFittings’ proprietary polishing and anodizing process for maximum strength, corrosion resistance, and long-term durability. These fittings are designed to withstand high pressure and high temperature environments commonly found in racing, street performance, marine, and aviation applications.\nOur AN Male to AN Female Reducer Union Fittings are manufactured to provide a perfect fit and seal when paired with ColorFittings AN fittings, which are specifically engineered for use with E85, ethanol-based fuels, and race fuels. When combined with our nylon or stainless steel braided hose, these adapters deliver reliable performance and clean routing for any high-performance plumbing system.\nFor best installation results, we strongly recommend using our AN Fitting Assembly Tools, which help prevent fitting damage and ensure proper hose and fitting alignment. Please reference our installation video and fitting guide for proper assembly techniques and torque recommendations.\nLooking to complete your system? Explore our full range of AN fittings, metric adapters, braided hose, and fitting assembly tools.",https://colorfittings.com/wp-content/uploads/2026/02/Male-To-Female-Reducer-Union-Black.png,Black,CF-M2F-08-004-000-BL,Adapters and Unions,True,"Target AN Size (-6, -8, -10)"
11.99,-6 AN Male to -4 AN Female Reducer Union,"ColorFittings AN Male to AN Female Reducer Union Fittings are precision-engineered to connect and transition between different AN flare sizes, providing a secure, leak-free solution for fuel, oil, coolant, transmission, and power steering plumbing systems.\nEach adapter is CNC machined from 6061-T6 billet aluminum and finished with ColorFittings’ proprietary polishing and anodizing process for maximum strength, corrosion resistance, and long-term durability. These fittings are designed to withstand high pressure and high temperature environments commonly found in racing, street performance, marine, and aviation applications.\nOur AN Male to AN Female Reducer Union Fittings are manufactured to provide a perfect fit and seal when paired with ColorFittings AN fittings, which are specifically engineered for use with E85, ethanol-based fuels, and race fuels. When combined with our nylon or stainless steel braided hose, these adapters deliver reliable performance and clean routing for any high-performance plumbing system.\nFor best installation results, we strongly recommend using our AN Fitting Assembly Tools, which help prevent fitting damage and ensure proper hose and fitting alignment. Please reference our installation video and fitting guide for proper assembly techniques and torque recommendations.\nLooking to complete your system? Explore our full range of AN fittings, metric adapters, braided hose, and fitting assembly tools.",https://colorfittings.com/wp-content/uploads/2026/02/Male-To-Female-Reducer-Union-Black.png,Black,CF-M2F-06-004-000-BL,Adapters and Unions,True,"Target AN Size (-6, -8, -10)"
11.99,-6 AN Male to -3 AN Female Reducer Union,"ColorFittings AN Male to AN Female Reducer Union Fittings are precision-engineered to connect and transition between different AN flare sizes, providing a secure, leak-free solution for fuel, oil, coolant, transmission, and power steering plumbing systems.\nEach adapter is CNC machined from 6061-T6 billet aluminum and finished with ColorFittings’ proprietary polishing and anodizing process for maximum strength, corrosion resistance, and long-term durability. These fittings are designed to withstand high pressure and high temperature environments commonly found in racing, street performance, marine, and aviation applications.\nOur AN Male to AN Female Reducer Union Fittings are manufactured to provide a perfect fit and seal when paired with ColorFittings AN fittings, which are specifically engineered for use with E85, ethanol-based fuels, and race fuels. When combined with our nylon or stainless steel braided hose, these adapters deliver reliable performance and clean routing for any high-performance plumbing system.\nFor best installation results, we strongly recommend using our AN Fitting Assembly Tools, which help prevent fitting damage and ensure proper hose and fitting alignment. Please reference our installation video and fitting guide for proper assembly techniques and torque recommendations.\nLooking to complete your system? Explore our full range of AN fittings, metric adapters, braided hose, and fitting assembly tools.",https://colorfittings.com/wp-content/uploads/2026/02/Male-To-Female-Reducer-Union-Black.png,Black,CF-M2F-06-003-000-BL,Adapters and Unions,True,"Target AN Size (-6, -8, -10)"
11.99,-6 AN Male to -8 AN Female Reducer Union,"ColorFittings AN Male to AN Female Reducer Union Fittings are precision-engineered to connect and transition between different AN flare sizes, providing a secure, leak-free solution for fuel, oil, coolant, transmission, and power steering plumbing systems.\nEach adapter is CNC machined from 6061-T6 billet aluminum and finished with ColorFittings’ proprietary polishing and anodizing process for maximum strength, corrosion resistance, and long-term durability. These fittings are designed to withstand high pressure and high temperature environments commonly found in racing, street performance, marine, and aviation applications.\nOur AN Male to AN Female Reducer Union Fittings are manufactured to provide a perfect fit and seal when paired with ColorFittings AN fittings, which are specifically engineered for use with E85, ethanol-based fuels, and race fuels. When combined with our nylon or stainless steel braided hose, these adapters deliver reliable performance and clean routing for any high-performance plumbing system.\nFor best installation results, we strongly recommend using our AN Fitting Assembly Tools, which help prevent fitting damage and ensure proper hose and fitting alignment. Please reference our installation video and fitting guide for proper assembly techniques and torque recommendations.\nLooking to complete your system? Explore our full range of AN fittings, metric adapters, braided hose, and fitting assembly tools.",https://colorfittings.com/wp-content/uploads/2026/02/Male-To-Female-Reducer-Union-Black.png,Black,CF-M2F-06-008-000-BL,Adapters and Unions,True,"Target AN Size (-6, -8, -10)"
11.99,-6AN Male to -6AN Female Reducer Union,"ColorFittings AN Male to AN Female Reducer Union Fittings are precision-engineered to connect and transition between different AN flare sizes, providing a secure, leak-free solution for fuel, oil, coolant, transmission, and power steering plumbing systems.\nEach adapter is CNC machined from 6061-T6 billet aluminum and finished with ColorFittings’ proprietary polishing and anodizing process for maximum strength, corrosion resistance, and long-term durability. These fittings are designed to withstand high pressure and high temperature environments commonly found in racing, street performance, marine, and aviation applications.\nOur AN Male to AN Female Reducer Union Fittings are manufactured to provide a perfect fit and seal when paired with ColorFittings AN fittings, which are specifically engineered for use with E85, ethanol-based fuels, and race fuels. When combined with our nylon or stainless steel braided hose, these adapters deliver reliable performance and clean routing for any high-performance plumbing system.\nFor best installation results, we strongly recommend using our AN Fitting Assembly Tools, which help prevent fitting damage and ensure proper hose and fitting alignment. Please reference our installation video and fitting guide for proper assembly techniques and torque recommendations.\nLooking to complete your system? Explore our full range of AN fittings, metric adapters, braided hose, and fitting assembly tools.",,Black,CF-M2F-06-006-000-BL,Adapters and Unions,True,"Target AN Size (-6, -8, -10)"
11.7,10AN PTFE Braided Stainless Steel Hose / Line (E85 + Race Fuel Safe) - BY THE FOOT,"ColorFittings Stainless Steel PTFE Hose is engineered for high-pressure, high-temperature fluid transfer in fuel, oil, coolant, brake, and power steering systems. Featuring a smooth-bore PTFE inner liner with a tightly woven stainless steel braid, this hose delivers zero permeation, excellent chemical resistance, and consistent flow under extreme conditions.\nDesigned for racing, street performance, and marine applications, this PTFE hose is compatible with E85, ethanol-based fuels, race fuels, and aggressive fluids that degrade traditional rubber hose. The stainless steel braid provides superior abrasion resistance and structural integrity while maintaining flexibility for clean, precise routing.\nThis hose is designed to be used as part of the ColorFittings system. For a proper seal and reliable performance, pair it with our PTFE Hose Ends, precision-machined to match the PTFE liner and stainless braid. Use Hose Separators to organize multi-line installations and prevent abrasion, and complete assembly with our Hose Assembly Tools to ensure correct alignment, prevent damage, and achieve professional results.",https://colorfittings.com/wp-content/uploads/2026/02/AN-Fitting-PTFE-Stainless-Braided-Hose-Black-lowrez.png,Stainless Steel,CF-SPH-10-000-000-SS,Hose &amp; Line,True,"Target AN Size (-6, -8, -10)"
9.4,8AN PTFE Braided Stainless Steel Hose / Line (E85 + Race Fuel Safe) - BY THE FOOT,"ColorFittings Stainless Steel PTFE Hose is engineered for high-pressure, high-temperature fluid transfer in fuel, oil, coolant, brake, and power steering systems. Featuring a smooth-bore PTFE inner liner with a tightly woven stainless steel braid, this hose delivers zero permeation, excellent chemical resistance, and consistent flow under extreme conditions.\nDesigned for racing, street performance, and marine applications, this PTFE hose is compatible with E85, ethanol-based fuels, race fuels, and aggressive fluids that degrade traditional rubber hose. The stainless steel braid provides superior abrasion resistance and structural integrity while maintaining flexibility for clean, precise routing.\nThis hose is designed to be used as part of the ColorFittings system. For a proper seal and reliable performance, pair it with our PTFE Hose Ends, precision-machined to match the PTFE liner and stainless braid. Use Hose Separators to organize multi-line installations and prevent abrasion, and complete assembly with our Hose Assembly Tools to ensure correct alignment, prevent damage, and achieve professional results.",https://colorfittings.com/wp-content/uploads/2026/02/AN-Fitting-PTFE-Stainless-Braided-Hose-Black-lowrez.png,Stainless Steel,CF-SPH-08-000-000-SS,Hose &amp; Line,True,"Target AN Size (-6, -8, -10)"
7.6,6AN PTFE Braided Stainless Steel Hose / Line (E85 + Race Fuel Safe) - BY THE FOOT,"ColorFittings Stainless Steel PTFE Hose is engineered for high-pressure, high-temperature fluid transfer in fuel, oil, coolant, brake, and power steering systems. Featuring a smooth-bore PTFE inner liner with a tightly woven stainless steel braid, this hose delivers zero permeation, excellent chemical resistance, and consistent flow under extreme conditions.\nDesigned for racing, street performance, and marine applications, this PTFE hose is compatible with E85, ethanol-based fuels, race fuels, and aggressive fluids that degrade traditional rubber hose. The stainless steel braid provides superior abrasion resistance and structural integrity while maintaining flexibility for clean, precise routing.\nThis hose is designed to be used as part of the ColorFittings system. For a proper seal and reliable performance, pair it with our PTFE Hose Ends, precision-machined to match the PTFE liner and stainless braid. Use Hose Separators to organize multi-line installations and prevent abrasion, and complete assembly with our Hose Assembly Tools to ensure correct alignment, prevent damage, and achieve professional results.",https://colorfittings.com/wp-content/uploads/2026/02/AN-Fitting-PTFE-Stainless-Braided-Hose-Black-lowrez.png,Stainless Steel,CF-SPH-06-000-000-SS,Hose &amp; Line,True,"Target AN Size (-6, -8, -10)"
14.99,-8 AN to M24x1.5mm Metric Adapter,"ColorFittings AN to Metric Adapter and Union Fittings are precision-engineered to connect metric female ports to AN flare fittings, providing a secure, leak-free solution for fuel, oil, coolant, and power steering plumbing systems.\nEach adapter is CNC machined from 6061-T6 billet aluminum and finished with ColorFittings' proprietary polishing and anodizing process for maximum strength, corrosion resistance, and long-term durability. These fittings are designed to withstand high pressure and high temperature environments commonly found in racing, street performance, marine, and aviation applications.\nOur AN to Metric Adapters are manufactured to provide a perfect fit and seal when paired with ColorFittings AN fittings, which are specifically engineered for use with E85, ethanol-based fuels, and race fuels. When combined with our nylon or stainless steel braided hose, these adapters deliver reliable performance and clean routing for any high-performance plumbing system.\nLooking to complete your system? Explore our full range of AN fittings, metric adapters, braided hose, and fitting assembly tools.",https://colorfittings.com/wp-content/uploads/2026/04/Flare-To-Metric-Adapter-Black-75.png,Black,CF-F2M-08-024-015-BL,Adapters and Unions,True,"Target AN Size (-6, -8, -10)"
14.99,-8 AN to M16x1.5mm Metric Adapter,"ColorFittings AN to Metric Adapter and Union Fittings are precision-engineered to connect metric female ports to AN flare fittings, providing a secure, leak-free solution for fuel, oil, coolant, and power steering plumbing systems.\nEach adapter is CNC machined from 6061-T6 billet aluminum and finished with ColorFittings' proprietary polishing and anodizing process for maximum strength, corrosion resistance, and long-term durability. These fittings are designed to withstand high pressure and high temperature environments commonly found in racing, street performance, marine, and aviation applications.\nOur AN to Metric Adapters are manufactured to provide a perfect fit and seal when paired with ColorFittings AN fittings, which are specifically engineered for use with E85, ethanol-based fuels, and race fuels. When combined with our nylon or stainless steel braided hose, these adapters deliver reliable performance and clean routing for any high-performance plumbing system.\nLooking to complete your system? Explore our full range of AN fittings, metric adapters, braided hose, and fitting assembly tools.",https://colorfittings.com/wp-content/uploads/2026/04/Flare-To-Metric-Adapter-Black-130.png,Black,CF-F2M-08-016-015-BL,Adapters and Unions,True,"Target AN Size (-6, -8, -10)"
14.99,-8 AN to M18x1.5mm Metric Adapter,"ColorFittings AN to Metric Adapter and Union Fittings are precision-engineered to connect metric female ports to AN flare fittings, providing a secure, leak-free solution for fuel, oil, coolant, and power steering plumbing systems.\nEach adapter is CNC machined from 6061-T6 billet aluminum and finished with ColorFittings' proprietary polishing and anodizing process for maximum strength, corrosion resistance, and long-term durability. These fittings are designed to withstand high pressure and high temperature environments commonly found in racing, street performance, marine, and aviation applications.\nOur AN to Metric Adapters are manufactured to provide a perfect fit and seal when paired with ColorFittings AN fittings, which are specifically engineered for use with E85, ethanol-based fuels, and race fuels. When combined with our nylon or stainless steel braided hose, these adapters deliver reliable performance and clean routing for any high-performance plumbing system.\nLooking to complete your system? Explore our full range of AN fittings, metric adapters, braided hose, and fitting assembly tools.",https://colorfittings.com/wp-content/uploads/2026/04/Flare-To-Metric-Adapter-Black-67.png,Black,CF-F2M-08-018-015-BL,Adapters and Unions,True,"Target AN Size (-6, -8, -10)"
14.99,-6 AN to M22x1.5mm Metric Adapter,"ColorFittings AN to Metric Adapter and Union Fittings are precision-engineered to connect metric female ports to AN flare fittings, providing a secure, leak-free solution for fuel, oil, coolant, and power steering plumbing systems.\nEach adapter is CNC machined from 6061-T6 billet aluminum and finished with ColorFittings' proprietary polishing and anodizing process for maximum strength, corrosion resistance, and long-term durability. These fittings are designed to withstand high pressure and high temperature environments commonly found in racing, street performance, marine, and aviation applications.\nOur AN to Metric Adapters are manufactured to provide a perfect fit and seal when paired with ColorFittings AN fittings, which are specifically engineered for use with E85, ethanol-based fuels, and race fuels. When combined with our nylon or stainless steel braided hose, these adapters deliver reliable performance and clean routing for any high-performance plumbing system.\nLooking to complete your system? Explore our full range of AN fittings, metric adapters, braided hose, and fitting assembly tools.",https://colorfittings.com/wp-content/uploads/2026/04/Flare-To-Metric-Adapter-Black-43.png,Black,CF-F2M-06-022-015-BL,Adapters and Unions,True,"Target AN Size (-6, -8, -10)"
14.99,-8 AN to M14x1.25mm Metric Adapter,"ColorFittings AN to Metric Adapter and Union Fittings are precision-engineered to connect metric female ports to AN flare fittings, providing a secure, leak-free solution for fuel, oil, coolant, and power steering plumbing systems.\nEach adapter is CNC machined from 6061-T6 billet aluminum and finished with ColorFittings' proprietary polishing and anodizing process for maximum strength, corrosion resistance, and long-term durability. These fittings are designed to withstand high pressure and high temperature environments commonly found in racing, street performance, marine, and aviation applications.\nOur AN to Metric Adapters are manufactured to provide a perfect fit and seal when paired with ColorFittings AN fittings, which are specifically engineered for use with E85, ethanol-based fuels, and race fuels. When combined with our nylon or stainless steel braided hose, these adapters deliver reliable performance and clean routing for any high-performance plumbing system.\nLooking to complete your system? Explore our full range of AN fittings, metric adapters, braided hose, and fitting assembly tools.",https://colorfittings.com/wp-content/uploads/2026/04/Flare-To-Metric-Adapter-Black-65.png,Black,CF-F2M-08-014-125-BL,Adapters and Unions,True,"Target AN Size (-6, -8, -10)"
14.99,-8 AN to M10x1.0mm Metric Adapter,"ColorFittings AN to Metric Adapter and Union Fittings are precision-engineered to connect metric female ports to AN flare fittings, providing a secure, leak-free solution for fuel, oil, coolant, and power steering plumbing systems.\nEach adapter is CNC machined from 6061-T6 billet aluminum and finished with ColorFittings' proprietary polishing and anodizing process for maximum strength, corrosion resistance, and long-term durability. These fittings are designed to withstand high pressure and high temperature environments commonly found in racing, street performance, marine, and aviation applications.\nOur AN to Metric Adapters are manufactured to provide a perfect fit and seal when paired with ColorFittings AN fittings, which are specifically engineered for use with E85, ethanol-based fuels, and race fuels. When combined with our nylon or stainless steel braided hose, these adapters deliver reliable performance and clean routing for any high-performance plumbing system.\nLooking to complete your system? Explore our full range of AN fittings, metric adapters, braided hose, and fitting assembly tools.",https://colorfittings.com/wp-content/uploads/2026/04/Flare-To-Metric-Adapter-Black-57.png,Black,CF-F2M-08-010-010-BL,Adapters and Unions,True,"Target AN Size (-6, -8, -10)"
14.99,-8 AN to M22x1.5mm Metric Adapter,"ColorFittings AN to Metric Adapter and Union Fittings are precision-engineered to connect metric female ports to AN flare fittings, providing a secure, leak-free solution for fuel, oil, coolant, and power steering plumbing systems.\nEach adapter is CNC machined from 6061-T6 billet aluminum and finished with ColorFittings' proprietary polishing and anodizing process for maximum strength, corrosion resistance, and long-term durability. These fittings are designed to withstand high pressure and high temperature environments commonly found in racing, street performance, marine, and aviation applications.\nOur AN to Metric Adapters are manufactured to provide a perfect fit and seal when paired with ColorFittings AN fittings, which are specifically engineered for use with E85, ethanol-based fuels, and race fuels. When combined with our nylon or stainless steel braided hose, these adapters deliver reliable performance and clean routing for any high-performance plumbing system.\nLooking to complete your system? Explore our full range of AN fittings, metric adapters, braided hose, and fitting assembly tools.",https://colorfittings.com/wp-content/uploads/2026/04/Flare-To-Metric-Adapter-Black-73.png,Black,CF-F2M-08-022-015-BL,Adapters and Unions,True,"Target AN Size (-6, -8, -10)"
14.99,-8 AN to M14x1.5mm Metric Adapter,"ColorFittings AN to Metric Adapter and Union Fittings are precision-engineered to connect metric female ports to AN flare fittings, providing a secure, leak-free solution for fuel, oil, coolant, and power steering plumbing systems.\nEach adapter is CNC machined from 6061-T6 billet aluminum and finished with ColorFittings' proprietary polishing and anodizing process for maximum strength, corrosion resistance, and long-term durability. These fittings are designed to withstand high pressure and high temperature environments commonly found in racing, street performance, marine, and aviation applications.\nOur AN to Metric Adapters are manufactured to provide a perfect fit and seal when paired with ColorFittings AN fittings, which are specifically engineered for use with E85, ethanol-based fuels, and race fuels. When combined with our nylon or stainless steel braided hose, these adapters deliver reliable performance and clean routing for any high-performance plumbing system.\nLooking to complete your system? Explore our full range of AN fittings, metric adapters, braided hose, and fitting assembly tools.",https://colorfittings.com/wp-content/uploads/2026/04/Flare-To-Metric-Adapter-Black-63.png,Black,CF-F2M-08-014-015-BL,Adapters and Unions,True,"Target AN Size (-6, -8, -10)"
14.99,-6 AN to M16x1.5mm Metric Adapter,"ColorFittings AN to Metric Adapter and Union Fittings are precision-engineered to connect metric female ports to AN flare fittings, providing a secure, leak-free solution for fuel, oil, coolant, and power steering plumbing systems.\nEach adapter is CNC machined from 6061-T6 billet aluminum and finished with ColorFittings' proprietary polishing and anodizing process for maximum strength, corrosion resistance, and long-term durability. These fittings are designed to withstand high pressure and high temperature environments commonly found in racing, street performance, marine, and aviation applications.\nOur AN to Metric Adapters are manufactured to provide a perfect fit and seal when paired with ColorFittings AN fittings, which are specifically engineered for use with E85, ethanol-based fuels, and race fuels. When combined with our nylon or stainless steel braided hose, these adapters deliver reliable performance and clean routing for any high-performance plumbing system.\nLooking to complete your system? Explore our full range of AN fittings, metric adapters, braided hose, and fitting assembly tools.",https://colorfittings.com/wp-content/uploads/2026/04/Flare-To-Metric-Adapter-Black-113.png,Black,CF-F2M-06-016-015-BL,Adapters and Unions,True,"Target AN Size (-6, -8, -10)"
14.99,-10 AN to M24x1.5mm Metric Adapter,"ColorFittings AN to Metric Adapter and Union Fittings are precision-engineered to connect metric female ports to AN flare fittings, providing a secure, leak-free solution for fuel, oil, coolant, and power steering plumbing systems.\nEach adapter is CNC machined from 6061-T6 billet aluminum and finished with ColorFittings' proprietary polishing and anodizing process for maximum strength, corrosion resistance, and long-term durability. These fittings are designed to withstand high pressure and high temperature environments commonly found in racing, street performance, marine, and aviation applications.\nOur AN to Metric Adapters are manufactured to provide a perfect fit and seal when paired with ColorFittings AN fittings, which are specifically engineered for use with E85, ethanol-based fuels, and race fuels. When combined with our nylon or stainless steel braided hose, these adapters deliver reliable performance and clean routing for any high-performance plumbing system.\nLooking to complete your system? Explore our full range of AN fittings, metric adapters, braided hose, and fitting assembly tools.",https://colorfittings.com/wp-content/uploads/2026/04/Flare-To-Metric-Adapter-Black-83.png,Black,CF-F2M-10-024-015-BL,Adapters and Unions,True,"Target AN Size (-6, -8, -10)"
14.99,-8 AN to M12x1.5mm Metric Adapter,"ColorFittings AN to Metric Adapter and Union Fittings are precision-engineered to connect metric female ports to AN flare fittings, providing a secure, leak-free solution for fuel, oil, coolant, and power steering plumbing systems.\nEach adapter is CNC machined from 6061-T6 billet aluminum and finished with ColorFittings' proprietary polishing and anodizing process for maximum strength, corrosion resistance, and long-term durability. These fittings are designed to withstand high pressure and high temperature environments commonly found in racing, street performance, marine, and aviation applications.\nOur AN to Metric Adapters are manufactured to provide a perfect fit and seal when paired with ColorFittings AN fittings, which are specifically engineered for use with E85, ethanol-based fuels, and race fuels. When combined with our nylon or stainless steel braided hose, these adapters deliver reliable performance and clean routing for any high-performance plumbing system.\nLooking to complete your system? Explore our full range of AN fittings, metric adapters, braided hose, and fitting assembly tools.",https://colorfittings.com/wp-content/uploads/2026/04/Flare-To-Metric-Adapter-Black-61.png,Black,CF-F2M-08-012-015-BL,Adapters and Unions,True,"Target AN Size (-6, -8, -10)"
14.99,-8 AN to M12x1.25mm Metric Adapter,"ColorFittings AN to Metric Adapter and Union Fittings are precision-engineered to connect metric female ports to AN flare fittings, providing a secure, leak-free solution for fuel, oil, coolant, and power steering plumbing systems.\nEach adapter is CNC machined from 6061-T6 billet aluminum and finished with ColorFittings' proprietary polishing and anodizing process for maximum strength, corrosion resistance, and long-term durability. These fittings are designed to withstand high pressure and high temperature environments commonly found in racing, street performance, marine, and aviation applications.\nOur AN to Metric Adapters are manufactured to provide a perfect fit and seal when paired with ColorFittings AN fittings, which are specifically engineered for use with E85, ethanol-based fuels, and race fuels. When combined with our nylon or stainless steel braided hose, these adapters deliver reliable performance and clean routing for any high-performance plumbing system.\nLooking to complete your system? Explore our full range of AN fittings, metric adapters, braided hose, and fitting assembly tools.",https://colorfittings.com/wp-content/uploads/2026/04/Flare-To-Metric-Adapter-Black-59.png,Black,CF-F2M-08-012-125-BL,Adapters and Unions,True,"Target AN Size (-6, -8, -10)"
14.99,-8 AN to M10x1.5mm Metric Adapter,"ColorFittings AN to Metric Adapter and Union Fittings are precision-engineered to connect metric female ports to AN flare fittings, providing a secure, leak-free solution for fuel, oil, coolant, and power steering plumbing systems.\nEach adapter is CNC machined from 6061-T6 billet aluminum and finished with ColorFittings' proprietary polishing and anodizing process for maximum strength, corrosion resistance, and long-term durability. These fittings are designed to withstand high pressure and high temperature environments commonly found in racing, street performance, marine, and aviation applications.\nOur AN to Metric Adapters are manufactured to provide a perfect fit and seal when paired with ColorFittings AN fittings, which are specifically engineered for use with E85, ethanol-based fuels, and race fuels. When combined with our nylon or stainless steel braided hose, these adapters deliver reliable performance and clean routing for any high-performance plumbing system.\nLooking to complete your system? Explore our full range of AN fittings, metric adapters, braided hose, and fitting assembly tools.",https://colorfittings.com/wp-content/uploads/2026/04/Flare-To-Metric-Adapter-Black-55.png,Black,CF-F2M-08-010-015-BL,Adapters and Unions,True,"Target AN Size (-6, -8, -10)"
14.99,-8 AN to M10x1.25mm Metric Adapter,"ColorFittings AN to Metric Adapter and Union Fittings are precision-engineered to connect metric female ports to AN flare fittings, providing a secure, leak-free solution for fuel, oil, coolant, and power steering plumbing systems.\nEach adapter is CNC machined from 6061-T6 billet aluminum and finished with ColorFittings' proprietary polishing and anodizing process for maximum strength, corrosion resistance, and long-term durability. These fittings are designed to withstand high pressure and high temperature environments commonly found in racing, street performance, marine, and aviation applications.\nOur AN to Metric Adapters are manufactured to provide a perfect fit and seal when paired with ColorFittings AN fittings, which are specifically engineered for use with E85, ethanol-based fuels, and race fuels. When combined with our nylon or stainless steel braided hose, these adapters deliver reliable performance and clean routing for any high-performance plumbing system.\nLooking to complete your system? Explore our full range of AN fittings, metric adapters, braided hose, and fitting assembly tools.",https://colorfittings.com/wp-content/uploads/2026/04/Flare-To-Metric-Adapter-Black-53.png,Black,CF-F2M-08-010-125-BL,Adapters and Unions,True,"Target AN Size (-6, -8, -10)"
14.99,-6 AN to M24x1.5mm Metric Adapter,"ColorFittings AN to Metric Adapter and Union Fittings are precision-engineered to connect metric female ports to AN flare fittings, providing a secure, leak-free solution for fuel, oil, coolant, and power steering plumbing systems.\nEach adapter is CNC machined from 6061-T6 billet aluminum and finished with ColorFittings' proprietary polishing and anodizing process for maximum strength, corrosion resistance, and long-term durability. These fittings are designed to withstand high pressure and high temperature environments commonly found in racing, street performance, marine, and aviation applications.\nOur AN to Metric Adapters are manufactured to provide a perfect fit and seal when paired with ColorFittings AN fittings, which are specifically engineered for use with E85, ethanol-based fuels, and race fuels. When combined with our nylon or stainless steel braided hose, these adapters deliver reliable performance and clean routing for any high-performance plumbing system.\nLooking to complete your system? Explore our full range of AN fittings, metric adapters, braided hose, and fitting assembly tools.",https://colorfittings.com/wp-content/uploads/2026/04/Flare-To-Metric-Adapter-Black-45.png,Black,CF-F2M-06-024-015-BL,Adapters and Unions,True,"Target AN Size (-6, -8, -10)"
46.99,-16 AN 30 Degree Female Aluminum Hose End Fitting,"ColorFittings Standard AN Hose Ends are precision-engineered for high-pressure fuel, oil, coolant, brake, clutch, and power steering applications. Designed for use with nylon or stainless steel braided hose, these AN fittings provide a secure, leak-free 37-degree flare seal for street performance, racing, marine, and motorsport plumbing systems.\n\nEach hose end is CNC-machined from aerospace-grade 6061-T6 billet aluminum and finished with ColorFittings' proprietary polishing and anodizing process for superior strength, corrosion resistance, and long-term durability. Compatible with E85, ethanol, race fuel, pump gas, oil, coolant, brake fluid, transmission fluid, and hydraulic systems, these fittings are built to handle high-pressure, high-temperature environments.\n\nLooking to complete your setup? Check out our full range of Standard Hose, Hose Separators, and AN Fitting Assembly Tools.",https://colorfittings.com/wp-content/uploads/2026/05/Purple-30-Degree-Female-Hose-End.png,Purple,CF-FHE-16-030-000-PU,Hose Fittings,True,"Target AN Size (-6, -8, -10)"
23.69,-6 AN 120 Degree Female Aluminum Hose End (PTFE),"ColorFittings 120 Degree PTFE Female Aluminum Hose Ends are precision-engineered for high-pressure fuel, oil, coolant, brake, clutch, power steering, and E85 applications. Designed specifically for PTFE (Teflon-lined) braided hose, these PTFE fittings provide a secure, leak-free 37-degree flare seal for demanding street performance, racing, marine, and motorsport plumbing systems.\n\nEach PTFE female hose end is CNC machined from aerospace-grade 6061-T6 billet aluminum and finished with ColorFittings’ proprietary polishing and anodizing process for superior corrosion resistance, strength, and long-term durability. Built to handle high temperature and high-pressure environments, these fittings are fully compatible with E85, ethanol, race fuel, pump gas, brake fluid, transmission fluid, oil, coolant, and hydraulic systems.\n\nLooking to complete your system? Explore our full range of PTFE Hose, Hose Separators, and Fitting Assembly Tools.",https://colorfittings.com/wp-content/uploads/2026/02/purple-ptfe-120-degree-swivel-hose-end.png,Purple,CF-FPE-06-120-000-PU,PTFE Hose Fittings,True,"Target AN Size (-6, -8, -10)"
23.69,-6 AN 120 Degree Female Aluminum Hose End (PTFE),"ColorFittings 120 Degree PTFE Female Aluminum Hose Ends are precision-engineered for high-pressure fuel, oil, coolant, brake, clutch, power steering, and E85 applications. Designed specifically for PTFE (Teflon-lined) braided hose, these PTFE fittings provide a secure, leak-free 37-degree flare seal for demanding street performance, racing, marine, and motorsport plumbing systems.\n\nEach PTFE female hose end is CNC machined from aerospace-grade 6061-T6 billet aluminum and finished with ColorFittings’ proprietary polishing and anodizing process for superior corrosion resistance, strength, and long-term durability. Built to handle high temperature and high-pressure environments, these fittings are fully compatible with E85, ethanol, race fuel, pump gas, brake fluid, transmission fluid, oil, coolant, and hydraulic systems.\n\nLooking to complete your system? Explore our full range of PTFE Hose, Hose Separators, and Fitting Assembly Tools.",https://colorfittings.com/wp-content/uploads/2026/02/red-ptfe-120-degree-swivel-hose-end.png,Red,CF-FPE-06-120-000-RD,PTFE Hose Fittings,True,"Target AN Size (-6, -8, -10)"
31.28,-10 AN 180 Degree Female Aluminum Hose End (PTFE),"ColorFittings 180 Degree PTFE Female Aluminum Hose Ends are precision-engineered for high-pressure fuel, oil, coolant, brake, clutch, power steering, and E85 applications. Designed specifically for PTFE (Teflon-lined) braided hose, these PTFE fittings provide a secure, leak-free 37-degree flare seal for demanding street performance, racing, marine, and motorsport plumbing systems.\n\nEach PTFE female hose end is CNC machined from aerospace-grade 6061-T6 billet aluminum and finished with ColorFittings’ proprietary polishing and anodizing process for superior corrosion resistance, strength, and long-term durability. Built to handle high temperature and high-pressure environments, these fittings are fully compatible with E85, ethanol, race fuel, pump gas, brake fluid, transmission fluid, oil, coolant, and hydraulic systems.\n\nLooking to complete your system? Explore our full range of PTFE Hose, Hose Separators, and Fitting Assembly Tools.",https://colorfittings.com/wp-content/uploads/2026/02/teal-ptfe-180-degree-swivel-hose-end.png,Teal,CF-FPE-10-180-000-TL,PTFE Hose Fittings,True,"Target AN Size (-6, -8, -10)"
9.99,-8 AN to -8 AN Fitting Male to Male Flare Union,"ColorFittings AN Male to Male Flare Unions are precision CNC-machined to connect two female AN fittings while maintaining a secure, leak-free 37-degree flare seal. Designed for fuel, oil, coolant, transmission, brake, and power steering systems, these unions provide a reliable straight-through connection for custom plumbing and high-performance fluid transfer applications.\nManufactured from aerospace-grade 6061-T6 billet aluminum and finished with ColorFittings' proprietary polishing and anodizing process, these fittings deliver exceptional strength, corrosion resistance, and long-term durability. Compatible with E85, ethanol-based fuels, race fuel, pump gas, diesel, oil, coolant, transmission fluid, hydraulic fluid, and air systems, they are built to perform in demanding street, racing, off-road, marine, and motorsport environments.\nLooking to complete your system? Explore our full range of AN fittings, adapters, braided hose, and fitting assembly tools.",https://colorfittings.com/wp-content/uploads/2022/10/AN-flare-fitting-union-adapter-black.png,Black,CF-F2F-08-008-000-BL,Adapters and Unions,True,"Target AN Size (-6, -8, -10)"
31.28,-10 AN 120 Degree Female Aluminum Hose End Fitting,"ColorFittings Standard AN Hose Ends are precision-engineered for high-pressure fuel, oil, coolant, brake, clutch, and power steering applications. Designed for use with nylon or stainless steel braided hose, these AN fittings provide a secure, leak-free 37-degree flare seal for street performance, racing, marine, and motorsport plumbing systems.\n\nEach hose end is CNC-machined from aerospace-grade 6061-T6 billet aluminum and finished with ColorFittings' proprietary polishing and anodizing process for superior strength, corrosion resistance, and long-term durability. Compatible with E85, ethanol, race fuel, pump gas, oil, coolant, brake fluid, transmission fluid, and hydraulic systems, these fittings are built to handle high-pressure, high-temperature environments.\n\nLooking to complete your setup? Check out our full range of Standard Hose, Hose Separators, and AN Fitting Assembly Tools.",https://colorfittings.com/wp-content/uploads/2026/04/Black-120-Degree-Female-Hose-End.png,Black,CF-FHE-10-120-000-BL,Hose Fittings,True,"Target AN Size (-6, -8, -10)"
31.28,-10 AN 60 Degree Female Aluminum Hose End Fitting,"ColorFittings Standard AN Hose Ends are precision-engineered for high-pressure fuel, oil, coolant, brake, clutch, and power steering applications. Designed for use with nylon or stainless steel braided hose, these AN fittings provide a secure, leak-free 37-degree flare seal for street performance, racing, marine, and motorsport plumbing systems.\n\nEach hose end is CNC-machined from aerospace-grade 6061-T6 billet aluminum and finished with ColorFittings' proprietary polishing and anodizing process for superior strength, corrosion resistance, and long-term durability. Compatible with E85, ethanol, race fuel, pump gas, oil, coolant, brake fluid, transmission fluid, and hydraulic systems, these fittings are built to handle high-pressure, high-temperature environments.\n\nLooking to complete your setup? Check out our full range of Standard Hose, Hose Separators, and AN Fitting Assembly Tools.",https://colorfittings.com/wp-content/uploads/2025/08/Black-60-Degree-Female-Hose-End.png,Black,CF-FHE-10-060-000-BL,Hose Fittings,True,"Target AN Size (-6, -8, -10)"
31.28,-10 AN 30 Degree Female Aluminum Hose End Fitting,"ColorFittings Standard AN Hose Ends are precision-engineered for high-pressure fuel, oil, coolant, brake, clutch, and power steering applications. Designed for use with nylon or stainless steel braided hose, these AN fittings provide a secure, leak-free 37-degree flare seal for street performance, racing, marine, and motorsport plumbing systems.\n\nEach hose end is CNC-machined from aerospace-grade 6061-T6 billet aluminum and finished with ColorFittings' proprietary polishing and anodizing process for superior strength, corrosion resistance, and long-term durability. Compatible with E85, ethanol, race fuel, pump gas, oil, coolant, brake fluid, transmission fluid, and hydraulic systems, these fittings are built to handle high-pressure, high-temperature environments.\n\nLooking to complete your setup? Check out our full range of Standard Hose, Hose Separators, and AN Fitting Assembly Tools.",https://colorfittings.com/wp-content/uploads/2025/08/Black-30-Degree-Female-Hose-End.png,Black,CF-FHE-10-030-000-BL,Hose Fittings,True,"Target AN Size (-6, -8, -10)"
28.59,-8 AN 150 Degree Female Aluminum Hose End Fitting,"ColorFittings Standard AN Hose Ends are precision-engineered for high-pressure fuel, oil, coolant, brake, clutch, and power steering applications. Designed for use with nylon or stainless steel braided hose, these AN fittings provide a secure, leak-free 37-degree flare seal for street performance, racing, marine, and motorsport plumbing systems.\n\nEach hose end is CNC-machined from aerospace-grade 6061-T6 billet aluminum and finished with ColorFittings' proprietary polishing and anodizing process for superior strength, corrosion resistance, and long-term durability. Compatible with E85, ethanol, race fuel, pump gas, oil, coolant, brake fluid, transmission fluid, and hydraulic systems, these fittings are built to handle high-pressure, high-temperature environments.\n\nLooking to complete your setup? Check out our full range of Standard Hose, Hose Separators, and AN Fitting Assembly Tools.",https://colorfittings.com/wp-content/uploads/2025/08/Black-150-Degree-Female-Hose-End.png,Black,CF-FHE-08-150-000-BL,Hose Fittings,True,"Target AN Size (-6, -8, -10)"
28.59,-8 AN 120 Degree Female Aluminum Hose End Fitting,"ColorFittings Standard AN Hose Ends are precision-engineered for high-pressure fuel, oil, coolant, brake, clutch, and power steering applications. Designed for use with nylon or stainless steel braided hose, these AN fittings provide a secure, leak-free 37-degree flare seal for street performance, racing, marine, and motorsport plumbing systems.\n\nEach hose end is CNC-machined from aerospace-grade 6061-T6 billet aluminum and finished with ColorFittings' proprietary polishing and anodizing process for superior strength, corrosion resistance, and long-term durability. Compatible with E85, ethanol, race fuel, pump gas, oil, coolant, brake fluid, transmission fluid, and hydraulic systems, these fittings are built to handle high-pressure, high-temperature environments.\n\nLooking to complete your setup? Check out our full range of Standard Hose, Hose Separators, and AN Fitting Assembly Tools.",https://colorfittings.com/wp-content/uploads/2026/04/Black-120-Degree-Female-Hose-End.png,Black,CF-FHE-08-120-000-BL,Hose Fittings,True,"Target AN Size (-6, -8, -10)"
28.59,-8 AN 60 Degree Female Aluminum Hose End Fitting,"ColorFittings Standard AN Hose Ends are precision-engineered for high-pressure fuel, oil, coolant, brake, clutch, and power steering applications. Designed for use with nylon or stainless steel braided hose, these AN fittings provide a secure, leak-free 37-degree flare seal for street performance, racing, marine, and motorsport plumbing systems.\n\nEach hose end is CNC-machined from aerospace-grade 6061-T6 billet aluminum and finished with ColorFittings' proprietary polishing and anodizing process for superior strength, corrosion resistance, and long-term durability. Compatible with E85, ethanol, race fuel, pump gas, oil, coolant, brake fluid, transmission fluid, and hydraulic systems, these fittings are built to handle high-pressure, high-temperature environments.\n\nLooking to complete your setup? Check out our full range of Standard Hose, Hose Separators, and AN Fitting Assembly Tools.",https://colorfittings.com/wp-content/uploads/2025/08/Black-60-Degree-Female-Hose-End.png,Black,CF-FHE-08-060-000-BL,Hose Fittings,True,"Target AN Size (-6, -8, -10)"
28.59,-8 AN 30 Degree Female Aluminum Hose End Fitting,"ColorFittings Standard AN Hose Ends are precision-engineered for high-pressure fuel, oil, coolant, brake, clutch, and power steering applications. Designed for use with nylon or stainless steel braided hose, these AN fittings provide a secure, leak-free 37-degree flare seal for street performance, racing, marine, and motorsport plumbing systems.\n\nEach hose end is CNC-machined from aerospace-grade 6061-T6 billet aluminum and finished with ColorFittings' proprietary polishing and anodizing process for superior strength, corrosion resistance, and long-term durability. Compatible with E85, ethanol, race fuel, pump gas, oil, coolant, brake fluid, transmission fluid, and hydraulic systems, these fittings are built to handle high-pressure, high-temperature environments.\n\nLooking to complete your setup? Check out our full range of Standard Hose, Hose Separators, and AN Fitting Assembly Tools.",https://colorfittings.com/wp-content/uploads/2025/08/Black-30-Degree-Female-Hose-End.png,Black,CF-FHE-08-030-000-BL,Hose Fittings,True,"Target AN Size (-6, -8, -10)"
23.69,-6 AN 150 Degree Female Aluminum Hose End Fitting,"ColorFittings Standard AN Hose Ends are precision-engineered for high-pressure fuel, oil, coolant, brake, clutch, and power steering applications. Designed for use with nylon or stainless steel braided hose, these AN fittings provide a secure, leak-free 37-degree flare seal for street performance, racing, marine, and motorsport plumbing systems.\n\nEach hose end is CNC-machined from aerospace-grade 6061-T6 billet aluminum and finished with ColorFittings' proprietary polishing and anodizing process for superior strength, corrosion resistance, and long-term durability. Compatible with E85, ethanol, race fuel, pump gas, oil, coolant, brake fluid, transmission fluid, and hydraulic systems, these fittings are built to handle high-pressure, high-temperature environments.\n\nLooking to complete your setup? Check out our full range of Standard Hose, Hose Separators, and AN Fitting Assembly Tools.",https://colorfittings.com/wp-content/uploads/2025/08/Black-150-Degree-Female-Hose-End.png,Black,CF-FHE-06-150-000-BL,Hose Fittings,True,"Target AN Size (-6, -8, -10)"
23.69,-6 AN 120 Degree Female Aluminum Hose End Fitting,"ColorFittings Standard AN Hose Ends are precision-engineered for high-pressure fuel, oil, coolant, brake, clutch, and power steering applications. Designed for use with nylon or stainless steel braided hose, these AN fittings provide a secure, leak-free 37-degree flare seal for street performance, racing, marine, and motorsport plumbing systems.\n\nEach hose end is CNC-machined from aerospace-grade 6061-T6 billet aluminum and finished with ColorFittings' proprietary polishing and anodizing process for superior strength, corrosion resistance, and long-term durability. Compatible with E85, ethanol, race fuel, pump gas, oil, coolant, brake fluid, transmission fluid, and hydraulic systems, these fittings are built to handle high-pressure, high-temperature environments.\n\nLooking to complete your setup? Check out our full range of Standard Hose, Hose Separators, and AN Fitting Assembly Tools.",https://colorfittings.com/wp-content/uploads/2026/04/Black-120-Degree-Female-Hose-End.png,Black,CF-FHE-06-120-000-BL,Hose Fittings,True,"Target AN Size (-6, -8, -10)"
23.69,-6 AN 60 Degree Female Aluminum Hose End Fitting,"ColorFittings Standard AN Hose Ends are precision-engineered for high-pressure fuel, oil, coolant, brake, clutch, and power steering applications. Designed for use with nylon or stainless steel braided hose, these AN fittings provide a secure, leak-free 37-degree flare seal for street performance, racing, marine, and motorsport plumbing systems.\n\nEach hose end is CNC-machined from aerospace-grade 6061-T6 billet aluminum and finished with ColorFittings' proprietary polishing and anodizing process for superior strength, corrosion resistance, and long-term durability. Compatible with E85, ethanol, race fuel, pump gas, oil, coolant, brake fluid, transmission fluid, and hydraulic systems, these fittings are built to handle high-pressure, high-temperature environments.\n\nLooking to complete your setup? Check out our full range of Standard Hose, Hose Separators, and AN Fitting Assembly Tools.",https://colorfittings.com/wp-content/uploads/2025/08/Black-60-Degree-Female-Hose-End.png,Black,CF-FHE-06-060-000-BL,Hose Fittings,True,"Target AN Size (-6, -8, -10)"
23.69,-6 AN 30 Degree Female Aluminum Hose End Fitting,"ColorFittings Standard AN Hose Ends are precision-engineered for high-pressure fuel, oil, coolant, brake, clutch, and power steering applications. Designed for use with nylon or stainless steel braided hose, these AN fittings provide a secure, leak-free 37-degree flare seal for street performance, racing, marine, and motorsport plumbing systems.\n\nEach hose end is CNC-machined from aerospace-grade 6061-T6 billet aluminum and finished with ColorFittings' proprietary polishing and anodizing process for superior strength, corrosion resistance, and long-term durability. Compatible with E85, ethanol, race fuel, pump gas, oil, coolant, brake fluid, transmission fluid, and hydraulic systems, these fittings are built to handle high-pressure, high-temperature environments.\n\nLooking to complete your setup? Check out our full range of Standard Hose, Hose Separators, and AN Fitting Assembly Tools.",https://colorfittings.com/wp-content/uploads/2025/08/Black-30-Degree-Female-Hose-End.png,Black,CF-FHE-06-030-000-BL,Hose Fittings,True,"Target AN Size (-6, -8, -10)"
8.99,-4 AN to -6 AN ORB Adapter,"ColorFittings ORB Adapter Fittings are precision-engineered to connect AN flare fittings to O-Ring Boss (ORB) ports, providing a secure, leak-free solution for fuel, oil, coolant, power steering, and transmission plumbing systems. ORB ports are found on engine blocks, transmissions, power steering pumps, oil coolers, and other OEM components — making these adapters essential for any AN plumbing conversion.\n\nOur AN to ORB Adapters are manufactured to provide a perfect fit and seal when paired with ColorFittings AN fittings, which are specifically engineered for use with E85, ethanol-based fuels, and race fuels. The O-ring face seal design eliminates the need for thread sealant and provides a more reliable, vibration-resistant connection compared to NPT threads. When combined with our nylon or stainless steel braided hose, these adapters deliver reliable performance and clean routing for any high-performance plumbing system.\n\nFor best installation results, we strongly recommend using our AN Fitting Assembly Tools, which help prevent fitting damage and ensure proper hose and fitting alignment. Please reference our installation video and fitting guide for proper assembly techniques and torque recommendations.\n\nLooking to complete your system? Explore our full range of AN fittings, ORB adapters, braided hose, and fitting assembly tools.",https://colorfittings.com/wp-content/uploads/2026/04/ORB-Black-Fitting-Adapter-46.png,Black,cf-f2s-04-006-000-bl,ORB Adapters,True,"Target AN Size (-6, -8, -10)"
34.99,-10 AN Male to M22x1.5 ORB Swivel Banjo Adapter,"ColorFittings ORB Adapter Fittings are precision-engineered to connect AN flare fittings to O-Ring Boss (ORB) ports, providing a secure, leak-free solution for fuel, oil, coolant, power steering, and transmission plumbing systems. ORB ports are found on engine blocks, transmissions, power steering pumps, oil coolers, and other OEM components — making these adapters essential for any AN plumbing conversion.\n\nOur AN to ORB Adapters are manufactured to provide a perfect fit and seal when paired with ColorFittings AN fittings, which are specifically engineered for use with E85, ethanol-based fuels, and race fuels. The O-ring face seal design eliminates the need for thread sealant and provides a more reliable, vibration-resistant connection compared to NPT threads. When combined with our nylon or stainless steel braided hose, these adapters deliver reliable performance and clean routing for any high-performance plumbing system.\n\nFor best installation results, we strongly recommend using our AN Fitting Assembly Tools, which help prevent fitting damage and ensure proper hose and fitting alignment. Please reference our installation video and fitting guide for proper assembly techniques and torque recommendations.\n\nLooking to complete your system? Explore our full range of AN fittings, ORB adapters, braided hose, and fitting assembly tools.",https://colorfittings.com/wp-content/uploads/2024/01/10AN-swivel-banjo-fitting-main.png,Black,CF-BAN-10-B22-015-Bl,Oil Cooler Parts,True,"Target AN Size (-6, -8, -10)"
10.99,-8 AN to -10 AN ORB Adapter,"ColorFittings ORB Adapter Fittings are precision-engineered to connect AN flare fittings to O-Ring Boss (ORB) ports, providing a secure, leak-free solution for fuel, oil, coolant, power steering, and transmission plumbing systems. ORB ports are found on engine blocks, transmissions, power steering pumps, oil coolers, and other OEM components — making these adapters essential for any AN plumbing conversion.\n\nOur AN to ORB Adapters are manufactured to provide a perfect fit and seal when paired with ColorFittings AN fittings, which are specifically engineered for use with E85, ethanol-based fuels, and race fuels. The O-ring face seal design eliminates the need for thread sealant and provides a more reliable, vibration-resistant connection compared to NPT threads. When combined with our nylon or stainless steel braided hose, these adapters deliver reliable performance and clean routing for any high-performance plumbing system.\n\nFor best installation results, we strongly recommend using our AN Fitting Assembly Tools, which help prevent fitting damage and ensure proper hose and fitting alignment. Please reference our installation video and fitting guide for proper assembly techniques and torque recommendations.\n\nLooking to complete your system? Explore our full range of AN fittings, ORB adapters, braided hose, and fitting assembly tools.",https://colorfittings.com/wp-content/uploads/2026/04/ORB-Green-Fitting-Adapter-3.png,Green,CF-F2S-08-010-000-GR,ORB Adapters,True,"Target AN Size (-6, -8, -10)"
10.99,-6 AN to -10 AN ORB Adapter,"ColorFittings ORB Adapter Fittings are precision-engineered to connect AN flare fittings to O-Ring Boss (ORB) ports, providing a secure, leak-free solution for fuel, oil, coolant, power steering, and transmission plumbing systems. ORB ports are found on engine blocks, transmissions, power steering pumps, oil coolers, and other OEM components — making these adapters essential for any AN plumbing conversion.\n\nOur AN to ORB Adapters are manufactured to provide a perfect fit and seal when paired with ColorFittings AN fittings, which are specifically engineered for use with E85, ethanol-based fuels, and race fuels. The O-ring face seal design eliminates the need for thread sealant and provides a more reliable, vibration-resistant connection compared to NPT threads. When combined with our nylon or stainless steel braided hose, these adapters deliver reliable performance and clean routing for any high-performance plumbing system.\n\nFor best installation results, we strongly recommend using our AN Fitting Assembly Tools, which help prevent fitting damage and ensure proper hose and fitting alignment. Please reference our installation video and fitting guide for proper assembly techniques and torque recommendations.\n\nLooking to complete your system? Explore our full range of AN fittings, ORB adapters, braided hose, and fitting assembly tools.",https://colorfittings.com/wp-content/uploads/2026/04/ORB-Red-Fitting-Adapter-5.png,Red,CF-F2S-06-010-000-RD,ORB Adapters,True,"Target AN Size (-6, -8, -10)"
10.99,-8 AN to -10 AN ORB Adapter,"ColorFittings ORB Adapter Fittings are precision-engineered to connect AN flare fittings to O-Ring Boss (ORB) ports, providing a secure, leak-free solution for fuel, oil, coolant, power steering, and transmission plumbing systems. ORB ports are found on engine blocks, transmissions, power steering pumps, oil coolers, and other OEM components — making these adapters essential for any AN plumbing conversion.\n\nOur AN to ORB Adapters are manufactured to provide a perfect fit and seal when paired with ColorFittings AN fittings, which are specifically engineered for use with E85, ethanol-based fuels, and race fuels. The O-ring face seal design eliminates the need for thread sealant and provides a more reliable, vibration-resistant connection compared to NPT threads. When combined with our nylon or stainless steel braided hose, these adapters deliver reliable performance and clean routing for any high-performance plumbing system.\n\nFor best installation results, we strongly recommend using our AN Fitting Assembly Tools, which help prevent fitting damage and ensure proper hose and fitting alignment. Please reference our installation video and fitting guide for proper assembly techniques and torque recommendations.\n\nLooking to complete your system? Explore our full range of AN fittings, ORB adapters, braided hose, and fitting assembly tools.",https://colorfittings.com/wp-content/uploads/2026/04/ORB-Red-Fitting-Adapter-4.png,Red,CF-F2S-08-010-000-RD,ORB Adapters,True,"Target AN Size (-6, -8, -10)"
11.99,-10 AN to -10 AN ORB Adapter,"ColorFittings ORB Adapter Fittings are precision-engineered to connect AN flare fittings to O-Ring Boss (ORB) ports, providing a secure, leak-free solution for fuel, oil, coolant, power steering, and transmission plumbing systems. ORB ports are found on engine blocks, transmissions, power steering pumps, oil coolers, and other OEM components — making these adapters essential for any AN plumbing conversion.\n\nOur AN to ORB Adapters are manufactured to provide a perfect fit and seal when paired with ColorFittings AN fittings, which are specifically engineered for use with E85, ethanol-based fuels, and race fuels. The O-ring face seal design eliminates the need for thread sealant and provides a more reliable, vibration-resistant connection compared to NPT threads. When combined with our nylon or stainless steel braided hose, these adapters deliver reliable performance and clean routing for any high-performance plumbing system.\n\nFor best installation results, we strongly recommend using our AN Fitting Assembly Tools, which help prevent fitting damage and ensure proper hose and fitting alignment. Please reference our installation video and fitting guide for proper assembly techniques and torque recommendations.\n\nLooking to complete your system? Explore our full range of AN fittings, ORB adapters, braided hose, and fitting assembly tools.",https://colorfittings.com/wp-content/uploads/2026/04/ORB-Red-Fitting-Adapter-3.png,Red,CF-F2S-10-010-000-RD,ORB Adapters,True,"Target AN Size (-6, -8, -10)"
8.99,-6 AN to -6 AN ORB Adapter,"ColorFittings ORB Adapter Fittings are precision-engineered to connect AN flare fittings to O-Ring Boss (ORB) ports, providing a secure, leak-free solution for fuel, oil, coolant, power steering, and transmission plumbing systems. ORB ports are found on engine blocks, transmissions, power steering pumps, oil coolers, and other OEM components — making these adapters essential for any AN plumbing conversion.\n\nOur AN to ORB Adapters are manufactured to provide a perfect fit and seal when paired with ColorFittings AN fittings, which are specifically engineered for use with E85, ethanol-based fuels, and race fuels. The O-ring face seal design eliminates the need for thread sealant and provides a more reliable, vibration-resistant connection compared to NPT threads. When combined with our nylon or stainless steel braided hose, these adapters deliver reliable performance and clean routing for any high-performance plumbing system.\n\nFor best installation results, we strongly recommend using our AN Fitting Assembly Tools, which help prevent fitting damage and ensure proper hose and fitting alignment. Please reference our installation video and fitting guide for proper assembly techniques and torque recommendations.\n\nLooking to complete your system? Explore our full range of AN fittings, ORB adapters, braided hose, and fitting assembly tools.",https://colorfittings.com/wp-content/uploads/2026/04/ORB-Red-Fitting-Adapter-1.png,Red,CF-F2S-06-006-000-RD,ORB Adapters,True,"Target AN Size (-6, -8, -10)"
8.99,10AN Push Lock Hose (E85 + Race Fuel Safe) - BY THE FOOT,"ColorFittings 10AN Push-Lock Hose is a premium, race-proven fuel and oil hose designed for performance automotive, marine, and aviation applications. Sold by the foot, this push-lock AN hose is compatible with water, motor oil, E85, and race fuel — making it the go-to choice for builders who need a reliable, leak-free plumbing solution.Push-lock hose is the fastest way to build an AN plumbing system — no assembly tools, no crimping, no hassle. Simply push the hose onto any of our Push-Loc Fittings for a secure, professional connection every time. Whether you're routing fuel lines on a drag car, building an oil cooler system, or plumbing a track day build, our push-lock hose delivers performance you can count on.Specifications — 10AN Push-Lock Hose:Max. Operating Pressure: 250 PSITemperature Range: -40°C to 100°C (-40°F to 212°F)Compatible with: water, oil, E85, race fuel, coolantSold by the foot — order the exact length you needCompatible With Our Full Push-Loc LineupThis hose pairs directly with our full range of Push-Loc AN Fittings. Available in multiple anodized colors to match your build.Finish the look with our lightweight Hose Separators, available in a variety of gloss-finish colors.New to AN fittings? Check out our complete AN Fitting Guide to find the right hose and fittings for your application.",https://colorfittings.com/wp-content/uploads/2024/11/push-loc-hose.png,Black,CF-PLH-10-000-000-BL,Hose &amp; Line,True,"Target AN Size (-6, -8, -10)"
5.99,8AN Push Lock Hose (E85 + Race Fuel Safe) - BY THE FOOT,"ColorFittings 8AN Push-Lock Hose is a premium, race-proven fuel and oil hose designed for performance automotive, marine, and aviation applications. Sold by the foot, this push-lock AN hose is compatible with water, motor oil, E85, and race fuel — making it the go-to choice for builders who need a reliable, leak-free plumbing solution.Push-lock hose is the fastest way to build an AN plumbing system — no assembly tools, no crimping, no hassle. Simply push the hose onto any of our Push-Loc Fittings for a secure, professional connection every time. Whether you're routing fuel lines on a drag car, building an oil cooler system, or plumbing a track day build, our push-lock hose delivers performance you can count on.Specifications — 8AN Push-Lock Hose:Max. Operating Pressure: 250 PSITemperature Range: -40°C to 100°C (-40°F to 212°F)Compatible with: water, oil, E85, race fuel, coolantSold by the foot — order the exact length you needCompatible With Our Full Push-Loc LineupThis hose pairs directly with our full range of Push-Loc AN Fittings. Available in multiple anodized colors to match your build.Finish the look with our lightweight Hose Separators, available in a variety of gloss-finish colors.New to AN fittings? Check out our complete AN Fitting Guide to find the right hose and fittings for your application.",https://colorfittings.com/wp-content/uploads/2024/11/push-loc-hose.png,Black,CF-PLH-08-000-001-BL,Hose &amp; Line,True,"Target AN Size (-6, -8, -10)"
5.35,6AN Push Lock Hose (E85 + Race Fuel Safe) - BY THE FOOT,"ColorFittings 6AN Push-Lock Hose is a premium, race-proven fuel and oil hose designed for performance automotive, marine, and aviation applications. Sold by the foot, this push-lock AN hose is compatible with water, motor oil, E85, and race fuel — making it the go-to choice for builders who need a reliable, leak-free plumbing solution.Push-lock hose is the fastest way to build an AN plumbing system — no assembly tools, no crimping, no hassle. Simply push the hose onto any of our Push-Loc Fittings for a secure, professional connection every time. Whether you're routing fuel lines on a drag car, building an oil cooler system, or plumbing a track day build, our push-lock hose delivers performance you can count on.Specifications — 6AN Push-Lock Hose:Max. Operating Pressure: 250 PSITemperature Range: -40°C to 100°C (-40°F to 212°F)Compatible with: water, oil, E85, race fuel, coolantSold by the foot — order the exact length you needCompatible With Our Full Push-Loc LineupThis hose pairs directly with our full range of Push-Loc AN Fittings. Available in multiple anodized colors to match your build.Finish the look with our lightweight Hose Separators, available in a variety of gloss-finish colors.New to AN fittings? Check out our complete AN Fitting Guide to find the right hose and fittings for your application.",https://colorfittings.com/wp-content/uploads/2024/11/push-loc-hose.png,Black,CF-PLH-06-000-000-BL,Hose &amp; Line,True,"Target AN Size (-6, -8, -10)"
17.99,"-8AN Flare to 5/16"" Quick Connect Adapter","-8AN Male Flare to 5/16"" Male Quick Disconnect Fuel Adapter\n\nAllows for seamless conversion of OEM-Style female quick-connect fittings to AN lines in Fuel and Vacuum systems.\n\nTechnical Specifications:\n\n 	-8AN male flare (37* JIC)\n 	5/16""(8mm) male quick connect\n 	E85 &amp; Racefuel compatible\n 	Signature polished, black anodized finish",https://colorfittings.com/wp-content/uploads/2024/11/Flare-Quick-Connect-black.png,Black,CF-F2B-08-516-000-BL,EFI/LS-Connector/Quick-Connector,True,EFI/LS Adapter
17.99,"-8AN Flare to 3/8"" Quick Connect Adapter","-8AN Male Flare to 3/8"" Male Quick Connect Fuel Adapter\n\nAllows for seamless conversion of OEM-Style female quick-connect fittings to AN lines in Fuel and Vacuum systems.\n\nTechnical Specifications:\n\n 	-8AN male flare (37* JIC)\n 	3/8"" (9.53mm) male quick connect\n 	E85 &amp; Racefuel compatible\n 	Signature polished, black anodized finish",https://colorfittings.com/wp-content/uploads/2024/11/Flare-Quick-Connect-black.png,Black,CF-F2B-08-038-000-BL,EFI/LS-Connector/Quick-Connector,True,EFI/LS Adapter
15.99,"-6AN Flare to 5/16"" Quick Connect Adapter","-6AN Male Flare to 5/16"" Male Quick Connect Fuel Adapter\n\nAllows for seamless conversion of OEM-Style female quick-connect fittings to AN lines in Fuel and Vacuum systems.\n\nTechnical Specifications:\n\n 	-6AN male flare (37* JIC)\n 	5/16""(8mm) male quick connect\n 	E85 &amp; Racefuel compatible\n 	Signature polished, black anodized finish",https://colorfittings.com/wp-content/uploads/2024/11/Flare-Quick-Connect-black.png,Black,CF-F2B-06-516-000-BL,EFI/LS-Connector/Quick-Connector,True,EFI/LS Adapter
15.99,"-6AN Flare to 3/8"" Quick Connect Adapter","-6AN Male Flare to 3/8"" Male Quick Disconnect Fuel Adapter\n\nAllows for seamless conversion of OEM-Style female quick-connect fittings to AN lines in Fuel and Vacuum systems.\n\nTechnical Specifications:\n\n 	-6AN male flare (37* JIC)\n 	3/8""(9.53mm) male quick connect\n 	E85 &amp; Racefuel compatible\n 	Signature polished, black anodized finish",https://colorfittings.com/wp-content/uploads/2024/11/Flare-Quick-Connect-black.png,Black,CF-F2B-06-038-000-BL,EFI/LS-Connector/Quick-Connector,True,EFI/LS Adapter
17.99,-8AN ORB to 5/16 Quick Connect,Our ORB quick connect is now available in Black,https://colorfittings.com/wp-content/uploads/2024/11/Orb-Quick-Connect-black.png,Black,CF-O2B-08-516-000-BL,EFI/LS-Connector/Quick-Connector,True,EFI/LS Adapter
15.99,-6AN ORB to 5/16 Quick Connect,Our ORB quick connect is now available in Black,https://colorfittings.com/wp-content/uploads/2024/11/Orb-Quick-Connect-black.png,Black,CF-O2B-06-516-000-BL,EFI/LS-Connector/Quick-Connector,True,EFI/LS Adapter
17.99,"-8AN ORB to 3/8"" Quick Connect",Our ORB quick connect is now available in Black,https://colorfittings.com/wp-content/uploads/2024/11/Orb-Quick-Connect-black.png,Black,CF-O2B-08-038-000-BL,EFI/LS-Connector/Quick-Connector,True,EFI/LS Adapter
15.99,"-6AN ORB to 3/8"" Quick Connect",Our ORB quick connect is now available in Black,https://colorfittings.com/wp-content/uploads/2024/11/Orb-Quick-Connect-black.png,Black,CF-O2B-06-038-000-BL,EFI/LS-Connector/Quick-Connector,True,EFI/LS Adapter
15.99,-10 AN Straight Female Push-Loc Fitting,"Founded in 2008, ColorFittings is an industry leader in premium automotive, marine, and aviation plumbing products. \n\nWhether you’re a professional building a 6-second NHRA bracket car, a perfectionist designing the ultimate engine bay for a SEMA car, or an HPDE enthusiast looking to improve your oil temps, our products are designed for all flavors of motorsports. \n\nColorFittings products are carefully machined from 6061-T6 Billet Aluminum and finished with our proprietary polish and anodizing process. \n\nAvailable in unique gloss-finish colors, Push-Loc AN Fittings are designed specifically for use with high-quality Push-Loc hose, and to accept a male AN Flare Fitting.\n\nWant to learn more about how our products apply to your vehicle? Read our handy guide here.",https://colorfittings.com/wp-content/uploads/2024/08/Hose-Barb-AN-push-lock-fitting-black.png,Black,CF-PLF-10-000-000-BL,Push-Loc Hose Ends,True,"Target AN Size (-6, -8, -10)"
9.99,-06 AN Straight Female Push-Loc Fitting,"Founded in 2008, ColorFittings is an industry leader in premium automotive, marine, and aviation plumbing products. \n\nWhether you’re a professional building a 6-second NHRA bracket car, a perfectionist designing the ultimate engine bay for a SEMA car, or an HPDE enthusiast looking to improve your oil temps, our products are designed for all flavors of motorsports. \n\nColorFittings products are carefully machined from 6061-T6 Billet Aluminum and finished with our proprietary polish and anodizing process. \n\nAvailable in unique gloss-finish colors, Push-Loc AN Fittings are designed specifically for use with high-quality Push-Loc hose, and to accept a male AN Flare Fitting.\n\nWant to learn more about how our products apply to your vehicle? Read our handy guide here.",https://colorfittings.com/wp-content/uploads/2024/08/Hose-Barb-AN-push-lock-fitting-black.png,Black,CF-PLF-06-000-000-BL,Push-Loc Hose Ends,True,"Target AN Size (-6, -8, -10)"
12.99,-08 AN Straight Female Push-Loc Fitting,"Founded in 2008, ColorFittings is an industry leader in premium automotive, marine, and aviation plumbing products. \n\nWhether you’re a professional building a 6-second NHRA bracket car, a perfectionist designing the ultimate engine bay for a SEMA car, or an HPDE enthusiast looking to improve your oil temps, our products are designed for all flavors of motorsports. \n\nColorFittings products are carefully machined from 6061-T6 Billet Aluminum and finished with our proprietary polish and anodizing process. \n\nAvailable in unique gloss-finish colors, Push-Loc AN Fittings are designed specifically for use with high-quality Push-Loc hose, and to accept a male AN Flare Fitting.\n\nWant to learn more about how our products apply to your vehicle? Read our handy guide here.",https://colorfittings.com/wp-content/uploads/2024/08/Hose-Barb-AN-push-lock-fitting-black.png,Black,CF-PLF-08-000-000-BL,Push-Loc Hose Ends,True,"Target AN Size (-6, -8, -10)"
22.99,-16 AN Straight Female Push-Loc Fitting,"Founded in 2008, ColorFittings is an industry leader in premium automotive, marine, and aviation plumbing products. \n\nWhether you’re a professional building a 6-second NHRA bracket car, a perfectionist designing the ultimate engine bay for a SEMA car, or an HPDE enthusiast looking to improve your oil temps, our products are designed for all flavors of motorsports. \n\nColorFittings products are carefully machined from 6061-T6 Billet Aluminum and finished with our proprietary polish and anodizing process. \n\nAvailable in unique gloss-finish colors, Push-Loc AN Fittings are designed specifically for use with high-quality Push-Loc hose, and to accept a male AN Flare Fitting.\n\nWant to learn more about how our products apply to your vehicle? Read our handy guide here.",https://colorfittings.com/wp-content/uploads/2024/08/Hose-Barb-AN-push-lock-fitting-black.png,Black,CF-PLF-16-000-000-BL,Push-Loc Hose Ends,True,"Target AN Size (-6, -8, -10)"
12.99,-06 AN 45 Degree Female Push-Loc Fitting,"Founded in 2008, ColorFittings is an industry leader in premium automotive, marine, and aviation plumbing products. \n\nWhether you’re a professional building a 6-second NHRA bracket car, a perfectionist designing the ultimate engine bay for a SEMA car, or an HPDE enthusiast looking to improve your oil temps, our products are designed for all flavors of motorsports. \n\nColorFittings products are carefully machined from 6061-T6 Billet Aluminum and finished with our proprietary polish and anodizing process. \n\nAvailable in unique gloss-finish colors, Push-Loc AN Fittings are designed specifically for use with high-quality Push-Loc hose, and to accept a male AN Flare Fitting.\n\nWant to learn more about how our products apply to your vehicle? Read our handy guide here.",https://colorfittings.com/wp-content/uploads/2024/08/Hose-Barb-AN-push-lock-fitting-45-black.png,Black,CF-PLF-06-045-000-BL,Push-Loc Hose Ends,True,"Target AN Size (-6, -8, -10)"
17.99,-10 AN 45 Degree Female Push-Loc Fitting,"Founded in 2008, ColorFittings is an industry leader in premium automotive, marine, and aviation plumbing products. \n\nWhether you’re a professional building a 6-second NHRA bracket car, a perfectionist designing the ultimate engine bay for a SEMA car, or an HPDE enthusiast looking to improve your oil temps, our products are designed for all flavors of motorsports. \n\nColorFittings products are carefully machined from 6061-T6 Billet Aluminum and finished with our proprietary polish and anodizing process. \n\nAvailable in unique gloss-finish colors, Push-Loc AN Fittings are designed specifically for use with high-quality Push-Loc hose, and to accept a male AN Flare Fitting.\n\nWant to learn more about how our products apply to your vehicle? Read our handy guide here.",https://colorfittings.com/wp-content/uploads/2024/08/Hose-Barb-AN-push-lock-fitting-45-black.png,Black,CF-PLF-10-045-000-BL,Push-Loc Hose Ends,True,"Target AN Size (-6, -8, -10)"
15.99,-08 AN 45 Degree Female Push-Loc Fitting,"Founded in 2008, ColorFittings is an industry leader in premium automotive, marine, and aviation plumbing products. \n\nWhether you’re a professional building a 6-second NHRA bracket car, a perfectionist designing the ultimate engine bay for a SEMA car, or an HPDE enthusiast looking to improve your oil temps, our products are designed for all flavors of motorsports. \n\nColorFittings products are carefully machined from 6061-T6 Billet Aluminum and finished with our proprietary polish and anodizing process. \n\nAvailable in unique gloss-finish colors, Push-Loc AN Fittings are designed specifically for use with high-quality Push-Loc hose, and to accept a male AN Flare Fitting.\n\nWant to learn more about how our products apply to your vehicle? Read our handy guide here.",https://colorfittings.com/wp-content/uploads/2024/08/Hose-Barb-AN-push-lock-fitting-45-black.png,Black,CF-PLF-08-045-000-BL,Push-Loc Hose Ends,True,"Target AN Size (-6, -8, -10)"
26.99,-16 AN 45 Degree Female Push-Loc Fitting,"Founded in 2008, ColorFittings is an industry leader in premium automotive, marine, and aviation plumbing products. \n\nWhether you’re a professional building a 6-second NHRA bracket car, a perfectionist designing the ultimate engine bay for a SEMA car, or an HPDE enthusiast looking to improve your oil temps, our products are designed for all flavors of motorsports. \n\nColorFittings products are carefully machined from 6061-T6 Billet Aluminum and finished with our proprietary polish and anodizing process. \n\nAvailable in unique gloss-finish colors, Push-Loc AN Fittings are designed specifically for use with high-quality Push-Loc hose, and to accept a male AN Flare Fitting.\n\nWant to learn more about how our products apply to your vehicle? Read our handy guide here.",https://colorfittings.com/wp-content/uploads/2024/08/Hose-Barb-AN-push-lock-fitting-45-black.png,Black,CF-PLF-16-045-000-BL,Push-Loc Hose Ends,True,"Target AN Size (-6, -8, -10)"
12.99,-6 AN 90 Degree Female Push-Loc Fitting,"ColorFittings Push-Loc Hose End Fittings are precision CNC-machined for secure, clamp-free connections in low- to medium-pressure fuel, oil, coolant, PCV, vacuum, and air systems. Designed specifically for Push-Loc (barbed) hose, these fittings provide a tight, leak-resistant seal without the need for hose clamps in most applications, making them ideal for clean, efficient engine bay plumbing.\n\nManufactured from aerospace-grade 6061-T6 billet aluminum and finished with ColorFittings’ proprietary polishing and anodizing process, our Push-Loc fittings deliver superior strength, corrosion resistance, and long-term durability. The multi-barb design ensures maximum hose retention while maintaining smooth flow characteristics for consistent performance.\n\nCompatible with fuel (including E85 and ethanol blends), oil, coolant, and air systems, these Push-Loc hose ends are perfect for street performance, racing, off-road, marine, and custom fabrication projects where flexibility and ease of installation are key.\n\nLooking to complete your system? Explore our full range of Push-Loc Fittings, Push-Loc Hose, and Fitting Assembly Tools.",https://colorfittings.com/wp-content/uploads/2024/08/Hose-Barb-AN-push-lock-fitting-90-black.png,Black,CF-PLF-06-090-000-BL,Push-Loc Hose Ends,True,"Target AN Size (-6, -8, -10)"
17.99,-10 AN 90 Degree Female Push-Loc Fitting,"Founded in 2008, ColorFittings is an industry leader in premium automotive, marine, and aviation plumbing products. \n\nWhether you’re a professional building a 6-second NHRA bracket car, a perfectionist designing the ultimate engine bay for a SEMA car, or an HPDE enthusiast looking to improve your oil temps, our products are designed for all flavors of motorsports. \n\nColorFittings products are carefully machined from 6061-T6 Billet Aluminum and finished with our proprietary polish and anodizing process. \n\nAvailable in unique gloss-finish colors, Push-Loc AN Fittings are designed specifically for use with high-quality Push-Loc hose, and to accept a male AN Flare Fitting.\n\nWant to learn more about how our products apply to your vehicle? Read our handy guide here.",https://colorfittings.com/wp-content/uploads/2024/08/Hose-Barb-AN-push-lock-fitting-90-black.png,Black,CF-PLF-10-090-000-BL,Push-Loc Hose Ends,True,"Target AN Size (-6, -8, -10)"
15.99,-08 AN 90 Degree Female Push-Loc Fitting,"Founded in 2008, ColorFittings is an industry leader in premium automotive, marine, and aviation plumbing products. \n\nWhether you’re a professional building a 6-second NHRA bracket car, a perfectionist designing the ultimate engine bay for a SEMA car, or an HPDE enthusiast looking to improve your oil temps, our products are designed for all flavors of motorsports. \n\nColorFittings products are carefully machined from 6061-T6 Billet Aluminum and finished with our proprietary polish and anodizing process. \n\nAvailable in unique gloss-finish colors, Push-Loc AN Fittings are designed specifically for use with high-quality Push-Loc hose, and to accept a male AN Flare Fitting.\n\nWant to learn more about how our products apply to your vehicle? Read our handy guide here.",https://colorfittings.com/wp-content/uploads/2024/08/Hose-Barb-AN-push-lock-fitting-90-black.png,Black,CF-PLF-08-090-000-BL,Push-Loc Hose Ends,True,"Target AN Size (-6, -8, -10)"
26.99,-16 AN 90 Degree Female Push-Loc Fitting,"Founded in 2008, ColorFittings is an industry leader in premium automotive, marine, and aviation plumbing products. \n\nWhether you’re a professional building a 6-second NHRA bracket car, a perfectionist designing the ultimate engine bay for a SEMA car, or an HPDE enthusiast looking to improve your oil temps, our products are designed for all flavors of motorsports. \n\nColorFittings products are carefully machined from 6061-T6 Billet Aluminum and finished with our proprietary polish and anodizing process. \n\nAvailable in unique gloss-finish colors, Push-Loc AN Fittings are designed specifically for use with high-quality Push-Loc hose, and to accept a male AN Flare Fitting.\n\nWant to learn more about how our products apply to your vehicle? Read our handy guide here.",https://colorfittings.com/wp-content/uploads/2024/08/Hose-Barb-AN-push-lock-fitting-90-black.png,Black,CF-PLF-16-090-000-BL,Push-Loc Hose Ends,True,"Target AN Size (-6, -8, -10)"
14.99,-8 AN to M22x1.5mm Metric Adapter,"ColorFittings AN to Metric Adapter and Union Fittings are precision-engineered to connect metric female ports to AN flare fittings, providing a secure, leak-free solution for fuel, oil, coolant, and power steering plumbing systems.\n\nEach adapter is CNC machined from 6061-T6 billet aluminum and finished with ColorFittings' proprietary polishing and anodizing process for maximum strength, corrosion resistance, and long-term durability. These fittings are designed to withstand high pressure and high temperature environments commonly found in racing, street performance, marine, and aviation applications.\n\nOur AN to Metric Adapters are manufactured to provide a perfect fit and seal when paired with ColorFittings AN fittings, which are specifically engineered for use with E85, ethanol-based fuels, and race fuels. When combined with our nylon or stainless steel braided hose, these adapters deliver reliable performance and clean routing for any high-performance plumbing system.\n\nLooking to complete your system? Explore our full range of AN fittings, metric adapters, braided hose, and fitting assembly tools.",https://colorfittings.com/wp-content/uploads/2026/04/Flare-To-Metric-Adapter-Black-128.png,Black,CF-F2M-08-B22-015-BL,Adapters and Unions,True,"Target AN Size (-6, -8, -10)"
14.99,-6 AN to M10x1.0mm Metric Adapter,"ColorFittings AN to Metric Adapter and Union Fittings are precision-engineered to connect metric female ports to AN flare fittings, providing a secure, leak-free solution for fuel, oil, coolant, and power steering plumbing systems.\nEach adapter is CNC machined from 6061-T6 billet aluminum and finished with ColorFittings' proprietary polishing and anodizing process for maximum strength, corrosion resistance, and long-term durability. These fittings are designed to withstand high pressure and high temperature environments commonly found in racing, street performance, marine, and aviation applications.\nOur AN to Metric Adapters are manufactured to provide a perfect fit and seal when paired with ColorFittings AN fittings, which are specifically engineered for use with E85, ethanol-based fuels, and race fuels. When combined with our nylon or stainless steel braided hose, these adapters deliver reliable performance and clean routing for any high-performance plumbing system.\nLooking to complete your system? Explore our full range of AN fittings, metric adapters, braided hose, and fitting assembly tools.",https://colorfittings.com/wp-content/uploads/2026/04/Flare-To-Metric-Adapter-Black-35.png,Black,CF-F2M-06-010-010-BL,Adapters and Unions,True,"Target AN Size (-6, -8, -10)"
14.99,-6 AN to M12x1.5mm Metric Adapter,"ColorFittings AN to Metric Adapter and Union Fittings are precision-engineered to connect metric female ports to AN flare fittings, providing a secure, leak-free solution for fuel, oil, coolant, and power steering plumbing systems.\nEach adapter is CNC machined from 6061-T6 billet aluminum and finished with ColorFittings' proprietary polishing and anodizing process for maximum strength, corrosion resistance, and long-term durability. These fittings are designed to withstand high pressure and high temperature environments commonly found in racing, street performance, marine, and aviation applications.\nOur AN to Metric Adapters are manufactured to provide a perfect fit and seal when paired with ColorFittings AN fittings, which are specifically engineered for use with E85, ethanol-based fuels, and race fuels. When combined with our nylon or stainless steel braided hose, these adapters deliver reliable performance and clean routing for any high-performance plumbing system.\nLooking to complete your system? Explore our full range of AN fittings, metric adapters, braided hose, and fitting assembly tools.",https://colorfittings.com/wp-content/uploads/2026/04/Flare-To-Metric-Adapter-Purple-3.png,Purple,CF-F2M-06-012-015-PU,Adapters and Unions,True,"Target AN Size (-6, -8, -10)"
14.99,-6 AN to M12x1.5mm Metric Adapter,"ColorFittings AN to Metric Adapter and Union Fittings are precision-engineered to connect metric female ports to AN flare fittings, providing a secure, leak-free solution for fuel, oil, coolant, and power steering plumbing systems.\nEach adapter is CNC machined from 6061-T6 billet aluminum and finished with ColorFittings' proprietary polishing and anodizing process for maximum strength, corrosion resistance, and long-term durability. These fittings are designed to withstand high pressure and high temperature environments commonly found in racing, street performance, marine, and aviation applications.\nOur AN to Metric Adapters are manufactured to provide a perfect fit and seal when paired with ColorFittings AN fittings, which are specifically engineered for use with E85, ethanol-based fuels, and race fuels. When combined with our nylon or stainless steel braided hose, these adapters deliver reliable performance and clean routing for any high-performance plumbing system.\nLooking to complete your system? Explore our full range of AN fittings, metric adapters, braided hose, and fitting assembly tools.",https://colorfittings.com/wp-content/uploads/2026/04/Flare-To-Metric-Adapter-Black-111.png,Black,CF-F2M-06-012-015-BL,Adapters and Unions,True,"Target AN Size (-6, -8, -10)"
9.99,"-6AN to 5/8"" - 18 (Inverted Flare)",This Fitting is offered in the following colors: Black,https://colorfittings.com/wp-content/uploads/2018/06/AN-flare-ORB-straight-fuel-fitting-black.png,Black,CF-F2S-06-058-018-BL,Specialty Fitting &amp; PCV Delete,True,"Target AN Size (-6, -8, -10)"
28.99,-16 AN 120 Degree Female Push-Loc Fitting,"Founded in 2008, ColorFittings is an industry leader in premium automotive, marine, and aviation plumbing products. \n\nWhether you’re a professional building a 6-second NHRA bracket car, a perfectionist designing the ultimate engine bay for a SEMA car, or an HPDE enthusiast looking to improve your oil temps, our products are designed for all flavors of motorsports. \n\nColorFittings products are carefully machined from 6061-T6 Billet Aluminum and finished with our proprietary polish and anodizing process. \n\nAvailable in unique gloss-finish colors, Push-Loc AN Fittings are designed specifically for use with high-quality Push-Loc hose, and to accept a male AN Flare Fitting.\n\nWant to learn more about how our products apply to your vehicle? Read our handy guide here.",https://colorfittings.com/wp-content/uploads/2024/08/Hose-Barb-AN-push-lock-fitting-120-black.png,Black,CF-PLF-16-120-000-BL,Push-Loc Hose Ends,True,"Target AN Size (-6, -8, -10)"
19.99,-10 AN 120 Degree Female Push-Loc Fitting,"Founded in 2008, ColorFittings is an industry leader in premium automotive, marine, and aviation plumbing products. \n\nWhether you’re a professional building a 6-second NHRA bracket car, a perfectionist designing the ultimate engine bay for a SEMA car, or an HPDE enthusiast looking to improve your oil temps, our products are designed for all flavors of motorsports. \n\nColorFittings products are carefully machined from 6061-T6 Billet Aluminum and finished with our proprietary polish and anodizing process. \n\nAvailable in unique gloss-finish colors, Push-Loc AN Fittings are designed specifically for use with high-quality Push-Loc hose, and to accept a male AN Flare Fitting.\n\nWant to learn more about how our products apply to your vehicle? Read our handy guide here.",https://colorfittings.com/wp-content/uploads/2024/08/Hose-Barb-AN-push-lock-fitting-120-black.png,Black,CF-PLF-10-120-000-BL,Push-Loc Hose Ends,True,"Target AN Size (-6, -8, -10)"
17.99,-08 AN 120 Degree Female Push-Loc Fitting,"Founded in 2008, ColorFittings is an industry leader in premium automotive, marine, and aviation plumbing products. \n\nWhether you’re a professional building a 6-second NHRA bracket car, a perfectionist designing the ultimate engine bay for a SEMA car, or an HPDE enthusiast looking to improve your oil temps, our products are designed for all flavors of motorsports. \n\nColorFittings products are carefully machined from 6061-T6 Billet Aluminum and finished with our proprietary polish and anodizing process. \n\nAvailable in unique gloss-finish colors, Push-Loc AN Fittings are designed specifically for use with high-quality Push-Loc hose, and to accept a male AN Flare Fitting.\n\nWant to learn more about how our products apply to your vehicle? Read our handy guide here.",https://colorfittings.com/wp-content/uploads/2024/08/Hose-Barb-AN-push-lock-fitting-120-black.png,Black,CF-PLF-08-120-000-BL,Push-Loc Hose Ends,True,"Target AN Size (-6, -8, -10)"
14.99,-06 AN 120 Degree Female Push-Loc Fitting,"Founded in 2008, ColorFittings is an industry leader in premium automotive, marine, and aviation plumbing products. \n\nWhether you’re a professional building a 6-second NHRA bracket car, a perfectionist designing the ultimate engine bay for a SEMA car, or an HPDE enthusiast looking to improve your oil temps, our products are designed for all flavors of motorsports. \n\nColorFittings products are carefully machined from 6061-T6 Billet Aluminum and finished with our proprietary polish and anodizing process. \n\nAvailable in unique gloss-finish colors, Push-Loc AN Fittings are designed specifically for use with high-quality Push-Loc hose, and to accept a male AN Flare Fitting.\n\nWant to learn more about how our products apply to your vehicle? Read our handy guide here.",https://colorfittings.com/wp-content/uploads/2024/08/Hose-Barb-AN-push-lock-fitting-120-black.png,Black,CF-PLF-06-120-000-BL,Push-Loc Hose Ends,True,"Target AN Size (-6, -8, -10)"
14.99,10AN to 1 1/16 - 12 SAE,"Founded in 2008, ColorFittings is an industry leader in premium automotive, marine, and aviation plumbing products. \n\nWhether you’re a professional building a 6-second NHRA bracket car, a perfectionist designing the ultimate engine bay for a SEMA car, or an HPDE enthusiast looking to improve your oil temps, our products are designed for all flavors of motorsports. \n\nColorFittings products are carefully machined from 6061-T6 Billet Aluminum and finished with our proprietary polish and anodizing process. \n\nAvailable in unique gloss-finish colors, these AN Fittings are specifically designed for use with high-quality PTFE hose.\n\nAN Hose applications pair excellently with our lightweight Hose Separators, which are available in unique gloss-finish colors.\n\nFor a hassle-free installation process, we strongly recommend using our Fitting Assembly Tools.\n\nWant to learn more about how our products apply to your vehicle? Read our handy guide here.",https://colorfittings.com/wp-content/uploads/2021/12/colorfittings-an-fitting-oil_fitting_M22x10_purple.png,Purple,CF-ASP-10-111-612-PU,SAE Fittings,True,"Target AN Size (-6, -8, -10)"
14.99,10AN to 1 1/16 - 12 SAE,"Founded in 2008, ColorFittings is an industry leader in premium automotive, marine, and aviation plumbing products. \n\nWhether you’re a professional building a 6-second NHRA bracket car, a perfectionist designing the ultimate engine bay for a SEMA car, or an HPDE enthusiast looking to improve your oil temps, our products are designed for all flavors of motorsports. \n\nColorFittings products are carefully machined from 6061-T6 Billet Aluminum and finished with our proprietary polish and anodizing process. \n\nAvailable in unique gloss-finish colors, these AN Fittings are specifically designed for use with high-quality PTFE hose.\n\nAN Hose applications pair excellently with our lightweight Hose Separators, which are available in unique gloss-finish colors.\n\nFor a hassle-free installation process, we strongly recommend using our Fitting Assembly Tools.\n\nWant to learn more about how our products apply to your vehicle? Read our handy guide here.",https://colorfittings.com/wp-content/uploads/2021/12/colorfittings-an-fitting-oil_fitting_M22x10_gold.png,Gold,CF-ASP-10-111-612-GD,SAE Fittings,True,"Target AN Size (-6, -8, -10)"
14.99,10AN to 1 1/16 - 12 SAE,"Founded in 2008, ColorFittings is an industry leader in premium automotive, marine, and aviation plumbing products. \n\nWhether you’re a professional building a 6-second NHRA bracket car, a perfectionist designing the ultimate engine bay for a SEMA car, or an HPDE enthusiast looking to improve your oil temps, our products are designed for all flavors of motorsports. \n\nColorFittings products are carefully machined from 6061-T6 Billet Aluminum and finished with our proprietary polish and anodizing process. \n\nAvailable in unique gloss-finish colors, these AN Fittings are specifically designed for use with high-quality PTFE hose.\n\nAN Hose applications pair excellently with our lightweight Hose Separators, which are available in unique gloss-finish colors.\n\nFor a hassle-free installation process, we strongly recommend using our Fitting Assembly Tools.\n\nWant to learn more about how our products apply to your vehicle? Read our handy guide here.",https://colorfittings.com/wp-content/uploads/2021/12/colorfittings-an-fitting-oil_fitting_M22x10_orange.png,Orange,CF-ASP-10-111-612-OR,SAE Fittings,True,"Target AN Size (-6, -8, -10)"
14.99,10AN to 1 1/16 - 12 SAE,"Founded in 2008, ColorFittings is an industry leader in premium automotive, marine, and aviation plumbing products. \n\nWhether you’re a professional building a 6-second NHRA bracket car, a perfectionist designing the ultimate engine bay for a SEMA car, or an HPDE enthusiast looking to improve your oil temps, our products are designed for all flavors of motorsports. \n\nColorFittings products are carefully machined from 6061-T6 Billet Aluminum and finished with our proprietary polish and anodizing process. \n\nAvailable in unique gloss-finish colors, these AN Fittings are specifically designed for use with high-quality PTFE hose.\n\nAN Hose applications pair excellently with our lightweight Hose Separators, which are available in unique gloss-finish colors.\n\nFor a hassle-free installation process, we strongly recommend using our Fitting Assembly Tools.\n\nWant to learn more about how our products apply to your vehicle? Read our handy guide here.",https://colorfittings.com/wp-content/uploads/2021/12/colorfittings-an-fitting-oil_fitting_M22x10_black.png,Black,CF-ASP-10-111-612-BL,SAE Fittings,True,"Target AN Size (-6, -8, -10)"
9.99,10AN to 7/8 - 14 SAE,"Founded in 2008, ColorFittings is an industry leader in premium automotive, marine, and aviation plumbing products. \n\nWhether you’re a professional building a 6-second NHRA bracket car, a perfectionist designing the ultimate engine bay for a SEMA car, or an HPDE enthusiast looking to improve your oil temps, our products are designed for all flavors of motorsports. \n\nColorFittings products are carefully machined from 6061-T6 Billet Aluminum and finished with our proprietary polish and anodizing process. \n\nAvailable in unique gloss-finish colors, these AN Fittings are specifically designed for use with high-quality PTFE hose.\n\nAN Hose applications pair excellently with our lightweight Hose Separators, which are available in unique gloss-finish colors.\n\nFor a hassle-free installation process, we strongly recommend using our Fitting Assembly Tools.\n\nWant to learn more about how our products apply to your vehicle? Read our handy guide here.",https://colorfittings.com/wp-content/uploads/2021/12/colorfittings-an-fitting-oil_fitting_M22x10_black.png,Black,CF-ASP-10-078-014-BL,SAE Fittings,True,"Target AN Size (-6, -8, -10)"
9.99,10AN to 3/4 - 16 SAE,"Founded in 2008, ColorFittings is an industry leader in premium automotive, marine, and aviation plumbing products. \n\nWhether you’re a professional building a 6-second NHRA bracket car, a perfectionist designing the ultimate engine bay for a SEMA car, or an HPDE enthusiast looking to improve your oil temps, our products are designed for all flavors of motorsports. \n\nColorFittings products are carefully machined from 6061-T6 Billet Aluminum and finished with our proprietary polish and anodizing process. \n\nAvailable in unique gloss-finish colors, these AN Fittings are specifically designed for use with high-quality PTFE hose.\n\nAN Hose applications pair excellently with our lightweight Hose Separators, which are available in unique gloss-finish colors.\n\nFor a hassle-free installation process, we strongly recommend using our Fitting Assembly Tools.\n\nWant to learn more about how our products apply to your vehicle? Read our handy guide here.",https://colorfittings.com/wp-content/uploads/2021/12/colorfittings-an-fitting-oil_fitting_M22x10_purple.png,Purple,CF-ASP-10-034-016-PU,SAE Fittings,True,"Target AN Size (-6, -8, -10)"
9.99,10AN to 7/8 - 14 SAE,"Founded in 2008, ColorFittings is an industry leader in premium automotive, marine, and aviation plumbing products. \n\nWhether you’re a professional building a 6-second NHRA bracket car, a perfectionist designing the ultimate engine bay for a SEMA car, or an HPDE enthusiast looking to improve your oil temps, our products are designed for all flavors of motorsports. \n\nColorFittings products are carefully machined from 6061-T6 Billet Aluminum and finished with our proprietary polish and anodizing process. \n\nAvailable in unique gloss-finish colors, these AN Fittings are specifically designed for use with high-quality PTFE hose.\n\nAN Hose applications pair excellently with our lightweight Hose Separators, which are available in unique gloss-finish colors.\n\nFor a hassle-free installation process, we strongly recommend using our Fitting Assembly Tools.\n\nWant to learn more about how our products apply to your vehicle? Read our handy guide here.",https://colorfittings.com/wp-content/uploads/2021/12/colorfittings-an-fitting-oil_fitting_M22x10_purple.png,Purple,CF-ASP-10-078-014-PU,SAE Fittings,True,"Target AN Size (-6, -8, -10)"
9.99,10AN to 3/4 - 16 SAE,"Founded in 2008, ColorFittings is an industry leader in premium automotive, marine, and aviation plumbing products. \n\nWhether you’re a professional building a 6-second NHRA bracket car, a perfectionist designing the ultimate engine bay for a SEMA car, or an HPDE enthusiast looking to improve your oil temps, our products are designed for all flavors of motorsports. \n\nColorFittings products are carefully machined from 6061-T6 Billet Aluminum and finished with our proprietary polish and anodizing process. \n\nAvailable in unique gloss-finish colors, these AN Fittings are specifically designed for use with high-quality PTFE hose.\n\nAN Hose applications pair excellently with our lightweight Hose Separators, which are available in unique gloss-finish colors.\n\nFor a hassle-free installation process, we strongly recommend using our Fitting Assembly Tools.\n\nWant to learn more about how our products apply to your vehicle? Read our handy guide here.",https://colorfittings.com/wp-content/uploads/2021/12/colorfittings-an-fitting-oil_fitting_M22x10_gold.png,Gold,CF-ASP-10-034-016-GD,SAE Fittings,True,"Target AN Size (-6, -8, -10)"
9.99,10AN to 7/8 - 14 SAE,"Founded in 2008, ColorFittings is an industry leader in premium automotive, marine, and aviation plumbing products. \n\nWhether you’re a professional building a 6-second NHRA bracket car, a perfectionist designing the ultimate engine bay for a SEMA car, or an HPDE enthusiast looking to improve your oil temps, our products are designed for all flavors of motorsports. \n\nColorFittings products are carefully machined from 6061-T6 Billet Aluminum and finished with our proprietary polish and anodizing process. \n\nAvailable in unique gloss-finish colors, these AN Fittings are specifically designed for use with high-quality PTFE hose.\n\nAN Hose applications pair excellently with our lightweight Hose Separators, which are available in unique gloss-finish colors.\n\nFor a hassle-free installation process, we strongly recommend using our Fitting Assembly Tools.\n\nWant to learn more about how our products apply to your vehicle? Read our handy guide here.",https://colorfittings.com/wp-content/uploads/2021/12/colorfittings-an-fitting-oil_fitting_M22x10_gold.png,Gold,CF-ASP-10-078-014-GD,SAE Fittings,True,"Target AN Size (-6, -8, -10)"
9.99,10AN to 3/4 - 16 SAE,"Founded in 2008, ColorFittings is an industry leader in premium automotive, marine, and aviation plumbing products. \n\nWhether you’re a professional building a 6-second NHRA bracket car, a perfectionist designing the ultimate engine bay for a SEMA car, or an HPDE enthusiast looking to improve your oil temps, our products are designed for all flavors of motorsports. \n\nColorFittings products are carefully machined from 6061-T6 Billet Aluminum and finished with our proprietary polish and anodizing process. \n\nAvailable in unique gloss-finish colors, these AN Fittings are specifically designed for use with high-quality PTFE hose.\n\nAN Hose applications pair excellently with our lightweight Hose Separators, which are available in unique gloss-finish colors.\n\nFor a hassle-free installation process, we strongly recommend using our Fitting Assembly Tools.\n\nWant to learn more about how our products apply to your vehicle? Read our handy guide here.",https://colorfittings.com/wp-content/uploads/2021/12/colorfittings-an-fitting-oil_fitting_M22x10_orange.png,Orange,CF-ASP-10-034-016-OR,SAE Fittings,True,"Target AN Size (-6, -8, -10)"
9.99,10AN to 7/8 - 14 SAE,"Founded in 2008, ColorFittings is an industry leader in premium automotive, marine, and aviation plumbing products. \n\nWhether you’re a professional building a 6-second NHRA bracket car, a perfectionist designing the ultimate engine bay for a SEMA car, or an HPDE enthusiast looking to improve your oil temps, our products are designed for all flavors of motorsports. \n\nColorFittings products are carefully machined from 6061-T6 Billet Aluminum and finished with our proprietary polish and anodizing process. \n\nAvailable in unique gloss-finish colors, these AN Fittings are specifically designed for use with high-quality PTFE hose.\n\nAN Hose applications pair excellently with our lightweight Hose Separators, which are available in unique gloss-finish colors.\n\nFor a hassle-free installation process, we strongly recommend using our Fitting Assembly Tools.\n\nWant to learn more about how our products apply to your vehicle? Read our handy guide here.",https://colorfittings.com/wp-content/uploads/2021/12/colorfittings-an-fitting-oil_fitting_M22x10_orange.png,Orange,CF-ASP-10-078-014-OR,SAE Fittings,True,"Target AN Size (-6, -8, -10)"
9.99,10AN to 3/4 - 16 SAE,"Founded in 2008, ColorFittings is an industry leader in premium automotive, marine, and aviation plumbing products. \n\nWhether you’re a professional building a 6-second NHRA bracket car, a perfectionist designing the ultimate engine bay for a SEMA car, or an HPDE enthusiast looking to improve your oil temps, our products are designed for all flavors of motorsports. \n\nColorFittings products are carefully machined from 6061-T6 Billet Aluminum and finished with our proprietary polish and anodizing process. \n\nAvailable in unique gloss-finish colors, these AN Fittings are specifically designed for use with high-quality PTFE hose.\n\nAN Hose applications pair excellently with our lightweight Hose Separators, which are available in unique gloss-finish colors.\n\nFor a hassle-free installation process, we strongly recommend using our Fitting Assembly Tools.\n\nWant to learn more about how our products apply to your vehicle? Read our handy guide here.",https://colorfittings.com/wp-content/uploads/2021/12/colorfittings-an-fitting-oil_fitting_M22x10_black.png,Black,CF-ASP-10-034-016-BL,SAE Fittings,True,"Target AN Size (-6, -8, -10)"
9.99,10AN to 3/4 - 16 SAE,"Founded in 2008, ColorFittings is an industry leader in premium automotive, marine, and aviation plumbing products. \n\nWhether you’re a professional building a 6-second NHRA bracket car, a perfectionist designing the ultimate engine bay for a SEMA car, or an HPDE enthusiast looking to improve your oil temps, our products are designed for all flavors of motorsports. \n\nColorFittings products are carefully machined from 6061-T6 Billet Aluminum and finished with our proprietary polish and anodizing process. \n\nAvailable in unique gloss-finish colors, these AN Fittings are specifically designed for use with high-quality PTFE hose.\n\nAN Hose applications pair excellently with our lightweight Hose Separators, which are available in unique gloss-finish colors.\n\nFor a hassle-free installation process, we strongly recommend using our Fitting Assembly Tools.\n\nWant to learn more about how our products apply to your vehicle? Read our handy guide here.",https://colorfittings.com/wp-content/uploads/2021/12/colorfittings-an-fitting-oil_fitting_M22x10_red.png,Red,CF-ASP-10-034-016-RD,SAE Fittings,True,"Target AN Size (-6, -8, -10)"
9.99,10AN to 3/4 - 16 SAE,"Founded in 2008, ColorFittings is an industry leader in premium automotive, marine, and aviation plumbing products. \n\nWhether you’re a professional building a 6-second NHRA bracket car, a perfectionist designing the ultimate engine bay for a SEMA car, or an HPDE enthusiast looking to improve your oil temps, our products are designed for all flavors of motorsports. \n\nColorFittings products are carefully machined from 6061-T6 Billet Aluminum and finished with our proprietary polish and anodizing process. \n\nAvailable in unique gloss-finish colors, these AN Fittings are specifically designed for use with high-quality PTFE hose.\n\nAN Hose applications pair excellently with our lightweight Hose Separators, which are available in unique gloss-finish colors.\n\nFor a hassle-free installation process, we strongly recommend using our Fitting Assembly Tools.\n\nWant to learn more about how our products apply to your vehicle? Read our handy guide here.",https://colorfittings.com/wp-content/uploads/2022/11/colorfittings-an-fitting-oil_fitting_M22x10_teal.gif,Teal,CF-ASP-10-034-016-TL,SAE Fittings,True,"Target AN Size (-6, -8, -10)"
9.99,10AN to 3/4 - 16 SAE,"Founded in 2008, ColorFittings is an industry leader in premium automotive, marine, and aviation plumbing products. \n\nWhether you’re a professional building a 6-second NHRA bracket car, a perfectionist designing the ultimate engine bay for a SEMA car, or an HPDE enthusiast looking to improve your oil temps, our products are designed for all flavors of motorsports. \n\nColorFittings products are carefully machined from 6061-T6 Billet Aluminum and finished with our proprietary polish and anodizing process. \n\nAvailable in unique gloss-finish colors, these AN Fittings are specifically designed for use with high-quality PTFE hose.\n\nAN Hose applications pair excellently with our lightweight Hose Separators, which are available in unique gloss-finish colors.\n\nFor a hassle-free installation process, we strongly recommend using our Fitting Assembly Tools.\n\nWant to learn more about how our products apply to your vehicle? Read our handy guide here.",https://colorfittings.com/wp-content/uploads/2022/11/colorfittings-an-fitting-oil_fitting_M22x10_green.gif,Green,CF-ASP-10-034-016-GR,SAE Fittings,True,"Target AN Size (-6, -8, -10)"
9.99,8AN to 7/8 - 14 SAE,"Founded in 2008, ColorFittings is an industry leader in premium automotive, marine, and aviation plumbing products. \n\nWhether you’re a professional building a 6-second NHRA bracket car, a perfectionist designing the ultimate engine bay for a SEMA car, or an HPDE enthusiast looking to improve your oil temps, our products are designed for all flavors of motorsports. \n\nColorFittings products are carefully machined from 6061-T6 Billet Aluminum and finished with our proprietary polish and anodizing process. \n\nAvailable in unique gloss-finish colors, these AN Fittings are specifically designed for use with high-quality PTFE hose.\n\nAN Hose applications pair excellently with our lightweight Hose Separators, which are available in unique gloss-finish colors.\n\nFor a hassle-free installation process, we strongly recommend using our Fitting Assembly Tools.\n\nWant to learn more about how our products apply to your vehicle? Read our handy guide here.",https://colorfittings.com/wp-content/uploads/2021/12/colorfittings-an-fitting-oil_fitting_M22x10_purple.png,Purple,CF-ASP-08-078-014-PU,SAE Fittings,True,"Target AN Size (-6, -8, -10)"
9.99,8AN to 7/8 - 14 SAE,"Founded in 2008, ColorFittings is an industry leader in premium automotive, marine, and aviation plumbing products. \n\nWhether you’re a professional building a 6-second NHRA bracket car, a perfectionist designing the ultimate engine bay for a SEMA car, or an HPDE enthusiast looking to improve your oil temps, our products are designed for all flavors of motorsports. \n\nColorFittings products are carefully machined from 6061-T6 Billet Aluminum and finished with our proprietary polish and anodizing process. \n\nAvailable in unique gloss-finish colors, these AN Fittings are specifically designed for use with high-quality PTFE hose.\n\nAN Hose applications pair excellently with our lightweight Hose Separators, which are available in unique gloss-finish colors.\n\nFor a hassle-free installation process, we strongly recommend using our Fitting Assembly Tools.\n\nWant to learn more about how our products apply to your vehicle? Read our handy guide here.",https://colorfittings.com/wp-content/uploads/2021/12/colorfittings-an-fitting-oil_fitting_M22x10_black.png,Black,CF-ASP-08-078-014-BL,SAE Fittings,True,"Target AN Size (-6, -8, -10)"
9.99,8AN to 7/8 - 14 SAE,"Founded in 2008, ColorFittings is an industry leader in premium automotive, marine, and aviation plumbing products. \n\nWhether you’re a professional building a 6-second NHRA bracket car, a perfectionist designing the ultimate engine bay for a SEMA car, or an HPDE enthusiast looking to improve your oil temps, our products are designed for all flavors of motorsports. \n\nColorFittings products are carefully machined from 6061-T6 Billet Aluminum and finished with our proprietary polish and anodizing process. \n\nAvailable in unique gloss-finish colors, these AN Fittings are specifically designed for use with high-quality PTFE hose.\n\nAN Hose applications pair excellently with our lightweight Hose Separators, which are available in unique gloss-finish colors.\n\nFor a hassle-free installation process, we strongly recommend using our Fitting Assembly Tools.\n\nWant to learn more about how our products apply to your vehicle? Read our handy guide here.",https://colorfittings.com/wp-content/uploads/2021/12/colorfittings-an-fitting-oil_fitting_M22x10_gold.png,Gold,CF-ASP-08-078-014-GD,SAE Fittings,True,"Target AN Size (-6, -8, -10)"
9.99,8AN to 7/8 - 14 SAE,"Founded in 2008, ColorFittings is an industry leader in premium automotive, marine, and aviation plumbing products. \n\nWhether you’re a professional building a 6-second NHRA bracket car, a perfectionist designing the ultimate engine bay for a SEMA car, or an HPDE enthusiast looking to improve your oil temps, our products are designed for all flavors of motorsports. \n\nColorFittings products are carefully machined from 6061-T6 Billet Aluminum and finished with our proprietary polish and anodizing process. \n\nAvailable in unique gloss-finish colors, these AN Fittings are specifically designed for use with high-quality PTFE hose.\n\nAN Hose applications pair excellently with our lightweight Hose Separators, which are available in unique gloss-finish colors.\n\nFor a hassle-free installation process, we strongly recommend using our Fitting Assembly Tools.\n\nWant to learn more about how our products apply to your vehicle? Read our handy guide here.",https://colorfittings.com/wp-content/uploads/2021/12/colorfittings-an-fitting-oil_fitting_M22x10_orange.png,Orange,CF-ASP-08-078-014-OR,SAE Fittings,True,"Target AN Size (-6, -8, -10)"
9.99,8AN to 1 1/16 - 12 SAE,"Founded in 2008, ColorFittings is an industry leader in premium automotive, marine, and aviation plumbing products. \n\nWhether you’re a professional building a 6-second NHRA bracket car, a perfectionist designing the ultimate engine bay for a SEMA car, or an HPDE enthusiast looking to improve your oil temps, our products are designed for all flavors of motorsports. \n\nColorFittings products are carefully machined from 6061-T6 Billet Aluminum and finished with our proprietary polish and anodizing process. \n\nAvailable in unique gloss-finish colors, these AN Fittings are specifically designed for use with high-quality PTFE hose.\n\nAN Hose applications pair excellently with our lightweight Hose Separators, which are available in unique gloss-finish colors.\n\nFor a hassle-free installation process, we strongly recommend using our Fitting Assembly Tools.\n\nWant to learn more about how our products apply to your vehicle? Read our handy guide here.",https://colorfittings.com/wp-content/uploads/2021/12/colorfittings-an-fitting-oil_fitting_M22x10_purple.png,Purple,CF-ASP-08-111-612-PU,SAE Fittings,True,"Target AN Size (-6, -8, -10)"
9.99,8AN to 1 1/16 - 12 SAE,"Founded in 2008, ColorFittings is an industry leader in premium automotive, marine, and aviation plumbing products. \n\nWhether you’re a professional building a 6-second NHRA bracket car, a perfectionist designing the ultimate engine bay for a SEMA car, or an HPDE enthusiast looking to improve your oil temps, our products are designed for all flavors of motorsports. \n\nColorFittings products are carefully machined from 6061-T6 Billet Aluminum and finished with our proprietary polish and anodizing process. \n\nAvailable in unique gloss-finish colors, these AN Fittings are specifically designed for use with high-quality PTFE hose.\n\nAN Hose applications pair excellently with our lightweight Hose Separators, which are available in unique gloss-finish colors.\n\nFor a hassle-free installation process, we strongly recommend using our Fitting Assembly Tools.\n\nWant to learn more about how our products apply to your vehicle? Read our handy guide here.",https://colorfittings.com/wp-content/uploads/2021/12/colorfittings-an-fitting-oil_fitting_M22x10_black.png,Black,CF-ASP-08-111-612-BL,SAE Fittings,True,"Target AN Size (-6, -8, -10)"
9.99,8AN to 1 1/16 - 12 SAE,"Founded in 2008, ColorFittings is an industry leader in premium automotive, marine, and aviation plumbing products. \n\nWhether you’re a professional building a 6-second NHRA bracket car, a perfectionist designing the ultimate engine bay for a SEMA car, or an HPDE enthusiast looking to improve your oil temps, our products are designed for all flavors of motorsports. \n\nColorFittings products are carefully machined from 6061-T6 Billet Aluminum and finished with our proprietary polish and anodizing process. \n\nAvailable in unique gloss-finish colors, these AN Fittings are specifically designed for use with high-quality PTFE hose.\n\nAN Hose applications pair excellently with our lightweight Hose Separators, which are available in unique gloss-finish colors.\n\nFor a hassle-free installation process, we strongly recommend using our Fitting Assembly Tools.\n\nWant to learn more about how our products apply to your vehicle? Read our handy guide here.",https://colorfittings.com/wp-content/uploads/2021/12/colorfittings-an-fitting-oil_fitting_M22x10_gold.png,Gold,CF-ASP-08-111-612-GD,SAE Fittings,True,"Target AN Size (-6, -8, -10)"
8.99,8AN to 3/4 - 16 SAE,"Founded in 2008, ColorFittings is an industry leader in premium automotive, marine, and aviation plumbing products. \n\nWhether you’re a professional building a 6-second NHRA bracket car, a perfectionist designing the ultimate engine bay for a SEMA car, or an HPDE enthusiast looking to improve your oil temps, our products are designed for all flavors of motorsports. \n\nColorFittings products are carefully machined from 6061-T6 Billet Aluminum and finished with our proprietary polish and anodizing process. \n\nAvailable in unique gloss-finish colors, these AN Fittings are specifically designed for use with high-quality PTFE hose.\n\nAN Hose applications pair excellently with our lightweight Hose Separators, which are available in unique gloss-finish colors.\n\nFor a hassle-free installation process, we strongly recommend using our Fitting Assembly Tools.\n\nWant to learn more about how our products apply to your vehicle? Read our handy guide here.",https://colorfittings.com/wp-content/uploads/2021/12/colorfittings-an-fitting-oil_fitting_M22x10_gold.png,Gold,CF-ASP-08-034-016-GD,SAE Fittings,True,"Target AN Size (-6, -8, -10)"
9.99,8AN to 1 1/16 - 12 SAE,"Founded in 2008, ColorFittings is an industry leader in premium automotive, marine, and aviation plumbing products. \n\nWhether you’re a professional building a 6-second NHRA bracket car, a perfectionist designing the ultimate engine bay for a SEMA car, or an HPDE enthusiast looking to improve your oil temps, our products are designed for all flavors of motorsports. \n\nColorFittings products are carefully machined from 6061-T6 Billet Aluminum and finished with our proprietary polish and anodizing process. \n\nAvailable in unique gloss-finish colors, these AN Fittings are specifically designed for use with high-quality PTFE hose.\n\nAN Hose applications pair excellently with our lightweight Hose Separators, which are available in unique gloss-finish colors.\n\nFor a hassle-free installation process, we strongly recommend using our Fitting Assembly Tools.\n\nWant to learn more about how our products apply to your vehicle? Read our handy guide here.",https://colorfittings.com/wp-content/uploads/2021/12/colorfittings-an-fitting-oil_fitting_M22x10_orange.png,Orange,CF-ASP-08-111-612-OR,SAE Fittings,True,"Target AN Size (-6, -8, -10)"
8.99,8AN to 3/4 - 16 SAE,"Founded in 2008, ColorFittings is an industry leader in premium automotive, marine, and aviation plumbing products. \n\nWhether you’re a professional building a 6-second NHRA bracket car, a perfectionist designing the ultimate engine bay for a SEMA car, or an HPDE enthusiast looking to improve your oil temps, our products are designed for all flavors of motorsports. \n\nColorFittings products are carefully machined from 6061-T6 Billet Aluminum and finished with our proprietary polish and anodizing process. \n\nAvailable in unique gloss-finish colors, these AN Fittings are specifically designed for use with high-quality PTFE hose.\n\nAN Hose applications pair excellently with our lightweight Hose Separators, which are available in unique gloss-finish colors.\n\nFor a hassle-free installation process, we strongly recommend using our Fitting Assembly Tools.\n\nWant to learn more about how our products apply to your vehicle? Read our handy guide here.",https://colorfittings.com/wp-content/uploads/2021/12/colorfittings-an-fitting-oil_fitting_M22x10_orange.png,Orange,CF-ASP-08-034-016-OR,SAE Fittings,True,"Target AN Size (-6, -8, -10)"
8.99,8AN to 3/4 - 16 SAE,"Founded in 2008, ColorFittings is an industry leader in premium automotive, marine, and aviation plumbing products. \n\nWhether you’re a professional building a 6-second NHRA bracket car, a perfectionist designing the ultimate engine bay for a SEMA car, or an HPDE enthusiast looking to improve your oil temps, our products are designed for all flavors of motorsports. \n\nColorFittings products are carefully machined from 6061-T6 Billet Aluminum and finished with our proprietary polish and anodizing process. \n\nAvailable in unique gloss-finish colors, these AN Fittings are specifically designed for use with high-quality PTFE hose.\n\nAN Hose applications pair excellently with our lightweight Hose Separators, which are available in unique gloss-finish colors.\n\nFor a hassle-free installation process, we strongly recommend using our Fitting Assembly Tools.\n\nWant to learn more about how our products apply to your vehicle? Read our handy guide here.",https://colorfittings.com/wp-content/uploads/2022/11/colorfittings-an-fitting-oil_fitting_M22x10_teal.gif,Teal,CF-ASP-08-034-016-TL,SAE Fittings,True,"Target AN Size (-6, -8, -10)"
8.99,8AN to 3/4 - 16 SAE,"Founded in 2008, ColorFittings is an industry leader in premium automotive, marine, and aviation plumbing products. \n\nWhether you’re a professional building a 6-second NHRA bracket car, a perfectionist designing the ultimate engine bay for a SEMA car, or an HPDE enthusiast looking to improve your oil temps, our products are designed for all flavors of motorsports. \n\nColorFittings products are carefully machined from 6061-T6 Billet Aluminum and finished with our proprietary polish and anodizing process. \n\nAvailable in unique gloss-finish colors, these AN Fittings are specifically designed for use with high-quality PTFE hose.\n\nAN Hose applications pair excellently with our lightweight Hose Separators, which are available in unique gloss-finish colors.\n\nFor a hassle-free installation process, we strongly recommend using our Fitting Assembly Tools.\n\nWant to learn more about how our products apply to your vehicle? Read our handy guide here.",https://colorfittings.com/wp-content/uploads/2022/11/colorfittings-an-fitting-oil_fitting_M22x10_green.gif,Green,CF-ASP-08-034-016-GR,SAE Fittings,True,"Target AN Size (-6, -8, -10)"
8.99,8AN to 3/4 - 16 SAE,"Founded in 2008, ColorFittings is an industry leader in premium automotive, marine, and aviation plumbing products. \n\nWhether you’re a professional building a 6-second NHRA bracket car, a perfectionist designing the ultimate engine bay for a SEMA car, or an HPDE enthusiast looking to improve your oil temps, our products are designed for all flavors of motorsports. \n\nColorFittings products are carefully machined from 6061-T6 Billet Aluminum and finished with our proprietary polish and anodizing process. \n\nAvailable in unique gloss-finish colors, these AN Fittings are specifically designed for use with high-quality PTFE hose.\n\nAN Hose applications pair excellently with our lightweight Hose Separators, which are available in unique gloss-finish colors.\n\nFor a hassle-free installation process, we strongly recommend using our Fitting Assembly Tools.\n\nWant to learn more about how our products apply to your vehicle? Read our handy guide here.",https://colorfittings.com/wp-content/uploads/2021/12/colorfittings-an-fitting-oil_fitting_M22x10_red.png,Red,CF-ASP-08-034-016-RD,SAE Fittings,True,"Target AN Size (-6, -8, -10)"
8.99,8AN to 3/4 - 16 SAE,"Founded in 2008, ColorFittings is an industry leader in premium automotive, marine, and aviation plumbing products. \n\nWhether you’re a professional building a 6-second NHRA bracket car, a perfectionist designing the ultimate engine bay for a SEMA car, or an HPDE enthusiast looking to improve your oil temps, our products are designed for all flavors of motorsports. \n\nColorFittings products are carefully machined from 6061-T6 Billet Aluminum and finished with our proprietary polish and anodizing process. \n\nAvailable in unique gloss-finish colors, these AN Fittings are specifically designed for use with high-quality PTFE hose.\n\nAN Hose applications pair excellently with our lightweight Hose Separators, which are available in unique gloss-finish colors.\n\nFor a hassle-free installation process, we strongly recommend using our Fitting Assembly Tools.\n\nWant to learn more about how our products apply to your vehicle? Read our handy guide here.",https://colorfittings.com/wp-content/uploads/2021/12/colorfittings-an-fitting-oil_fitting_M22x10_black.png,Black,CF-ASP-08-034-016-BL,SAE Fittings,True,"Target AN Size (-6, -8, -10)"
6.99,8AN to 9/16 - 18 SAE,"Founded in 2008, ColorFittings is an industry leader in premium automotive, marine, and aviation plumbing products. \n\nWhether you’re a professional building a 6-second NHRA bracket car, a perfectionist designing the ultimate engine bay for a SEMA car, or an HPDE enthusiast looking to improve your oil temps, our products are designed for all flavors of motorsports. \n\nColorFittings products are carefully machined from 6061-T6 Billet Aluminum and finished with our proprietary polish and anodizing process. \n\nAvailable in unique gloss-finish colors, these AN Fittings are specifically designed for use with high-quality PTFE hose.\n\nAN Hose applications pair excellently with our lightweight Hose Separators, which are available in unique gloss-finish colors.\n\nFor a hassle-free installation process, we strongly recommend using our Fitting Assembly Tools.\n\nWant to learn more about how our products apply to your vehicle? Read our handy guide here.",https://colorfittings.com/wp-content/uploads/2021/12/colorfittings-an-fitting-oil_fitting_M22x10_purple.png,Purple,CF-ASP-08-916-018-PU,SAE Fittings,True,"Target AN Size (-6, -8, -10)"
6.99,8AN to 9/16 - 18 SAE,"Founded in 2008, ColorFittings is an industry leader in premium automotive, marine, and aviation plumbing products. \n\nWhether you’re a professional building a 6-second NHRA bracket car, a perfectionist designing the ultimate engine bay for a SEMA car, or an HPDE enthusiast looking to improve your oil temps, our products are designed for all flavors of motorsports. \n\nColorFittings products are carefully machined from 6061-T6 Billet Aluminum and finished with our proprietary polish and anodizing process. \n\nAvailable in unique gloss-finish colors, these AN Fittings are specifically designed for use with high-quality PTFE hose.\n\nAN Hose applications pair excellently with our lightweight Hose Separators, which are available in unique gloss-finish colors.\n\nFor a hassle-free installation process, we strongly recommend using our Fitting Assembly Tools.\n\nWant to learn more about how our products apply to your vehicle? Read our handy guide here.",https://colorfittings.com/wp-content/uploads/2021/12/colorfittings-an-fitting-oil_fitting_M22x10_black.png,Black,CF-ASP-08-916-018-BL,SAE Fittings,True,"Target AN Size (-6, -8, -10)"
8.99,8AN to 3/4 - 16 SAE,"Founded in 2008, ColorFittings is an industry leader in premium automotive, marine, and aviation plumbing products. \n\nWhether you’re a professional building a 6-second NHRA bracket car, a perfectionist designing the ultimate engine bay for a SEMA car, or an HPDE enthusiast looking to improve your oil temps, our products are designed for all flavors of motorsports. \n\nColorFittings products are carefully machined from 6061-T6 Billet Aluminum and finished with our proprietary polish and anodizing process. \n\nAvailable in unique gloss-finish colors, these AN Fittings are specifically designed for use with high-quality PTFE hose.\n\nAN Hose applications pair excellently with our lightweight Hose Separators, which are available in unique gloss-finish colors.\n\nFor a hassle-free installation process, we strongly recommend using our Fitting Assembly Tools.\n\nWant to learn more about how our products apply to your vehicle? Read our handy guide here.",https://colorfittings.com/wp-content/uploads/2021/12/colorfittings-an-fitting-oil_fitting_M22x10_purple.png,Purple,CF-ASP-08-034-016-PU,SAE Fittings,True,"Target AN Size (-6, -8, -10)"
9.99,6AN to 7/8 - 14 SAE,"Founded in 2008, ColorFittings is an industry leader in premium automotive, marine, and aviation plumbing products. \n\nWhether you’re a professional building a 6-second NHRA bracket car, a perfectionist designing the ultimate engine bay for a SEMA car, or an HPDE enthusiast looking to improve your oil temps, our products are designed for all flavors of motorsports. \n\nColorFittings products are carefully machined from 6061-T6 Billet Aluminum and finished with our proprietary polish and anodizing process. \n\nAvailable in unique gloss-finish colors, these AN Fittings are specifically designed for use with high-quality PTFE hose.\n\nAN Hose applications pair excellently with our lightweight Hose Separators, which are available in unique gloss-finish colors.\n\nFor a hassle-free installation process, we strongly recommend using our Fitting Assembly Tools.\n\nWant to learn more about how our products apply to your vehicle? Read our handy guide here.",https://colorfittings.com/wp-content/uploads/2021/12/colorfittings-an-fitting-oil_fitting_M22x10_gold.png,Gold,CF-ASP-06-078-014-GD,SAE Fittings,True,"Target AN Size (-6, -8, -10)"
9.99,6AN to 7/8 - 14 SAE,"Founded in 2008, ColorFittings is an industry leader in premium automotive, marine, and aviation plumbing products. \n\nWhether you’re a professional building a 6-second NHRA bracket car, a perfectionist designing the ultimate engine bay for a SEMA car, or an HPDE enthusiast looking to improve your oil temps, our products are designed for all flavors of motorsports. \n\nColorFittings products are carefully machined from 6061-T6 Billet Aluminum and finished with our proprietary polish and anodizing process. \n\nAvailable in unique gloss-finish colors, these AN Fittings are specifically designed for use with high-quality PTFE hose.\n\nAN Hose applications pair excellently with our lightweight Hose Separators, which are available in unique gloss-finish colors.\n\nFor a hassle-free installation process, we strongly recommend using our Fitting Assembly Tools.\n\nWant to learn more about how our products apply to your vehicle? Read our handy guide here.",https://colorfittings.com/wp-content/uploads/2021/12/colorfittings-an-fitting-oil_fitting_M22x10_orange.png,Orange,CF-ASP-06-078-014-OR,SAE Fittings,True,"Target AN Size (-6, -8, -10)"
9.99,6AN to 7/8 - 14 SAE,"Founded in 2008, ColorFittings is an industry leader in premium automotive, marine, and aviation plumbing products. \n\nWhether you’re a professional building a 6-second NHRA bracket car, a perfectionist designing the ultimate engine bay for a SEMA car, or an HPDE enthusiast looking to improve your oil temps, our products are designed for all flavors of motorsports. \n\nColorFittings products are carefully machined from 6061-T6 Billet Aluminum and finished with our proprietary polish and anodizing process. \n\nAvailable in unique gloss-finish colors, these AN Fittings are specifically designed for use with high-quality PTFE hose.\n\nAN Hose applications pair excellently with our lightweight Hose Separators, which are available in unique gloss-finish colors.\n\nFor a hassle-free installation process, we strongly recommend using our Fitting Assembly Tools.\n\nWant to learn more about how our products apply to your vehicle? Read our handy guide here.",https://colorfittings.com/wp-content/uploads/2021/12/colorfittings-an-fitting-oil_fitting_M22x10_purple.png,Purple,CF-ASP-06-078-014-PU,SAE Fittings,True,"Target AN Size (-6, -8, -10)"
8.99,6AN to 3/4 - 16 SAE,"Founded in 2008, ColorFittings is an industry leader in premium automotive, marine, and aviation plumbing products. \n\nWhether you’re a professional building a 6-second NHRA bracket car, a perfectionist designing the ultimate engine bay for a SEMA car, or an HPDE enthusiast looking to improve your oil temps, our products are designed for all flavors of motorsports. \n\nColorFittings products are carefully machined from 6061-T6 Billet Aluminum and finished with our proprietary polish and anodizing process. \n\nAvailable in unique gloss-finish colors, these AN Fittings are specifically designed for use with high-quality PTFE hose.\n\nAN Hose applications pair excellently with our lightweight Hose Separators, which are available in unique gloss-finish colors.\n\nFor a hassle-free installation process, we strongly recommend using our Fitting Assembly Tools.\n\nWant to learn more about how our products apply to your vehicle? Read our handy guide here.",https://colorfittings.com/wp-content/uploads/2021/12/colorfittings-an-fitting-oil_fitting_M22x10_black.png,Black,CF-ASP-06-034-016-BL,SAE Fittings,True,"Target AN Size (-6, -8, -10)"
8.99,6AN to 3/4 - 16 SAE,"Founded in 2008, ColorFittings is an industry leader in premium automotive, marine, and aviation plumbing products. \n\nWhether you’re a professional building a 6-second NHRA bracket car, a perfectionist designing the ultimate engine bay for a SEMA car, or an HPDE enthusiast looking to improve your oil temps, our products are designed for all flavors of motorsports. \n\nColorFittings products are carefully machined from 6061-T6 Billet Aluminum and finished with our proprietary polish and anodizing process. \n\nAvailable in unique gloss-finish colors, these AN Fittings are specifically designed for use with high-quality PTFE hose.\n\nAN Hose applications pair excellently with our lightweight Hose Separators, which are available in unique gloss-finish colors.\n\nFor a hassle-free installation process, we strongly recommend using our Fitting Assembly Tools.\n\nWant to learn more about how our products apply to your vehicle? Read our handy guide here.",https://colorfittings.com/wp-content/uploads/2021/12/colorfittings-an-fitting-oil_fitting_M22x10_gold.png,Gold,CF-ASP-06-034-016-GD,SAE Fittings,True,"Target AN Size (-6, -8, -10)"
8.99,6AN to 3/4 - 16 SAE,"Founded in 2008, ColorFittings is an industry leader in premium automotive, marine, and aviation plumbing products. \n\nWhether you’re a professional building a 6-second NHRA bracket car, a perfectionist designing the ultimate engine bay for a SEMA car, or an HPDE enthusiast looking to improve your oil temps, our products are designed for all flavors of motorsports. \n\nColorFittings products are carefully machined from 6061-T6 Billet Aluminum and finished with our proprietary polish and anodizing process. \n\nAvailable in unique gloss-finish colors, these AN Fittings are specifically designed for use with high-quality PTFE hose.\n\nAN Hose applications pair excellently with our lightweight Hose Separators, which are available in unique gloss-finish colors.\n\nFor a hassle-free installation process, we strongly recommend using our Fitting Assembly Tools.\n\nWant to learn more about how our products apply to your vehicle? Read our handy guide here.",https://colorfittings.com/wp-content/uploads/2021/12/colorfittings-an-fitting-oil_fitting_M22x10_orange.png,Orange,CF-ASP-06-034-016-OR,SAE Fittings,True,"Target AN Size (-6, -8, -10)"
8.99,6AN to 3/4 - 16 SAE,"Founded in 2008, ColorFittings is an industry leader in premium automotive, marine, and aviation plumbing products. \n\nWhether you’re a professional building a 6-second NHRA bracket car, a perfectionist designing the ultimate engine bay for a SEMA car, or an HPDE enthusiast looking to improve your oil temps, our products are designed for all flavors of motorsports. \n\nColorFittings products are carefully machined from 6061-T6 Billet Aluminum and finished with our proprietary polish and anodizing process. \n\nAvailable in unique gloss-finish colors, these AN Fittings are specifically designed for use with high-quality PTFE hose.\n\nAN Hose applications pair excellently with our lightweight Hose Separators, which are available in unique gloss-finish colors.\n\nFor a hassle-free installation process, we strongly recommend using our Fitting Assembly Tools.\n\nWant to learn more about how our products apply to your vehicle? Read our handy guide here.",https://colorfittings.com/wp-content/uploads/2021/12/colorfittings-an-fitting-oil_fitting_M22x10_purple.png,Purple,CF-ASP-06-034-016-PU,SAE Fittings,True,"Target AN Size (-6, -8, -10)"
9.99,6AN to 7/8 - 14 SAE,"Founded in 2008, ColorFittings is an industry leader in premium automotive, marine, and aviation plumbing products. \n\nWhether you’re a professional building a 6-second NHRA bracket car, a perfectionist designing the ultimate engine bay for a SEMA car, or an HPDE enthusiast looking to improve your oil temps, our products are designed for all flavors of motorsports. \n\nColorFittings products are carefully machined from 6061-T6 Billet Aluminum and finished with our proprietary polish and anodizing process. \n\nAvailable in unique gloss-finish colors, these AN Fittings are specifically designed for use with high-quality PTFE hose.\n\nAN Hose applications pair excellently with our lightweight Hose Separators, which are available in unique gloss-finish colors.\n\nFor a hassle-free installation process, we strongly recommend using our Fitting Assembly Tools.\n\nWant to learn more about how our products apply to your vehicle? Read our handy guide here.",https://colorfittings.com/wp-content/uploads/2021/12/colorfittings-an-fitting-oil_fitting_M22x10_black.png,Black,CF-ASP-06-078-014-BL,SAE Fittings,True,"Target AN Size (-6, -8, -10)"
6.99,6AN to 9/16 - 18 SAE,"Founded in 2008, ColorFittings is an industry leader in premium automotive, marine, and aviation plumbing products. \n\nWhether you’re a professional building a 6-second NHRA bracket car, a perfectionist designing the ultimate engine bay for a SEMA car, or an HPDE enthusiast looking to improve your oil temps, our products are designed for all flavors of motorsports. \n\nColorFittings products are carefully machined from 6061-T6 Billet Aluminum and finished with our proprietary polish and anodizing process. \n\nAvailable in unique gloss-finish colors, these AN Fittings are specifically designed for use with high-quality PTFE hose.\n\nAN Hose applications pair excellently with our lightweight Hose Separators, which are available in unique gloss-finish colors.\n\nFor a hassle-free installation process, we strongly recommend using our Fitting Assembly Tools.\n\nWant to learn more about how our products apply to your vehicle? Read our handy guide here.",https://colorfittings.com/wp-content/uploads/2021/12/colorfittings-an-fitting-oil_fitting_M22x10_purple.png,Purple,CF-ASP-06-916-018-PU,SAE Fittings,True,"Target AN Size (-6, -8, -10)"
6.99,6AN to 9/16 - 18 SAE,"Founded in 2008, ColorFittings is an industry leader in premium automotive, marine, and aviation plumbing products. \n\nWhether you’re a professional building a 6-second NHRA bracket car, a perfectionist designing the ultimate engine bay for a SEMA car, or an HPDE enthusiast looking to improve your oil temps, our products are designed for all flavors of motorsports. \n\nColorFittings products are carefully machined from 6061-T6 Billet Aluminum and finished with our proprietary polish and anodizing process. \n\nAvailable in unique gloss-finish colors, these AN Fittings are specifically designed for use with high-quality PTFE hose.\n\nAN Hose applications pair excellently with our lightweight Hose Separators, which are available in unique gloss-finish colors.\n\nFor a hassle-free installation process, we strongly recommend using our Fitting Assembly Tools.\n\nWant to learn more about how our products apply to your vehicle? Read our handy guide here.",https://colorfittings.com/wp-content/uploads/2021/12/colorfittings-an-fitting-oil_fitting_M22x10_black.png,Black,CF-ASP-06-916-018-BL,SAE Fittings,True,"Target AN Size (-6, -8, -10)"
6.99,6AN to 9/16 - 18 SAE,"Founded in 2008, ColorFittings is an industry leader in premium automotive, marine, and aviation plumbing products. \n\nWhether you’re a professional building a 6-second NHRA bracket car, a perfectionist designing the ultimate engine bay for a SEMA car, or an HPDE enthusiast looking to improve your oil temps, our products are designed for all flavors of motorsports. \n\nColorFittings products are carefully machined from 6061-T6 Billet Aluminum and finished with our proprietary polish and anodizing process. \n\nAvailable in unique gloss-finish colors, these AN Fittings are specifically designed for use with high-quality PTFE hose.\n\nAN Hose applications pair excellently with our lightweight Hose Separators, which are available in unique gloss-finish colors.\n\nFor a hassle-free installation process, we strongly recommend using our Fitting Assembly Tools.\n\nWant to learn more about how our products apply to your vehicle? Read our handy guide here.",https://colorfittings.com/wp-content/uploads/2021/12/colorfittings-an-fitting-oil_fitting_M22x10_gold.png,Gold,CF-ASP-06-916-018-GD,SAE Fittings,True,"Target AN Size (-6, -8, -10)"
6.99,6AN to 9/16 - 18 SAE,"Founded in 2008, ColorFittings is an industry leader in premium automotive, marine, and aviation plumbing products. \n\nWhether you’re a professional building a 6-second NHRA bracket car, a perfectionist designing the ultimate engine bay for a SEMA car, or an HPDE enthusiast looking to improve your oil temps, our products are designed for all flavors of motorsports. \n\nColorFittings products are carefully machined from 6061-T6 Billet Aluminum and finished with our proprietary polish and anodizing process. \n\nAvailable in unique gloss-finish colors, these AN Fittings are specifically designed for use with high-quality PTFE hose.\n\nAN Hose applications pair excellently with our lightweight Hose Separators, which are available in unique gloss-finish colors.\n\nFor a hassle-free installation process, we strongly recommend using our Fitting Assembly Tools.\n\nWant to learn more about how our products apply to your vehicle? Read our handy guide here.",https://colorfittings.com/wp-content/uploads/2021/12/colorfittings-an-fitting-oil_fitting_M22x10_orange.png,Orange,CF-ASP-06-916-018-OR,SAE Fittings,True,"Target AN Size (-6, -8, -10)"
8.99,-8 AN to -6 AN ORB Adapter,"ColorFittings ORB Adapter Fittings are precision-engineered to connect AN flare fittings to O-Ring Boss (ORB) ports, providing a secure, leak-free solution for fuel, oil, coolant, power steering, and transmission plumbing systems. ORB ports are found on engine blocks, transmissions, power steering pumps, oil coolers, and other OEM components — making these adapters essential for any AN plumbing conversion.\n\nOur AN to ORB Adapters are manufactured to provide a perfect fit and seal when paired with ColorFittings AN fittings, which are specifically engineered for use with E85, ethanol-based fuels, and race fuels. The O-ring face seal design eliminates the need for thread sealant and provides a more reliable, vibration-resistant connection compared to NPT threads. When combined with our nylon or stainless steel braided hose, these adapters deliver reliable performance and clean routing for any high-performance plumbing system.\n\nFor best installation results, we strongly recommend using our AN Fitting Assembly Tools, which help prevent fitting damage and ensure proper hose and fitting alignment. Please reference our installation video and fitting guide for proper assembly techniques and torque recommendations.\n\nLooking to complete your system? Explore our full range of AN fittings, ORB adapters, braided hose, and fitting assembly tools.",https://colorfittings.com/wp-content/uploads/2026/04/ORB-Purple-Fitting-Adapter-2.png,Purple,CF-F2S-08-006-000-PU,ORB Adapters,True,"Target AN Size (-6, -8, -10)"
8.99,-8 AN to -6 AN ORB Adapter,"ColorFittings ORB Adapter Fittings are precision-engineered to connect AN flare fittings to O-Ring Boss (ORB) ports, providing a secure, leak-free solution for fuel, oil, coolant, power steering, and transmission plumbing systems. ORB ports are found on engine blocks, transmissions, power steering pumps, oil coolers, and other OEM components — making these adapters essential for any AN plumbing conversion.\n\nOur AN to ORB Adapters are manufactured to provide a perfect fit and seal when paired with ColorFittings AN fittings, which are specifically engineered for use with E85, ethanol-based fuels, and race fuels. The O-ring face seal design eliminates the need for thread sealant and provides a more reliable, vibration-resistant connection compared to NPT threads. When combined with our nylon or stainless steel braided hose, these adapters deliver reliable performance and clean routing for any high-performance plumbing system.\n\nFor best installation results, we strongly recommend using our AN Fitting Assembly Tools, which help prevent fitting damage and ensure proper hose and fitting alignment. Please reference our installation video and fitting guide for proper assembly techniques and torque recommendations.\n\nLooking to complete your system? Explore our full range of AN fittings, ORB adapters, braided hose, and fitting assembly tools.",https://colorfittings.com/wp-content/uploads/2026/04/ORB-Black-Fitting-Adapter-42.png,Black,CF-F2S-08-006-000-BL,ORB Adapters,True,"Target AN Size (-6, -8, -10)"
14.99,-6 AN to M16x1.5mm Metric Adapter,"ColorFittings AN to Metric Adapter and Union Fittings are precision-engineered to connect metric female ports to AN flare fittings, providing a secure, leak-free solution for fuel, oil, coolant, and power steering plumbing systems.\nEach adapter is CNC machined from 6061-T6 billet aluminum and finished with ColorFittings' proprietary polishing and anodizing process for maximum strength, corrosion resistance, and long-term durability. These fittings are designed to withstand high pressure and high temperature environments commonly found in racing, street performance, marine, and aviation applications.\nOur AN to Metric Adapters are manufactured to provide a perfect fit and seal when paired with ColorFittings AN fittings, which are specifically engineered for use with E85, ethanol-based fuels, and race fuels. When combined with our nylon or stainless steel braided hose, these adapters deliver reliable performance and clean routing for any high-performance plumbing system.\nLooking to complete your system? Explore our full range of AN fittings, metric adapters, braided hose, and fitting assembly tools.",https://colorfittings.com/wp-content/uploads/2026/04/Flare-To-Metric-Adapter-Purple-5.png,Purple,CF-F2M-06-016-015-PU,Adapters and Unions,True,"Target AN Size (-6, -8, -10)"
14.99,-6 AN to M14x1.5mm Metric Adapter,"ColorFittings AN to Metric Adapter and Union Fittings are precision-engineered to connect metric female ports to AN flare fittings, providing a secure, leak-free solution for fuel, oil, coolant, and power steering plumbing systems.\n\nEach adapter is CNC machined from 6061-T6 billet aluminum and finished with ColorFittings' proprietary polishing and anodizing process for maximum strength, corrosion resistance, and long-term durability. These fittings are designed to withstand high pressure and high temperature environments commonly found in racing, street performance, marine, and aviation applications.\n\nOur AN to Metric Adapters are manufactured to provide a perfect fit and seal when paired with ColorFittings AN fittings, which are specifically engineered for use with E85, ethanol-based fuels, and race fuels. When combined with our nylon or stainless steel braided hose, these adapters deliver reliable performance and clean routing for any high-performance plumbing system.\n\nLooking to complete your system? Explore our full range of AN fittings, metric adapters, braided hose, and fitting assembly tools.",https://colorfittings.com/wp-content/uploads/2026/04/Flare-To-Metric-Adapter-Purple-1.png,Purple,CF-F2M-06-014-015-PU,Adapters and Unions,True,"Target AN Size (-6, -8, -10)"
9.99,-10 AN ORB Plug w/ O-Ring (Slimline),"ColorFittings AN ORB Plugs are precision CNC-machined to securely seal unused O-Ring Boss (ORB) ports in fuel, oil, coolant, transmission, hydraulic, and power steering systems. Designed with straight-thread ORB connections and an integrated O-ring sealing surface, these plugs provide a reliable, leak-free solution for closing unused ports in high-performance fluid systems.\nManufactured from aerospace-grade 6061-T6 billet aluminum and finished with ColorFittings' proprietary polishing and anodizing process, these ORB plugs deliver exceptional strength, corrosion resistance, and long-term durability. The O-ring sealing design provides consistent performance in high-pressure and high-temperature environments without relying on thread sealant.\nCompatible with E85, ethanol-based fuels, race fuel, pump gas, oil, coolant, transmission fluid, hydraulic fluid, and air systems, ColorFittings ORB Plugs are ideal for street performance, racing, off-road, marine, and custom fabrication applications.\nFinish your system with our AN fittings, adapters, braided hose, and fitting assembly tools.",https://colorfittings.com/wp-content/uploads/2024/03/10AN-ORB-Plug-Slim-Purple.png,Purple,CF-FPO-10-000-002-PU,"Caps, Plugs, and Blockoffs",True,"Target AN Size (-6, -8, -10)"
16.99,"EFI Connector AN6 to 5/16"" Quick Connect (Threaded Style)","This Adapter is available in the following colors: Black, Teal",https://colorfittings.com/wp-content/uploads/2024/03/EFI-Quick-Connect-Fuel-LS-Fitting-2PC-Teal.png,Teal,CF-EFI-06-516-001-TL,EFI/LS-Connector/Quick-Connector,True,EFI/LS Adapter
16.99,"EFI Connector AN6 to 5/16"" Quick Connect (Threaded Style)","This Adapter is available in the following colors: Black, Teal",https://colorfittings.com/wp-content/uploads/2024/03/EFI-Quick-Connect-Fuel-LS-Fitting-2PC-Black.png,Black,CF-EFI-06-516-001-BL,EFI/LS-Connector/Quick-Connector,True,EFI/LS Adapter
16.99,"EFI Connector AN6 to 3/8"" Quick Connect (Threaded Style)","This Adapter is available in the following colors: Black, Teal",https://colorfittings.com/wp-content/uploads/2024/03/EFI-Quick-Connect-Fuel-LS-Fitting-2PC-Teal.png,Teal,CF-EFI-06-038-001-TL,EFI/LS-Connector/Quick-Connector,True,EFI/LS Adapter
16.99,"EFI Connector AN6 to 3/8"" Quick Connect (Threaded Style)","This Adapter is available in the following colors: Black, Teal",https://colorfittings.com/wp-content/uploads/2024/03/EFI-Quick-Connect-Fuel-LS-Fitting-2PC-Black.png,Black,CF-EFI-06-038-001-BL,EFI/LS-Connector/Quick-Connector,True,EFI/LS Adapter
11.7,10AN PTFE Black Stainless Steel Hose / Line (E85 + Race Fuel Safe) - BY THE FOOT,"ColorFittings Black Stainless Steel PTFE Hose is engineered for high-pressure, high-temperature fluid transfer in fuel, oil, coolant, brake, and power steering systems. Featuring a smooth-bore PTFE inner liner with a tightly woven black stainless steel braid, this hose delivers zero permeation, excellent chemical resistance, and consistent flow under extreme conditions.\nDesigned for racing, street performance, and marine applications, this PTFE hose is compatible with E85, ethanol-based fuels, race fuels, and aggressive fluids that degrade traditional rubber hose. The black stainless steel braid provides superior abrasion resistance and structural integrity while maintaining flexibility for clean, precise routing.\nThis hose is designed to be used as part of the ColorFittings system. For a proper seal and reliable performance, pair it with our PTFE Hose Ends, precision-machined to match the PTFE liner and black stainless braid. Use Hose Separators to organize multi-line installations and prevent abrasion, and complete assembly with our Hose Assembly Tools to ensure correct alignment, prevent damage, and achieve professional results.",https://colorfittings.com/wp-content/uploads/2024/02/AN-Fitting-PTFE-Nylon-Braided-Hose-Black-lowrez.jpg,Black PTFE,CF-BPH-10-001-001-BL,Hose &amp; Line,True,"Target AN Size (-6, -8, -10)"
9.4,8AN PTFE Black Stainless Steel Hose / Line (E85 + Race Fuel Safe) - BY THE FOOT,"ColorFittings Black Stainless Steel PTFE Hose is engineered for high-pressure, high-temperature fluid transfer in fuel, oil, coolant, brake, and power steering systems. Featuring a smooth-bore PTFE inner liner with a tightly woven black stainless steel braid, this hose delivers zero permeation, excellent chemical resistance, and consistent flow under extreme conditions.\nDesigned for racing, street performance, and marine applications, this PTFE hose is compatible with E85, ethanol-based fuels, race fuels, and aggressive fluids that degrade traditional rubber hose. The black stainless steel braid provides superior abrasion resistance and structural integrity while maintaining flexibility for clean, precise routing.\nThis hose is designed to be used as part of the ColorFittings system. For a proper seal and reliable performance, pair it with our PTFE Hose Ends, precision-machined to match the PTFE liner and black stainless braid. Use Hose Separators to organize multi-line installations and prevent abrasion, and complete assembly with our Hose Assembly Tools to ensure correct alignment, prevent damage, and achieve professional results.",https://colorfittings.com/wp-content/uploads/2024/02/AN-Fitting-PTFE-Nylon-Braided-Hose-Black-lowrez.jpg,Black,CF-BPH-08-001-001-BL,Hose &amp; Line,True,"Target AN Size (-6, -8, -10)"
7.6,6AN PTFE Black Stainless Steel Hose / Line (E85 + Race Fuel Safe) - BY THE FOOT,"ColorFittings Black Stainless Steel PTFE Hose is engineered for high-pressure, high-temperature fluid transfer in fuel, oil, coolant, brake, and power steering systems. Featuring a smooth-bore PTFE inner liner with a tightly woven black stainless steel braid, this hose delivers zero permeation, excellent chemical resistance, and consistent flow under extreme conditions.\nDesigned for racing, street performance, and marine applications, this PTFE hose is compatible with E85, ethanol-based fuels, race fuels, and aggressive fluids that degrade traditional rubber hose. The black stainless steel braid provides superior abrasion resistance and structural integrity while maintaining flexibility for clean, precise routing.\nThis hose is designed to be used as part of the ColorFittings system. For a proper seal and reliable performance, pair it with our PTFE Hose Ends, precision-machined to match the PTFE liner and black stainless braid. Use Hose Separators to organize multi-line installations and prevent abrasion, and complete assembly with our Hose Assembly Tools to ensure correct alignment, prevent damage, and achieve professional results.",https://colorfittings.com/wp-content/uploads/2024/02/AN-Fitting-PTFE-Nylon-Braided-Hose-Black-lowrez.jpg,Black,CF-BPH-06-001-001-BL,Hose &amp; Line,True,"Target AN Size (-6, -8, -10)"
159.99,Thermostatic Oil Sandwich Plate,"Founded in 2008, ColorFittings is an industry leader in premium automotive, marine, and aviation plumbing products. \n\nWhether you’re a professional building a 6-second NHRA bracket car, a perfectionist designing the ultimate engine bay for a SEMA car, or an HPDE enthusiast looking to improve your oil temps, our products are designed for all flavors of motorsports. \n\nThe anodized finish provides an additional layer of protection to ColorFittings products, but using the wrong tools may damage the finish. It is critical to use the correct tools and follow the proper assembly procedure to ensure that the anodized finish is preserved. \n\nWant to learn more about how our products apply to your vehicle? Read our handy guide here.",https://colorfittings.com/wp-content/uploads/2024/01/colorfittings-oil-sandwich-plate-red-main.png,Red [+$34.99],CF-SND-08-000-001-RD,Oil Cooler Parts,True,"Target AN Size (-6, -8, -10)"
159.99,Thermostatic Oil Sandwich Plate,"Founded in 2008, ColorFittings is an industry leader in premium automotive, marine, and aviation plumbing products. \n\nWhether you’re a professional building a 6-second NHRA bracket car, a perfectionist designing the ultimate engine bay for a SEMA car, or an HPDE enthusiast looking to improve your oil temps, our products are designed for all flavors of motorsports. \n\nThe anodized finish provides an additional layer of protection to ColorFittings products, but using the wrong tools may damage the finish. It is critical to use the correct tools and follow the proper assembly procedure to ensure that the anodized finish is preserved. \n\nWant to learn more about how our products apply to your vehicle? Read our handy guide here.",https://colorfittings.com/wp-content/uploads/2024/01/colorfittings-oil-sandwich-plate-orange-main.png,Orange [+$34.99],CF-SND-08-000-001-OR,Oil Cooler Parts,True,"Target AN Size (-6, -8, -10)"
159.99,Thermostatic Oil Sandwich Plate,"Founded in 2008, ColorFittings is an industry leader in premium automotive, marine, and aviation plumbing products. \n\nWhether you’re a professional building a 6-second NHRA bracket car, a perfectionist designing the ultimate engine bay for a SEMA car, or an HPDE enthusiast looking to improve your oil temps, our products are designed for all flavors of motorsports. \n\nThe anodized finish provides an additional layer of protection to ColorFittings products, but using the wrong tools may damage the finish. It is critical to use the correct tools and follow the proper assembly procedure to ensure that the anodized finish is preserved. \n\nWant to learn more about how our products apply to your vehicle? Read our handy guide here.",https://colorfittings.com/wp-content/uploads/2024/01/colorfittings-oil-sandwich-plate-gold-main.png,Gold [+$34.99],CF-SND-08-000-001-GD,Oil Cooler Parts,True,"Target AN Size (-6, -8, -10)"
159.99,Thermostatic Oil Sandwich Plate,"Founded in 2008, ColorFittings is an industry leader in premium automotive, marine, and aviation plumbing products. \n\nWhether you’re a professional building a 6-second NHRA bracket car, a perfectionist designing the ultimate engine bay for a SEMA car, or an HPDE enthusiast looking to improve your oil temps, our products are designed for all flavors of motorsports. \n\nThe anodized finish provides an additional layer of protection to ColorFittings products, but using the wrong tools may damage the finish. It is critical to use the correct tools and follow the proper assembly procedure to ensure that the anodized finish is preserved. \n\nWant to learn more about how our products apply to your vehicle? Read our handy guide here.",https://colorfittings.com/wp-content/uploads/2024/01/colorfittings-oil-sandwich-plate-green-main.png,Green [+$34.99],CF-SND-08-000-001-GR,Oil Cooler Parts,True,"Target AN Size (-6, -8, -10)"
159.99,Thermostatic Oil Sandwich Plate,"Founded in 2008, ColorFittings is an industry leader in premium automotive, marine, and aviation plumbing products. \n\nWhether you’re a professional building a 6-second NHRA bracket car, a perfectionist designing the ultimate engine bay for a SEMA car, or an HPDE enthusiast looking to improve your oil temps, our products are designed for all flavors of motorsports. \n\nThe anodized finish provides an additional layer of protection to ColorFittings products, but using the wrong tools may damage the finish. It is critical to use the correct tools and follow the proper assembly procedure to ensure that the anodized finish is preserved. \n\nWant to learn more about how our products apply to your vehicle? Read our handy guide here.",https://colorfittings.com/wp-content/uploads/2024/01/colorfittings-oil-sandwich-plate-teal-main.png,Teal [+$34.99],CF-SND-08-000-001-TL,Oil Cooler Parts,True,"Target AN Size (-6, -8, -10)"
159.99,Thermostatic Oil Sandwich Plate,"Founded in 2008, ColorFittings is an industry leader in premium automotive, marine, and aviation plumbing products. \n\nWhether you’re a professional building a 6-second NHRA bracket car, a perfectionist designing the ultimate engine bay for a SEMA car, or an HPDE enthusiast looking to improve your oil temps, our products are designed for all flavors of motorsports. \n\nThe anodized finish provides an additional layer of protection to ColorFittings products, but using the wrong tools may damage the finish. It is critical to use the correct tools and follow the proper assembly procedure to ensure that the anodized finish is preserved. \n\nWant to learn more about how our products apply to your vehicle? Read our handy guide here.",https://colorfittings.com/wp-content/uploads/2024/01/colorfittings-oil-sandwich-plate-purple-main.png,Purple [+$34.99],CF-SND-08-000-001-PU,Oil Cooler Parts,True,"Target AN Size (-6, -8, -10)"
124.99,Thermostatic Oil Sandwich Plate,"Founded in 2008, ColorFittings is an industry leader in premium automotive, marine, and aviation plumbing products. \n\nWhether you’re a professional building a 6-second NHRA bracket car, a perfectionist designing the ultimate engine bay for a SEMA car, or an HPDE enthusiast looking to improve your oil temps, our products are designed for all flavors of motorsports. \n\nThe anodized finish provides an additional layer of protection to ColorFittings products, but using the wrong tools may damage the finish. It is critical to use the correct tools and follow the proper assembly procedure to ensure that the anodized finish is preserved. \n\nWant to learn more about how our products apply to your vehicle? Read our handy guide here.",https://colorfittings.com/wp-content/uploads/2024/01/colorfittings-oil-sandwich-plate-black-main.png,Black,CF-SND-08-000-001-BL,Oil Cooler Parts,True,"Target AN Size (-6, -8, -10)"
14.3,16AN Stainless Steel Hose / Line (E85 + Race Fuel Safe) - BY THE FOOT,"ColorFittings Standard Stainless Steel Braided Hose is engineered for high-pressure fuel, oil, coolant, and breather applications in automotive, marine, and racing builds. Featuring a durable synthetic rubber inner core with a tightly woven stainless steel braid, this hose resists abrasion and pressure delivering reliable flow, excellent flexibility, and consistent performance under demanding conditions.\nDesigned for racing, street performance, and marine applications, this hose is compatible with E85, ethanol-based fuels, race fuels, gasoline, diesel, oil, and coolant. The stainless steel braid provides superior abrasion resistance and structural integrity while maintaining the flexibility needed for clean, precise routing.\nThis hose is designed to be used as part of the ColorFittings system. For a proper seal and reliable performance, pair it with our Standard AN Hose Fittings, precision-machined to match this hose. Use Hose Separators to organize multi-line installations and prevent abrasion, and complete assembly with our Hose Assembly Tools to ensure correct alignment, prevent damage, and achieve professional results.",https://colorfittings.com/wp-content/uploads/2026/06/AN-Fitting-Nylon-Braided-Hose-Stainless-Steel-1.png,Steel,CF-BSH-16-000-001-ST,Hose &amp; Line,True,"Target AN Size (-6, -8, -10)"
36.99,Aluminum AN Wrench (-20B & -20S),"Founded in 2008, ColorFittings is an industry leader in premium automotive, marine, and aviation plumbing products. \n\nWhether you’re a professional building a 6-second NHRA bracket car, a perfectionist designing the ultimate engine bay for a SEMA car, or an HPDE enthusiast looking to improve your oil temps, our products are designed for all flavors of motorsports. \n\nThe anodized finish provides an additional layer of protection to ColorFittings products, but using the wrong tools may damage the finish. It is critical to use the correct tools and follow the proper assembly procedure to ensure that the anodized finish is preserved. For this, we strongly advise the usage of our Plastic Vice Jaws during assembly. \n\nWant to learn more about how our products apply to your vehicle? Read our handy guide here.",https://colorfittings.com/wp-content/uploads/2024/01/AN-wrench-20B-20S.png,black,CF-ALW-00-20B-20S-BL,Fitting Assembly Tools,True,Assembly Tools & Sockets
33.99,Aluminum AN Wrench (-20B & -16S),"Founded in 2008, ColorFittings is an industry leader in premium automotive, marine, and aviation plumbing products. \n\nWhether you’re a professional building a 6-second NHRA bracket car, a perfectionist designing the ultimate engine bay for a SEMA car, or an HPDE enthusiast looking to improve your oil temps, our products are designed for all flavors of motorsports. \n\nThe anodized finish provides an additional layer of protection to ColorFittings products, but using the wrong tools may damage the finish. It is critical to use the correct tools and follow the proper assembly procedure to ensure that the anodized finish is preserved. For this, we strongly advise the usage of our Plastic Vice Jaws during assembly. \n\nWant to learn more about how our products apply to your vehicle? Read our handy guide here.",https://colorfittings.com/wp-content/uploads/2024/01/AN-wrench-20B-16S.png,black,CF-ALW-00-20B-16S-BL,Fitting Assembly Tools,True,Assembly Tools & Sockets
29.99,Aluminum AN Wrench (-16B & -12S),"Founded in 2008, ColorFittings is an industry leader in premium automotive, marine, and aviation plumbing products. \n\nWhether you’re a professional building a 6-second NHRA bracket car, a perfectionist designing the ultimate engine bay for a SEMA car, or an HPDE enthusiast looking to improve your oil temps, our products are designed for all flavors of motorsports. \n\nThe anodized finish provides an additional layer of protection to ColorFittings products, but using the wrong tools may damage the finish. It is critical to use the correct tools and follow the proper assembly procedure to ensure that the anodized finish is preserved. For this, we strongly advise the usage of our Plastic Vice Jaws during assembly. \n\nWant to learn more about how our products apply to your vehicle? Read our handy guide here.",https://colorfittings.com/wp-content/uploads/2024/01/AN-wrench-16B-12S.png,black,CF-ALW-00-16B-12S-BL,Fitting Assembly Tools,True,Assembly Tools & Sockets
26.99,Aluminum AN Wrench (-12B & -10S),"Founded in 2008, ColorFittings is an industry leader in premium automotive, marine, and aviation plumbing products. \n\nWhether you’re a professional building a 6-second NHRA bracket car, a perfectionist designing the ultimate engine bay for a SEMA car, or an HPDE enthusiast looking to improve your oil temps, our products are designed for all flavors of motorsports. \n\nThe anodized finish provides an additional layer of protection to ColorFittings products, but using the wrong tools may damage the finish. It is critical to use the correct tools and follow the proper assembly procedure to ensure that the anodized finish is preserved. For this, we strongly advise the usage of our Plastic Vice Jaws during assembly. \n\nWant to learn more about how our products apply to your vehicle? Read our handy guide here.",https://colorfittings.com/wp-content/uploads/2024/01/AN-wrench-12B-10S.png,black,CF-ALW-00-12B-10S-BL,Fitting Assembly Tools,True,Assembly Tools & Sockets
23.99,Aluminum AN Wrench (-10B & -8S),"Founded in 2008, ColorFittings is an industry leader in premium automotive, marine, and aviation plumbing products. \n\nWhether you’re a professional building a 6-second NHRA bracket car, a perfectionist designing the ultimate engine bay for a SEMA car, or an HPDE enthusiast looking to improve your oil temps, our products are designed for all flavors of motorsports. \n\nThe anodized finish provides an additional layer of protection to ColorFittings products, but using the wrong tools may damage the finish. It is critical to use the correct tools and follow the proper assembly procedure to ensure that the anodized finish is preserved. For this, we strongly advise the usage of our Plastic Vice Jaws during assembly. \n\nWant to learn more about how our products apply to your vehicle? Read our handy guide here.",https://colorfittings.com/wp-content/uploads/2024/01/AN-wrench-10B-8S.png,black,CF-ALW-00-10B-08S-BL,Fitting Assembly Tools,True,Assembly Tools & Sockets
20.99,Aluminum AN Wrench (-8B & -6S),"Founded in 2008, ColorFittings is an industry leader in premium automotive, marine, and aviation plumbing products. \n\nWhether you’re a professional building a 6-second NHRA bracket car, a perfectionist designing the ultimate engine bay for a SEMA car, or an HPDE enthusiast looking to improve your oil temps, our products are designed for all flavors of motorsports. \n\nThe anodized finish provides an additional layer of protection to ColorFittings products, but using the wrong tools may damage the finish. It is critical to use the correct tools and follow the proper assembly procedure to ensure that the anodized finish is preserved. For this, we strongly advise the usage of our Plastic Vice Jaws during assembly. \n\nWant to learn more about how our products apply to your vehicle? Read our handy guide here.",https://colorfittings.com/wp-content/uploads/2024/01/AN-wrench-8B-6S.png,black,CF-ALW-00-08B-06S-BL,Fitting Assembly Tools,True,Assembly Tools & Sockets
17.99,Aluminum AN Wrench (-6B & -4S),"Founded in 2008, ColorFittings is an industry leader in premium automotive, marine, and aviation plumbing products. \n\nWhether you’re a professional building a 6-second NHRA bracket car, a perfectionist designing the ultimate engine bay for a SEMA car, or an HPDE enthusiast looking to improve your oil temps, our products are designed for all flavors of motorsports. \n\nThe anodized finish provides an additional layer of protection to ColorFittings products, but using the wrong tools may damage the finish. It is critical to use the correct tools and follow the proper assembly procedure to ensure that the anodized finish is preserved. For this, we strongly advise the usage of our Plastic Vice Jaws during assembly. \n\nWant to learn more about how our products apply to your vehicle? Read our handy guide here.",https://colorfittings.com/wp-content/uploads/2024/01/AN-wrench-6B-4S.png,black,CF-ALW-00-06B-04S-BL,Fitting Assembly Tools,True,Assembly Tools & Sockets
14.99,Aluminum AN Wrench (-4B & -3S),"Founded in 2008, ColorFittings is an industry leader in premium automotive, marine, and aviation plumbing products. \n\nWhether you’re a professional building a 6-second NHRA bracket car, a perfectionist designing the ultimate engine bay for a SEMA car, or an HPDE enthusiast looking to improve your oil temps, our products are designed for all flavors of motorsports. \n\nThe anodized finish provides an additional layer of protection to ColorFittings products, but using the wrong tools may damage the finish. It is critical to use the correct tools and follow the proper assembly procedure to ensure that the anodized finish is preserved. For this, we strongly advise the usage of our Plastic Vice Jaws during assembly. \n\nWant to learn more about how our products apply to your vehicle? Read our handy guide here.",https://colorfittings.com/wp-content/uploads/2024/01/AN-wrench-4B-3S.png,black,CF-ALW-00-04B-03S-BL,Fitting Assembly Tools,True,Assembly Tools & Sockets
34.99,-10 AN ORB to -10 AN Male Swivel Banjo Adapter,"ColorFittings ORB Adapter Fittings are precision-engineered to connect AN flare fittings to O-Ring Boss (ORB) ports, providing a secure, leak-free solution for fuel, oil, coolant, power steering, and transmission plumbing systems. ORB ports are found on engine blocks, transmissions, power steering pumps, oil coolers, and other OEM components — making these adapters essential for any AN plumbing conversion.\n\nOur AN to ORB Adapters are manufactured to provide a perfect fit and seal when paired with ColorFittings AN fittings, which are specifically engineered for use with E85, ethanol-based fuels, and race fuels. The O-ring face seal design eliminates the need for thread sealant and provides a more reliable, vibration-resistant connection compared to NPT threads. When combined with our nylon or stainless steel braided hose, these adapters deliver reliable performance and clean routing for any high-performance plumbing system.\n\nFor best installation results, we strongly recommend using our AN Fitting Assembly Tools, which help prevent fitting damage and ensure proper hose and fitting alignment. Please reference our installation video and fitting guide for proper assembly techniques and torque recommendations.\n\nLooking to complete your system? Explore our full range of AN fittings, ORB adapters, braided hose, and fitting assembly tools.",https://colorfittings.com/wp-content/uploads/2024/01/10AN-swivel-banjo-fitting-main.png,Black,CF-BAN-10-010-001-BL,Oil Cooler Parts,True,"Target AN Size (-6, -8, -10)"
34.99,-10AN Ported T3/T4 & PTE Oil Drain Flange Adapter,"Founded in 2008, ColorFittings is an industry leader in premium automotive, marine, and aviation plumbing products. \n\nWhether you’re a professional building a 6-second NHRA bracket car, a perfectionist designing the ultimate engine bay for a SEMA car, or an HPDE enthusiast looking to improve your oil temps, our products are designed for all flavors of motorsports. \n\nThe anodized finish provides an additional layer of protection to ColorFittings products, but using the wrong tools may damage the finish. It is critical to use the correct tools and follow the proper assembly procedure to ensure that the anodized finish is preserved. For this, we strongly advise the usage of our Plastic Vice Jaws during assembly. \n\nWant to learn more about how our products apply to your vehicle? Read our handy guide here.",https://colorfittings.com/wp-content/uploads/2024/01/10AN-turbo-oil-drainflange-adapter-main.png,Black,CF-TFA-10-000-002-BL,Specialty Fitting &amp; PCV Delete,True,"Target AN Size (-6, -8, -10)"
22.99,Cummins Turbo Drain Tube Adapter,"Founded in 2008, ColorFittings is an industry leader in premium automotive, marine, and aviation plumbing products. \n\nWhether you’re a professional building a 6-second NHRA bracket car, a perfectionist designing the ultimate engine bay for a SEMA car, or an HPDE enthusiast looking to improve your oil temps, our products are designed for all flavors of motorsports. \n\nThe anodized finish provides an additional layer of protection to ColorFittings products, but using the wrong tools may damage the finish. It is critical to use the correct tools and follow the proper assembly procedure to ensure that the anodized finish is preserved. For this, we strongly advise the usage of our Plastic Vice Jaws during assembly. \n\nWant to learn more about how our products apply to your vehicle? Read our handy guide here.",https://colorfittings.com/wp-content/uploads/2024/01/turbo-drain-fitting.png,Black,CF-TFA-10-000-001-BL,Specialty Fitting &amp; PCV Delete,True,"Target AN Size (-6, -8, -10)"
14.99,-8AN PTFE Hose End Replacement Ferrule/Olive Inserts,"Founded in 2008, ColorFittings is an industry leader in premium automotive, marine, and aviation plumbing products. \n\nWhether you’re a professional building a 6-second NHRA bracket car, a perfectionist designing the ultimate engine bay for a SEMA car, or an HPDE enthusiast looking to improve your oil temps, our products are designed for all flavors of motorsports. \n\nThe anodized finish provides an additional layer of protection to ColorFittings products, but using the wrong tools may damage the finish. It is critical to use the correct tools and follow the proper assembly procedure to ensure that the anodized finish is preserved. For this, we strongly advise the usage of our Plastic Vice Jaws during assembly. \n\nWant to learn more about how our products apply to your vehicle? Read our handy guide here.",https://colorfittings.com/wp-content/uploads/2024/01/cf-ptfe-fitting-ferrules.png,silver,CF-RFI-08-000-005-AL,PTFE Hose Fittings,True,"Target AN Size (-6, -8, -10)"
10.49,-10AN PTFE Hose End Replacement Ferrule/Olive Inserts,"Founded in 2008, ColorFittings is an industry leader in premium automotive, marine, and aviation plumbing products. \n\nWhether you’re a professional building a 6-second NHRA bracket car, a perfectionist designing the ultimate engine bay for a SEMA car, or an HPDE enthusiast looking to improve your oil temps, our products are designed for all flavors of motorsports. \n\nThe anodized finish provides an additional layer of protection to ColorFittings products, but using the wrong tools may damage the finish. It is critical to use the correct tools and follow the proper assembly procedure to ensure that the anodized finish is preserved. For this, we strongly advise the usage of our Plastic Vice Jaws during assembly. \n\nWant to learn more about how our products apply to your vehicle? Read our handy guide here.",https://colorfittings.com/wp-content/uploads/2024/01/cf-ptfe-fitting-ferrules.png,silver,CF-RFI-10-000-003-AL,PTFE Hose Fittings,True,"Target AN Size (-6, -8, -10)"
12.49,-6AN PTFE Hose End Replacement Ferrule/Olive Inserts,"Founded in 2008, ColorFittings is an industry leader in premium automotive, marine, and aviation plumbing products. \n\nWhether you’re a professional building a 6-second NHRA bracket car, a perfectionist designing the ultimate engine bay for a SEMA car, or an HPDE enthusiast looking to improve your oil temps, our products are designed for all flavors of motorsports. \n\nThe anodized finish provides an additional layer of protection to ColorFittings products, but using the wrong tools may damage the finish. It is critical to use the correct tools and follow the proper assembly procedure to ensure that the anodized finish is preserved. For this, we strongly advise the usage of our Plastic Vice Jaws during assembly. \n\nWant to learn more about how our products apply to your vehicle? Read our handy guide here.",https://colorfittings.com/wp-content/uploads/2024/01/cf-ptfe-fitting-ferrules.png,silver,CF-RFI-06-000-005-AL,PTFE Hose Fittings,True,"Target AN Size (-6, -8, -10)"
162.99,Aluminum AN Wrench Set for Hose Assembly,"Founded in 2008, ColorFittings is an industry leader in premium automotive, marine, and aviation plumbing products. \n\nWhether you’re a professional building a 6-second NHRA bracket car, a perfectionist designing the ultimate engine bay for a SEMA car, or an HPDE enthusiast looking to improve your oil temps, our products are designed for all flavors of motorsports. \n\nThe anodized finish provides an additional layer of protection to ColorFittings products, but using the wrong tools may damage the finish. It is critical to use the correct tools and follow the proper assembly procedure to ensure that the anodized finish is preserved. For this, we strongly advise the usage of our Plastic Vice Jaws during assembly. \n\nWant to learn more about how our products apply to your vehicle? Read our handy guide here.",https://colorfittings.com/wp-content/uploads/2024/01/AN-wrench-tools.png,black,CF-ALW-00-000-001-BL,Fitting Assembly Tools,True,Assembly Tools & Sockets
3.5,-10 AN Fitting – 5/8″ Tube Nut,"ColorFittings Tube Nuts are precision CNC-machined to convert 37-degree flared hard lines into AN connections for fuel, brake, clutch, oil, coolant, and hydraulic systems. Designed for professional hard line plumbing, these tube nuts provide a secure, leak-free AN connection with consistent sealing performance in high-pressure applications.\nManufactured from aerospace-grade 6061-T6 billet aluminum and finished with ColorFittings' proprietary polishing and anodizing process, these tube nuts deliver exceptional strength, corrosion resistance, and long-term durability. Compatible with aluminum, steel, and stainless steel hard lines, they are ideal for street performance, racing, off-road, marine, and custom fabrication projects.\nFor a complete hard line solution, pair these Tube Nuts with our matching Tube Sleeves to convert flared hard lines into durable AN connections.\nFinish your system with our AN fittings, adapters, braided hose, and fitting assembly tools.",https://colorfittings.com/wp-content/uploads/2021/09/colorfittings-tube-nut_gold_large.png,Gold,CF-HTN-10-058-000-GD,Hardline Adapters,True,"Target AN Size (-6, -8, -10)"
3.5,-10 AN Fitting – 5/8″ Tube Nut,"ColorFittings Tube Nuts are precision CNC-machined to convert 37-degree flared hard lines into AN connections for fuel, brake, clutch, oil, coolant, and hydraulic systems. Designed for professional hard line plumbing, these tube nuts provide a secure, leak-free AN connection with consistent sealing performance in high-pressure applications.\nManufactured from aerospace-grade 6061-T6 billet aluminum and finished with ColorFittings' proprietary polishing and anodizing process, these tube nuts deliver exceptional strength, corrosion resistance, and long-term durability. Compatible with aluminum, steel, and stainless steel hard lines, they are ideal for street performance, racing, off-road, marine, and custom fabrication projects.\nFor a complete hard line solution, pair these Tube Nuts with our matching Tube Sleeves to convert flared hard lines into durable AN connections.\nFinish your system with our AN fittings, adapters, braided hose, and fitting assembly tools.",https://colorfittings.com/wp-content/uploads/2021/09/colorfittings-tube-nut_red_large.png,Red,CF-HTN-10-058-000-RD,Hardline Adapters,True,"Target AN Size (-6, -8, -10)"
3.5,-10 AN Fitting – 5/8″ Tube Nut,"ColorFittings Tube Nuts are precision CNC-machined to convert 37-degree flared hard lines into AN connections for fuel, brake, clutch, oil, coolant, and hydraulic systems. Designed for professional hard line plumbing, these tube nuts provide a secure, leak-free AN connection with consistent sealing performance in high-pressure applications.\nManufactured from aerospace-grade 6061-T6 billet aluminum and finished with ColorFittings' proprietary polishing and anodizing process, these tube nuts deliver exceptional strength, corrosion resistance, and long-term durability. Compatible with aluminum, steel, and stainless steel hard lines, they are ideal for street performance, racing, off-road, marine, and custom fabrication projects.\nFor a complete hard line solution, pair these Tube Nuts with our matching Tube Sleeves to convert flared hard lines into durable AN connections.\nFinish your system with our AN fittings, adapters, braided hose, and fitting assembly tools.",https://colorfittings.com/wp-content/uploads/2021/09/colorfittings-tube-nut_orange_large.png,Orange,CF-HTN-10-058-000-OR,Hardline Adapters,True,"Target AN Size (-6, -8, -10)"
3.5,-10 AN Fitting – 5/8″ Tube Nut,"ColorFittings Tube Nuts are precision CNC-machined to convert 37-degree flared hard lines into AN connections for fuel, brake, clutch, oil, coolant, and hydraulic systems. Designed for professional hard line plumbing, these tube nuts provide a secure, leak-free AN connection with consistent sealing performance in high-pressure applications.\nManufactured from aerospace-grade 6061-T6 billet aluminum and finished with ColorFittings' proprietary polishing and anodizing process, these tube nuts deliver exceptional strength, corrosion resistance, and long-term durability. Compatible with aluminum, steel, and stainless steel hard lines, they are ideal for street performance, racing, off-road, marine, and custom fabrication projects.\nFor a complete hard line solution, pair these Tube Nuts with our matching Tube Sleeves to convert flared hard lines into durable AN connections.\nFinish your system with our AN fittings, adapters, braided hose, and fitting assembly tools.",https://colorfittings.com/wp-content/uploads/2019/03/colorfittings-tube-nut_teal_large.png,Teal,CF-HTN-10-058-000-TL,Hardline Adapters,True,"Target AN Size (-6, -8, -10)"
3.5,-10 AN Fitting – 5/8″ Tube Nut,"ColorFittings Tube Nuts are precision CNC-machined to convert 37-degree flared hard lines into AN connections for fuel, brake, clutch, oil, coolant, and hydraulic systems. Designed for professional hard line plumbing, these tube nuts provide a secure, leak-free AN connection with consistent sealing performance in high-pressure applications.\nManufactured from aerospace-grade 6061-T6 billet aluminum and finished with ColorFittings' proprietary polishing and anodizing process, these tube nuts deliver exceptional strength, corrosion resistance, and long-term durability. Compatible with aluminum, steel, and stainless steel hard lines, they are ideal for street performance, racing, off-road, marine, and custom fabrication projects.\nFor a complete hard line solution, pair these Tube Nuts with our matching Tube Sleeves to convert flared hard lines into durable AN connections.\nFinish your system with our AN fittings, adapters, braided hose, and fitting assembly tools.",https://colorfittings.com/wp-content/uploads/2018/06/colorfittings-tube-nut_black_large.png,Black,CF-HTN-10-058-000-BL,Hardline Adapters,True,"Target AN Size (-6, -8, -10)"
3.5,-10 AN Fitting – 5/8″ Tube Nut,"ColorFittings Tube Nuts are precision CNC-machined to convert 37-degree flared hard lines into AN connections for fuel, brake, clutch, oil, coolant, and hydraulic systems. Designed for professional hard line plumbing, these tube nuts provide a secure, leak-free AN connection with consistent sealing performance in high-pressure applications.\nManufactured from aerospace-grade 6061-T6 billet aluminum and finished with ColorFittings' proprietary polishing and anodizing process, these tube nuts deliver exceptional strength, corrosion resistance, and long-term durability. Compatible with aluminum, steel, and stainless steel hard lines, they are ideal for street performance, racing, off-road, marine, and custom fabrication projects.\nFor a complete hard line solution, pair these Tube Nuts with our matching Tube Sleeves to convert flared hard lines into durable AN connections.\nFinish your system with our AN fittings, adapters, braided hose, and fitting assembly tools.",https://colorfittings.com/wp-content/uploads/2018/06/colorfittings-tube-nut_purple_large.png,Purple,CF-HTN-10-058-000-PU,Hardline Adapters,True,"Target AN Size (-6, -8, -10)"
3.25,-8 AN Fitting – 1/2″ Tube Nut,"ColorFittings Tube Nuts are precision CNC-machined to convert 37-degree flared hard lines into AN connections for fuel, brake, clutch, oil, coolant, and hydraulic systems. Designed for professional hard line plumbing, these tube nuts provide a secure, leak-free AN connection with consistent sealing performance in high-pressure applications.\nManufactured from aerospace-grade 6061-T6 billet aluminum and finished with ColorFittings' proprietary polishing and anodizing process, these tube nuts deliver exceptional strength, corrosion resistance, and long-term durability. Compatible with aluminum, steel, and stainless steel hard lines, they are ideal for street performance, racing, off-road, marine, and custom fabrication projects.\nFor a complete hard line solution, pair these Tube Nuts with our matching Tube Sleeves to convert flared hard lines into durable AN connections.\nFinish your system with our AN fittings, adapters, braided hose, and fitting assembly tools.",https://colorfittings.com/wp-content/uploads/2021/09/colorfittings-tube-nut_gold_large.png,Gold,CF-HTN-08-012-000-GD,Hardline Adapters,True,"Target AN Size (-6, -8, -10)"
3.25,-8 AN Fitting – 1/2″ Tube Nut,"ColorFittings Tube Nuts are precision CNC-machined to convert 37-degree flared hard lines into AN connections for fuel, brake, clutch, oil, coolant, and hydraulic systems. Designed for professional hard line plumbing, these tube nuts provide a secure, leak-free AN connection with consistent sealing performance in high-pressure applications.\nManufactured from aerospace-grade 6061-T6 billet aluminum and finished with ColorFittings' proprietary polishing and anodizing process, these tube nuts deliver exceptional strength, corrosion resistance, and long-term durability. Compatible with aluminum, steel, and stainless steel hard lines, they are ideal for street performance, racing, off-road, marine, and custom fabrication projects.\nFor a complete hard line solution, pair these Tube Nuts with our matching Tube Sleeves to convert flared hard lines into durable AN connections.\nFinish your system with our AN fittings, adapters, braided hose, and fitting assembly tools.",https://colorfittings.com/wp-content/uploads/2021/09/colorfittings-tube-nut_red_large.png,Red,CF-HTN-08-012-000-RD,Hardline Adapters,True,"Target AN Size (-6, -8, -10)"
3.25,-8 AN Fitting – 1/2″ Tube Nut,"ColorFittings Tube Nuts are precision CNC-machined to convert 37-degree flared hard lines into AN connections for fuel, brake, clutch, oil, coolant, and hydraulic systems. Designed for professional hard line plumbing, these tube nuts provide a secure, leak-free AN connection with consistent sealing performance in high-pressure applications.\nManufactured from aerospace-grade 6061-T6 billet aluminum and finished with ColorFittings' proprietary polishing and anodizing process, these tube nuts deliver exceptional strength, corrosion resistance, and long-term durability. Compatible with aluminum, steel, and stainless steel hard lines, they are ideal for street performance, racing, off-road, marine, and custom fabrication projects.\nFor a complete hard line solution, pair these Tube Nuts with our matching Tube Sleeves to convert flared hard lines into durable AN connections.\nFinish your system with our AN fittings, adapters, braided hose, and fitting assembly tools.",https://colorfittings.com/wp-content/uploads/2021/09/colorfittings-tube-nut_orange_large.png,Orange,CF-HTN-08-012-000-OR,Hardline Adapters,True,"Target AN Size (-6, -8, -10)"
3.25,-8 AN Fitting – 1/2″ Tube Nut,"ColorFittings Tube Nuts are precision CNC-machined to convert 37-degree flared hard lines into AN connections for fuel, brake, clutch, oil, coolant, and hydraulic systems. Designed for professional hard line plumbing, these tube nuts provide a secure, leak-free AN connection with consistent sealing performance in high-pressure applications.\nManufactured from aerospace-grade 6061-T6 billet aluminum and finished with ColorFittings' proprietary polishing and anodizing process, these tube nuts deliver exceptional strength, corrosion resistance, and long-term durability. Compatible with aluminum, steel, and stainless steel hard lines, they are ideal for street performance, racing, off-road, marine, and custom fabrication projects.\nFor a complete hard line solution, pair these Tube Nuts with our matching Tube Sleeves to convert flared hard lines into durable AN connections.\nFinish your system with our AN fittings, adapters, braided hose, and fitting assembly tools.",https://colorfittings.com/wp-content/uploads/2019/03/colorfittings-tube-nut_teal_large.png,Teal,CF-HTN-08-012-000-TL,Hardline Adapters,True,"Target AN Size (-6, -8, -10)"
3.25,-8 AN Fitting – 1/2″ Tube Nut,"ColorFittings Tube Nuts are precision CNC-machined to convert 37-degree flared hard lines into AN connections for fuel, brake, clutch, oil, coolant, and hydraulic systems. Designed for professional hard line plumbing, these tube nuts provide a secure, leak-free AN connection with consistent sealing performance in high-pressure applications.\nManufactured from aerospace-grade 6061-T6 billet aluminum and finished with ColorFittings' proprietary polishing and anodizing process, these tube nuts deliver exceptional strength, corrosion resistance, and long-term durability. Compatible with aluminum, steel, and stainless steel hard lines, they are ideal for street performance, racing, off-road, marine, and custom fabrication projects.\nFor a complete hard line solution, pair these Tube Nuts with our matching Tube Sleeves to convert flared hard lines into durable AN connections.\nFinish your system with our AN fittings, adapters, braided hose, and fitting assembly tools.",https://colorfittings.com/wp-content/uploads/2018/06/colorfittings-tube-nut_black_large.png,Black,CF-HTN-08-012-000-BL,Hardline Adapters,True,"Target AN Size (-6, -8, -10)"
3.25,-8 AN Fitting – 1/2″ Tube Nut,"ColorFittings Tube Nuts are precision CNC-machined to convert 37-degree flared hard lines into AN connections for fuel, brake, clutch, oil, coolant, and hydraulic systems. Designed for professional hard line plumbing, these tube nuts provide a secure, leak-free AN connection with consistent sealing performance in high-pressure applications.\nManufactured from aerospace-grade 6061-T6 billet aluminum and finished with ColorFittings' proprietary polishing and anodizing process, these tube nuts deliver exceptional strength, corrosion resistance, and long-term durability. Compatible with aluminum, steel, and stainless steel hard lines, they are ideal for street performance, racing, off-road, marine, and custom fabrication projects.\nFor a complete hard line solution, pair these Tube Nuts with our matching Tube Sleeves to convert flared hard lines into durable AN connections.\nFinish your system with our AN fittings, adapters, braided hose, and fitting assembly tools.",https://colorfittings.com/wp-content/uploads/2018/06/colorfittings-tube-nut_purple_large.png,Purple,CF-HTN-08-012-000-PU,Hardline Adapters,True,"Target AN Size (-6, -8, -10)"
23.69,-6 AN 120 Degree Female Aluminum Hose End (PTFE),"ColorFittings 120 Degree PTFE Female Aluminum Hose Ends are precision-engineered for high-pressure fuel, oil, coolant, brake, clutch, power steering, and E85 applications. Designed specifically for PTFE (Teflon-lined) braided hose, these PTFE fittings provide a secure, leak-free 37-degree flare seal for demanding street performance, racing, marine, and motorsport plumbing systems.\n\nEach PTFE female hose end is CNC machined from aerospace-grade 6061-T6 billet aluminum and finished with ColorFittings’ proprietary polishing and anodizing process for superior corrosion resistance, strength, and long-term durability. Built to handle high temperature and high-pressure environments, these fittings are fully compatible with E85, ethanol, race fuel, pump gas, brake fluid, transmission fluid, oil, coolant, and hydraulic systems.\n\nLooking to complete your system? Explore our full range of PTFE Hose, Hose Separators, and Fitting Assembly Tools.",https://colorfittings.com/wp-content/uploads/2026/02/black-ptfe-120-degree-swivel-hose-end.png,Black,CF-FPE-06-120-000-BL,PTFE Hose Fittings,True,"Target AN Size (-6, -8, -10)"
9.99,-10 AN ORB Plug w/ O-Ring,"ColorFittings AN ORB Plugs are precision CNC-machined to securely seal unused O-Ring Boss (ORB) ports in fuel, oil, coolant, transmission, hydraulic, and power steering systems. Designed with straight-thread ORB connections and an integrated O-ring sealing surface, these plugs provide a reliable, leak-free solution for closing unused ports in high-performance fluid systems.\nManufactured from aerospace-grade 6061-T6 billet aluminum and finished with ColorFittings' proprietary polishing and anodizing process, these ORB plugs deliver exceptional strength, corrosion resistance, and long-term durability. The O-ring sealing design provides consistent performance in high-pressure and high-temperature environments without relying on thread sealant.\nCompatible with E85, ethanol-based fuels, race fuel, pump gas, oil, coolant, transmission fluid, hydraulic fluid, and air systems, ColorFittings ORB Plugs are ideal for street performance, racing, off-road, marine, and custom fabrication applications.\nFinish your system with our AN fittings, adapters, braided hose, and fitting assembly tools.",https://colorfittings.com/wp-content/uploads/2024/01/10AN-ORB-Plug-Orange-1.png,Orange,CF-FPO-10-000-000-OR,"Caps, Plugs, and Blockoffs",True,"Target AN Size (-6, -8, -10)"
9.99,-10 AN ORB Plug w/ O-Ring,"ColorFittings AN ORB Plugs are precision CNC-machined to securely seal unused O-Ring Boss (ORB) ports in fuel, oil, coolant, transmission, hydraulic, and power steering systems. Designed with straight-thread ORB connections and an integrated O-ring sealing surface, these plugs provide a reliable, leak-free solution for closing unused ports in high-performance fluid systems.\nManufactured from aerospace-grade 6061-T6 billet aluminum and finished with ColorFittings' proprietary polishing and anodizing process, these ORB plugs deliver exceptional strength, corrosion resistance, and long-term durability. The O-ring sealing design provides consistent performance in high-pressure and high-temperature environments without relying on thread sealant.\nCompatible with E85, ethanol-based fuels, race fuel, pump gas, oil, coolant, transmission fluid, hydraulic fluid, and air systems, ColorFittings ORB Plugs are ideal for street performance, racing, off-road, marine, and custom fabrication applications.\nFinish your system with our AN fittings, adapters, braided hose, and fitting assembly tools.",https://colorfittings.com/wp-content/uploads/2024/01/10AN-ORB-Plug-Red-1.png,Red,CF-FPO-10-000-000-RD,"Caps, Plugs, and Blockoffs",True,"Target AN Size (-6, -8, -10)"
9.99,-10 AN ORB Plug w/ O-Ring,"ColorFittings AN ORB Plugs are precision CNC-machined to securely seal unused O-Ring Boss (ORB) ports in fuel, oil, coolant, transmission, hydraulic, and power steering systems. Designed with straight-thread ORB connections and an integrated O-ring sealing surface, these plugs provide a reliable, leak-free solution for closing unused ports in high-performance fluid systems.\nManufactured from aerospace-grade 6061-T6 billet aluminum and finished with ColorFittings' proprietary polishing and anodizing process, these ORB plugs deliver exceptional strength, corrosion resistance, and long-term durability. The O-ring sealing design provides consistent performance in high-pressure and high-temperature environments without relying on thread sealant.\nCompatible with E85, ethanol-based fuels, race fuel, pump gas, oil, coolant, transmission fluid, hydraulic fluid, and air systems, ColorFittings ORB Plugs are ideal for street performance, racing, off-road, marine, and custom fabrication applications.\nFinish your system with our AN fittings, adapters, braided hose, and fitting assembly tools.",https://colorfittings.com/wp-content/uploads/2024/01/10AN-ORB-Plug-Teal-1.png,Teal,CF-FPO-10-000-000-TL,"Caps, Plugs, and Blockoffs",True,"Target AN Size (-6, -8, -10)"
9.99,-10 AN ORB Plug w/ O-Ring,"ColorFittings AN ORB Plugs are precision CNC-machined to securely seal unused O-Ring Boss (ORB) ports in fuel, oil, coolant, transmission, hydraulic, and power steering systems. Designed with straight-thread ORB connections and an integrated O-ring sealing surface, these plugs provide a reliable, leak-free solution for closing unused ports in high-performance fluid systems.\nManufactured from aerospace-grade 6061-T6 billet aluminum and finished with ColorFittings' proprietary polishing and anodizing process, these ORB plugs deliver exceptional strength, corrosion resistance, and long-term durability. The O-ring sealing design provides consistent performance in high-pressure and high-temperature environments without relying on thread sealant.\nCompatible with E85, ethanol-based fuels, race fuel, pump gas, oil, coolant, transmission fluid, hydraulic fluid, and air systems, ColorFittings ORB Plugs are ideal for street performance, racing, off-road, marine, and custom fabrication applications.\nFinish your system with our AN fittings, adapters, braided hose, and fitting assembly tools.",https://colorfittings.com/wp-content/uploads/2024/01/10AN-ORB-Plug-Gold-1.png,Gold,CF-FPO-10-000-000-GD,"Caps, Plugs, and Blockoffs",True,"Target AN Size (-6, -8, -10)"
9.99,-10 AN ORB Plug w/ O-Ring,"ColorFittings AN ORB Plugs are precision CNC-machined to securely seal unused O-Ring Boss (ORB) ports in fuel, oil, coolant, transmission, hydraulic, and power steering systems. Designed with straight-thread ORB connections and an integrated O-ring sealing surface, these plugs provide a reliable, leak-free solution for closing unused ports in high-performance fluid systems.\nManufactured from aerospace-grade 6061-T6 billet aluminum and finished with ColorFittings' proprietary polishing and anodizing process, these ORB plugs deliver exceptional strength, corrosion resistance, and long-term durability. The O-ring sealing design provides consistent performance in high-pressure and high-temperature environments without relying on thread sealant.\nCompatible with E85, ethanol-based fuels, race fuel, pump gas, oil, coolant, transmission fluid, hydraulic fluid, and air systems, ColorFittings ORB Plugs are ideal for street performance, racing, off-road, marine, and custom fabrication applications.\nFinish your system with our AN fittings, adapters, braided hose, and fitting assembly tools.",https://colorfittings.com/wp-content/uploads/2024/01/10AN-ORB-Plug-Black-1.png,Black,CF-FPO-10-000-000-BL,"Caps, Plugs, and Blockoffs",True,"Target AN Size (-6, -8, -10)"
7.99,"6 AN to 1/4"" NPT Adapter","ColorFittings AN to NPT Adapter Fittings are precision-engineered to connect AN flare fittings to NPT ports, providing a secure, leak-free solution for fuel, oil, coolant, and power steering plumbing systems.\n\nOur AN to NPT Adapters are manufactured to provide a perfect fit and seal when paired with ColorFittings AN fittings, which are specifically engineered for use with E85, ethanol-based fuels, and race fuels. When combined with our nylon or stainless steel braided hose, these adapters deliver reliable performance and clean routing for any high-performance plumbing system.\n\nFor best installation results, we strongly recommend using our AN Fitting Assembly Tools, which help prevent fitting damage and ensure proper hose and fitting alignment. Please reference our installation video and fitting guide for proper assembly techniques and torque recommendations.\n\nLooking to complete your system? Explore our full range of AN fittings, NPT adapters, braided hose, and fitting assembly tools.",https://colorfittings.com/wp-content/uploads/2026/02/Flare-To-NPT-Adapter-Red.png,Red,CF-F2N-06-014-000-RD,NPT Adapters,True,"Target AN Size (-6, -8, -10)"
7.99,"6 AN to 1/4"" NPT Adapter","ColorFittings AN to NPT Adapter Fittings are precision-engineered to connect AN flare fittings to NPT ports, providing a secure, leak-free solution for fuel, oil, coolant, and power steering plumbing systems.\n\nOur AN to NPT Adapters are manufactured to provide a perfect fit and seal when paired with ColorFittings AN fittings, which are specifically engineered for use with E85, ethanol-based fuels, and race fuels. When combined with our nylon or stainless steel braided hose, these adapters deliver reliable performance and clean routing for any high-performance plumbing system.\n\nFor best installation results, we strongly recommend using our AN Fitting Assembly Tools, which help prevent fitting damage and ensure proper hose and fitting alignment. Please reference our installation video and fitting guide for proper assembly techniques and torque recommendations.\n\nLooking to complete your system? Explore our full range of AN fittings, NPT adapters, braided hose, and fitting assembly tools.",https://colorfittings.com/wp-content/uploads/2026/02/Flare-To-NPT-Adapter-Orange.png,Orange,CF-F2N-06-014-000-OR,NPT Adapters,True,"Target AN Size (-6, -8, -10)"
7.99,"6 AN to 1/4"" NPT Adapter","ColorFittings AN to NPT Adapter Fittings are precision-engineered to connect AN flare fittings to NPT ports, providing a secure, leak-free solution for fuel, oil, coolant, and power steering plumbing systems.\n\nOur AN to NPT Adapters are manufactured to provide a perfect fit and seal when paired with ColorFittings AN fittings, which are specifically engineered for use with E85, ethanol-based fuels, and race fuels. When combined with our nylon or stainless steel braided hose, these adapters deliver reliable performance and clean routing for any high-performance plumbing system.\n\nFor best installation results, we strongly recommend using our AN Fitting Assembly Tools, which help prevent fitting damage and ensure proper hose and fitting alignment. Please reference our installation video and fitting guide for proper assembly techniques and torque recommendations.\n\nLooking to complete your system? Explore our full range of AN fittings, NPT adapters, braided hose, and fitting assembly tools.",https://colorfittings.com/wp-content/uploads/2026/02/Flare-To-NPT-Adapter-Teal.png,Teal,CF-F2N-06-014-000-TL,NPT Adapters,True,"Target AN Size (-6, -8, -10)"
7.99,"6 AN to 1/4"" NPT Adapter","ColorFittings AN to NPT Adapter Fittings are precision-engineered to connect AN flare fittings to NPT ports, providing a secure, leak-free solution for fuel, oil, coolant, and power steering plumbing systems.\n\nOur AN to NPT Adapters are manufactured to provide a perfect fit and seal when paired with ColorFittings AN fittings, which are specifically engineered for use with E85, ethanol-based fuels, and race fuels. When combined with our nylon or stainless steel braided hose, these adapters deliver reliable performance and clean routing for any high-performance plumbing system.\n\nFor best installation results, we strongly recommend using our AN Fitting Assembly Tools, which help prevent fitting damage and ensure proper hose and fitting alignment. Please reference our installation video and fitting guide for proper assembly techniques and torque recommendations.\n\nLooking to complete your system? Explore our full range of AN fittings, NPT adapters, braided hose, and fitting assembly tools.",https://colorfittings.com/wp-content/uploads/2026/02/Flare-To-NPT-Adapter-Gold.png,Gold,CF-F2N-06-014-000-GD,NPT Adapters,True,"Target AN Size (-6, -8, -10)"
14.99,Honda K-Series PCV Adapter - 10AN,"Founded in 2008, ColorFittings is an industry leader in premium automotive, marine, and aviation plumbing products. \n\nWhether you’re a professional building a 6-second NHRA bracket car, a perfectionist designing the ultimate engine bay for a SEMA car, or an HPDE enthusiast looking to improve your oil temps, our products are designed for all flavors of motorsports. \n\nColorFittings products are carefully machined from 6061-T6 Billet Aluminum and finished with our proprietary polish and anodizing process. \n\nAN to Metric adapter or union fittings allow you to connect two female fitting points together, one metric and one AN flare end side. \n\nThese Adapters make a perfect fit and seal to our AN Fittings, which are specifically designed for use with our e85 and race-fuel compatible Nylon Braided Hoses.\n\nFor a hassle-free installation process, we strongly recommend using our Fitting Assembly Tools. Please use our Reference Video for proper installation procedures.\n\nWant to learn more about how our products apply to your vehicle? Read our handy guide here.",https://colorfittings.com/wp-content/uploads/2018/06/colorfittings-an-fitting_metric_large_reducer_purple.png,Purple,CF-ASP-10-000-003-XX,Adapters and Unions,True,"Target AN Size (-6, -8, -10)"
14.99,Honda K-Series PCV Adapter - 10AN,"Founded in 2008, ColorFittings is an industry leader in premium automotive, marine, and aviation plumbing products. \n\nWhether you’re a professional building a 6-second NHRA bracket car, a perfectionist designing the ultimate engine bay for a SEMA car, or an HPDE enthusiast looking to improve your oil temps, our products are designed for all flavors of motorsports. \n\nColorFittings products are carefully machined from 6061-T6 Billet Aluminum and finished with our proprietary polish and anodizing process. \n\nAN to Metric adapter or union fittings allow you to connect two female fitting points together, one metric and one AN flare end side. \n\nThese Adapters make a perfect fit and seal to our AN Fittings, which are specifically designed for use with our e85 and race-fuel compatible Nylon Braided Hoses.\n\nFor a hassle-free installation process, we strongly recommend using our Fitting Assembly Tools. Please use our Reference Video for proper installation procedures.\n\nWant to learn more about how our products apply to your vehicle? Read our handy guide here.",https://colorfittings.com/wp-content/uploads/2018/06/colorfittings-an-fitting_metric_large_reducer_purple.png,Black,CF-ASP-10-000-003-BL,Adapters and Unions,True,"Target AN Size (-6, -8, -10)"
14.99,Mitsubishi EVO X PCV Adapter - 10AN,"Founded in 2008, ColorFittings is an industry leader in premium automotive, marine, and aviation plumbing products. \n\nWhether you’re a professional building a 6-second NHRA bracket car, a perfectionist designing the ultimate engine bay for a SEMA car, or an HPDE enthusiast looking to improve your oil temps, our products are designed for all flavors of motorsports. \n\nColorFittings products are carefully machined from 6061-T6 Billet Aluminum and finished with our proprietary polish and anodizing process. \n\nAN to Metric adapter or union fittings allow you to connect two female fitting points together, one metric and one AN flare end side. \n\nThese Adapters make a perfect fit and seal to our AN Fittings, which are specifically designed for use with our e85 and race-fuel compatible Nylon Braided Hoses.\n\nFor a hassle-free installation process, we strongly recommend using our Fitting Assembly Tools. Please use our Reference Video for proper installation procedures.\n\nWant to learn more about how our products apply to your vehicle? Read our handy guide here.",https://colorfittings.com/wp-content/uploads/2019/03/colorfittings-cr125-black.png,Black,CF-ASP-10-000-001-BL,Adapters and Unions,True,"Target AN Size (-6, -8, -10)"
14.99,Mitsubishi EVO X PCV Adapter - 10AN,"Founded in 2008, ColorFittings is an industry leader in premium automotive, marine, and aviation plumbing products. \n\nWhether you’re a professional building a 6-second NHRA bracket car, a perfectionist designing the ultimate engine bay for a SEMA car, or an HPDE enthusiast looking to improve your oil temps, our products are designed for all flavors of motorsports. \n\nColorFittings products are carefully machined from 6061-T6 Billet Aluminum and finished with our proprietary polish and anodizing process. \n\nAN to Metric adapter or union fittings allow you to connect two female fitting points together, one metric and one AN flare end side. \n\nThese Adapters make a perfect fit and seal to our AN Fittings, which are specifically designed for use with our e85 and race-fuel compatible Nylon Braided Hoses.\n\nFor a hassle-free installation process, we strongly recommend using our Fitting Assembly Tools. Please use our Reference Video for proper installation procedures.\n\nWant to learn more about how our products apply to your vehicle? Read our handy guide here.",https://colorfittings.com/wp-content/uploads/2018/06/AN-Fitting-ORB-O-Ring-Boss-Purple.png,Purple,CF-ASP-10-000-001-PU,Adapters and Unions,True,"Target AN Size (-6, -8, -10)"
14.99,Mitsubishi EVO X PCV Adapter - 8AN,"Founded in 2008, ColorFittings is an industry leader in premium automotive, marine, and aviation plumbing products. \n\nWhether you’re a professional building a 6-second NHRA bracket car, a perfectionist designing the ultimate engine bay for a SEMA car, or an HPDE enthusiast looking to improve your oil temps, our products are designed for all flavors of motorsports. \n\nColorFittings products are carefully machined from 6061-T6 Billet Aluminum and finished with our proprietary polish and anodizing process. \n\nAN to Metric adapter or union fittings allow you to connect two female fitting points together, one metric and one AN flare end side. \n\nThese Adapters make a perfect fit and seal to our AN Fittings, which are specifically designed for use with our e85 and race-fuel compatible Nylon Braided Hoses.\n\nFor a hassle-free installation process, we strongly recommend using our Fitting Assembly Tools. Please use our Reference Video for proper installation procedures.\n\nWant to learn more about how our products apply to your vehicle? Read our handy guide here.",https://colorfittings.com/wp-content/uploads/2019/03/colorfittings-cr125-black.png,Black,CF-ASP-08-000-001-BL,Adapters and Unions,True,"Target AN Size (-6, -8, -10)"
14.99,Mitsubishi EVO X PCV Adapter - 8AN,"Founded in 2008, ColorFittings is an industry leader in premium automotive, marine, and aviation plumbing products. \n\nWhether you’re a professional building a 6-second NHRA bracket car, a perfectionist designing the ultimate engine bay for a SEMA car, or an HPDE enthusiast looking to improve your oil temps, our products are designed for all flavors of motorsports. \n\nColorFittings products are carefully machined from 6061-T6 Billet Aluminum and finished with our proprietary polish and anodizing process. \n\nAN to Metric adapter or union fittings allow you to connect two female fitting points together, one metric and one AN flare end side. \n\nThese Adapters make a perfect fit and seal to our AN Fittings, which are specifically designed for use with our e85 and race-fuel compatible Nylon Braided Hoses.\n\nFor a hassle-free installation process, we strongly recommend using our Fitting Assembly Tools. Please use our Reference Video for proper installation procedures.\n\nWant to learn more about how our products apply to your vehicle? Read our handy guide here.",https://colorfittings.com/wp-content/uploads/2018/06/AN-Fitting-ORB-O-Ring-Boss-Purple.png,Purple,CF-ASP-08-000-001-PU,Adapters and Unions,True,"Target AN Size (-6, -8, -10)"
12.99,-12 AN to -8 AN ORB Adapter,"ColorFittings ORB Adapter Fittings are precision-engineered to connect AN flare fittings to O-Ring Boss (ORB) ports, providing a secure, leak-free solution for fuel, oil, coolant, power steering, and transmission plumbing systems. ORB ports are found on engine blocks, transmissions, power steering pumps, oil coolers, and other OEM components — making these adapters essential for any AN plumbing conversion.\n\nOur AN to ORB Adapters are manufactured to provide a perfect fit and seal when paired with ColorFittings AN fittings, which are specifically engineered for use with E85, ethanol-based fuels, and race fuels. The O-ring face seal design eliminates the need for thread sealant and provides a more reliable, vibration-resistant connection compared to NPT threads. When combined with our nylon or stainless steel braided hose, these adapters deliver reliable performance and clean routing for any high-performance plumbing system.\n\nFor best installation results, we strongly recommend using our AN Fitting Assembly Tools, which help prevent fitting damage and ensure proper hose and fitting alignment. Please reference our installation video and fitting guide for proper assembly techniques and torque recommendations.\n\nLooking to complete your system? Explore our full range of AN fittings, ORB adapters, braided hose, and fitting assembly tools.",https://colorfittings.com/wp-content/uploads/2026/04/ORB-Purple-Fitting-Adapter-4.png,Purple,CF-F2S-12-008-000-PU,ORB Adapters,True,"Target AN Size (-6, -8, -10)"
38.99,-16 AN 90 Degree Male ORB Swivel Union Fitting,"ColorFittings 90 Degree Male ORB Swivel Union Fittings are precision CNC-machined to connect male O-Ring Boss (ORB) ports while providing a compact 90-degree routing solution for fuel, oil, coolant, transmission, hydraulic, and power steering systems. The swivel design allows for easy clocking and precise alignment, ensuring a secure, leak-free seal without compromising installation flexibility.\nManufactured from aerospace-grade 6061-T6 billet aluminum and finished with ColorFittings' proprietary polishing and anodizing process, these ORB swivel fittings deliver exceptional strength, corrosion resistance, and long-term durability. The straight-thread ORB design seals with an integrated O-ring, providing reliable performance in high-pressure and high-temperature environments.\nCompatible with E85, ethanol-based fuels, race fuel, pump gas, diesel, oil, coolant, transmission fluid, hydraulic fluid, and air systems, these fittings are ideal for street performance, racing, off-road, marine, and custom fabrication projects.\nLooking to complete your system? Explore our full range of AN fittings, adapters, braided hose, and fitting assembly tools.",https://colorfittings.com/wp-content/uploads/2022/12/gast-26-3-scaled.jpg,Black,CF-F2F-16-016-090-BL,Adapters and Unions,True,"Target AN Size (-6, -8, -10)"
3.99,-10 AN Fitting Bulkhead Nut,"ColorFittings AN Bulkhead Lock Nuts are precision CNC-machined to securely fasten AN bulkhead fittings through firewalls, chassis panels, fuel cells, and custom fabrication projects. Designed to provide a tight, vibration-resistant hold, these bulkhead nuts ensure proper alignment and a secure mounting surface for leak-free AN plumbing systems.\n\nManufactured from aerospace-grade 6061-T6 billet aluminum and finished with ColorFittings’ proprietary anodizing process, these AN bulkhead nuts deliver superior strength, corrosion resistance, and long-term durability in high-heat, high-vibration racing and street performance environments.\n\nEngineered for use with ColorFittings AN Union Bulkhead Fittings, these lock nuts provide the secure clamping force needed for fuel, oil, coolant, brake, transmission, and power steering applications. Ideal for motorsport builds, off-road vehicles, marine systems, and custom engine bay fabrication.\n\nComplete your install with our matching AN Bulkheads, AN Fittings, and AN Assembly Tools for a clean, professional-grade plumbing solution built to perform.",https://colorfittings.com/wp-content/uploads/2026/02/Bulkhead-Nut-Purple.png,Purple,CF-BHF-10-N00-000-PU,Brake Fittings,True,"Target AN Size (-6, -8, -10)"
12.99,-10 AN Fitting Bulkhead Straight,"ColorFittings AN Union Bulkhead Fittings are precision CNC-machined adapters designed to pass AN lines securely through firewalls, panels, fuel cells, and chassis components. Engineered for high-performance fuel, oil, coolant, transmission, brake, and power steering systems, these AN bulkhead unions provide a secure, leak-free 37-degree flare seal on both sides of the panel.\n\nManufactured from aerospace-grade 6061-T6 billet aluminum and finished with ColorFittings’ proprietary anodizing process, these bulkhead fittings offer superior strength, corrosion resistance, and durability in high-pressure and high-temperature environments. Compatible with E85, ethanol-based fuels, race fuel, pump gas, oil, coolant, hydraulic fluid, and air systems, they are ideal for street performance, drag racing, road racing, off-road, and marine applications.\n\nThe threaded bulkhead design with included locking nut ensures a tight, secure mount through sheet metal, carbon fiber, aluminum panels, or firewalls while maintaining proper AN flare alignment for consistent sealing performance.\n\nComplete your install with our matching AN Bulkhead Nuts, AN Fittings, and AN Assembly Tools for a clean, professional-grade plumbing solution built to perform.",https://colorfittings.com/wp-content/uploads/2026/02/Bulkhead-Fitting-Straight-Purple.png,Purple,CF-BHF-10-000-000-PU,Brake Fittings,True,"Target AN Size (-6, -8, -10)"
9.99,-8 AN to -8 AN Fitting Male to Male Flare Union,"ColorFittings AN Male to Male Flare Unions are precision CNC-machined to connect two female AN fittings while maintaining a secure, leak-free 37-degree flare seal. Designed for fuel, oil, coolant, transmission, brake, and power steering systems, these unions provide a reliable straight-through connection for custom plumbing and high-performance fluid transfer applications.\nManufactured from aerospace-grade 6061-T6 billet aluminum and finished with ColorFittings' proprietary polishing and anodizing process, these fittings deliver exceptional strength, corrosion resistance, and long-term durability. Compatible with E85, ethanol-based fuels, race fuel, pump gas, diesel, oil, coolant, transmission fluid, hydraulic fluid, and air systems, they are built to perform in demanding street, racing, off-road, marine, and motorsport environments.\nLooking to complete your system? Explore our full range of AN fittings, adapters, braided hose, and fitting assembly tools.",https://colorfittings.com/wp-content/uploads/2022/10/AN-flare-fitting-union-adapter-purple.png,Purple,CF-F2F-08-008-000-PU,Adapters and Unions,True,"Target AN Size (-6, -8, -10)"
10.99,-8 AN to -12 AN Fitting Male to Male Reducer Union,"ColorFittings AN Male to Male Flare Reducer Unions are precision CNC-machined to connect two female AN fittings while maintaining a secure, leak-free 37-degree flare seal. Designed for fuel, oil, coolant, transmission, brake, and power steering systems, these unions provide a reliable straight-through connection for custom plumbing and high-performance fluid transfer applications.\nManufactured from aerospace-grade 6061-T6 billet aluminum and finished with ColorFittings' proprietary polishing and anodizing process, these fittings deliver exceptional strength, corrosion resistance, and long-term durability. Compatible with E85, ethanol-based fuels, race fuel, pump gas, diesel, oil, coolant, transmission fluid, hydraulic fluid, and air systems, they are built to perform in demanding street, racing, off-road, marine, and motorsport environments.\nLooking to complete your system? Explore our full range of AN fittings, adapters, braided hose, and fitting assembly tools.",https://colorfittings.com/wp-content/uploads/2018/06/AN-flare-fitting-reducer-union-adapter-purple-1.png,Purple,CF-F2F-08-012-000-PU,Adapters and Unions,True,"Target AN Size (-6, -8, -10)"
10.99,-8 AN to -12 AN Fitting Male to Male Reducer Union,"ColorFittings AN Male to Male Flare Reducer Unions are precision CNC-machined to connect two female AN fittings while maintaining a secure, leak-free 37-degree flare seal. Designed for fuel, oil, coolant, transmission, brake, and power steering systems, these unions provide a reliable straight-through connection for custom plumbing and high-performance fluid transfer applications.\nManufactured from aerospace-grade 6061-T6 billet aluminum and finished with ColorFittings' proprietary polishing and anodizing process, these fittings deliver exceptional strength, corrosion resistance, and long-term durability. Compatible with E85, ethanol-based fuels, race fuel, pump gas, diesel, oil, coolant, transmission fluid, hydraulic fluid, and air systems, they are built to perform in demanding street, racing, off-road, marine, and motorsport environments.\nLooking to complete your system? Explore our full range of AN fittings, adapters, braided hose, and fitting assembly tools.",https://colorfittings.com/wp-content/uploads/2018/06/AN-flare-fitting-reducer-union-adapter-black-2.png,Black,CF-F2F-08-012-000-BL,Adapters and Unions,True,"Target AN Size (-6, -8, -10)"
9.99,-6 AN to -10 AN Fitting Male to Male Reducer Union,"ColorFittings AN Male to Male Flare Reducer Unions are precision CNC-machined to connect two female AN fittings while maintaining a secure, leak-free 37-degree flare seal. Designed for fuel, oil, coolant, transmission, brake, and power steering systems, these unions provide a reliable straight-through connection for custom plumbing and high-performance fluid transfer applications.\nManufactured from aerospace-grade 6061-T6 billet aluminum and finished with ColorFittings' proprietary polishing and anodizing process, these fittings deliver exceptional strength, corrosion resistance, and long-term durability. Compatible with E85, ethanol-based fuels, race fuel, pump gas, diesel, oil, coolant, transmission fluid, hydraulic fluid, and air systems, they are built to perform in demanding street, racing, off-road, marine, and motorsport environments.\nLooking to complete your system? Explore our full range of AN fittings, adapters, braided hose, and fitting assembly tools.",https://colorfittings.com/wp-content/uploads/2018/06/AN-flare-fitting-reducer-union-adapter-purple-1.png,Purple,CF-F2F-06-010-000-PU,Adapters and Unions,True,"Target AN Size (-6, -8, -10)"
10.99,-8 AN to -10 AN Fitting Male to Male Reducer Union,"ColorFittings AN Male to Male Flare Reducer Unions are precision CNC-machined to connect two female AN fittings while maintaining a secure, leak-free 37-degree flare seal. Designed for fuel, oil, coolant, transmission, brake, and power steering systems, these unions provide a reliable straight-through connection for custom plumbing and high-performance fluid transfer applications.\nManufactured from aerospace-grade 6061-T6 billet aluminum and finished with ColorFittings' proprietary polishing and anodizing process, these fittings deliver exceptional strength, corrosion resistance, and long-term durability. Compatible with E85, ethanol-based fuels, race fuel, pump gas, diesel, oil, coolant, transmission fluid, hydraulic fluid, and air systems, they are built to perform in demanding street, racing, off-road, marine, and motorsport environments.\nLooking to complete your system? Explore our full range of AN fittings, adapters, braided hose, and fitting assembly tools.",https://colorfittings.com/wp-content/uploads/2018/06/AN-flare-fitting-reducer-union-adapter-purple-1.png,Purple,CF-F2F-08-010-000-PU,Adapters and Unions,True,"Target AN Size (-6, -8, -10)"
9.99,-6 AN to -8 AN Fitting Male to Male Reducer Union,"ColorFittings AN Male to Male Flare Reducer Unions are precision CNC-machined to connect two female AN fittings while maintaining a secure, leak-free 37-degree flare seal. Designed for fuel, oil, coolant, transmission, brake, and power steering systems, these unions provide a reliable straight-through connection for custom plumbing and high-performance fluid transfer applications.\nManufactured from aerospace-grade 6061-T6 billet aluminum and finished with ColorFittings' proprietary polishing and anodizing process, these fittings deliver exceptional strength, corrosion resistance, and long-term durability. Compatible with E85, ethanol-based fuels, race fuel, pump gas, diesel, oil, coolant, transmission fluid, hydraulic fluid, and air systems, they are built to perform in demanding street, racing, off-road, marine, and motorsport environments.\nLooking to complete your system? Explore our full range of AN fittings, adapters, braided hose, and fitting assembly tools.",https://colorfittings.com/wp-content/uploads/2018/06/AN-flare-fitting-reducer-union-adapter-purple-1.png,Purple,CF-F2F-06-008-000-PU,Adapters and Unions,True,"Target AN Size (-6, -8, -10)"
8.99,-4 AN to -6 AN ORB Adapter,"ColorFittings ORB Adapter Fittings are precision-engineered to connect AN flare fittings to O-Ring Boss (ORB) ports, providing a secure, leak-free solution for fuel, oil, coolant, power steering, and transmission plumbing systems. ORB ports are found on engine blocks, transmissions, power steering pumps, oil coolers, and other OEM components — making these adapters essential for any AN plumbing conversion.\n\nOur AN to ORB Adapters are manufactured to provide a perfect fit and seal when paired with ColorFittings AN fittings, which are specifically engineered for use with E85, ethanol-based fuels, and race fuels. The O-ring face seal design eliminates the need for thread sealant and provides a more reliable, vibration-resistant connection compared to NPT threads. When combined with our nylon or stainless steel braided hose, these adapters deliver reliable performance and clean routing for any high-performance plumbing system.\n\nFor best installation results, we strongly recommend using our AN Fitting Assembly Tools, which help prevent fitting damage and ensure proper hose and fitting alignment. Please reference our installation video and fitting guide for proper assembly techniques and torque recommendations.\n\nLooking to complete your system? Explore our full range of AN fittings, ORB adapters, braided hose, and fitting assembly tools.",https://colorfittings.com/wp-content/uploads/2026/04/ORB-Purple-Fitting-Adapter-6.png,Purple,CF-F2S-04-006-000-PU,ORB Adapters,True,"Target AN Size (-6, -8, -10)"
9.99,-6 AN to -8 AN Fitting Male to Male Reducer Union,"ColorFittings AN Male to Male Flare Reducer Unions are precision CNC-machined to connect two female AN fittings while maintaining a secure, leak-free 37-degree flare seal. Designed for fuel, oil, coolant, transmission, brake, and power steering systems, these unions provide a reliable straight-through connection for custom plumbing and high-performance fluid transfer applications.\nManufactured from aerospace-grade 6061-T6 billet aluminum and finished with ColorFittings' proprietary polishing and anodizing process, these fittings deliver exceptional strength, corrosion resistance, and long-term durability. Compatible with E85, ethanol-based fuels, race fuel, pump gas, diesel, oil, coolant, transmission fluid, hydraulic fluid, and air systems, they are built to perform in demanding street, racing, off-road, marine, and motorsport environments.\nLooking to complete your system? Explore our full range of AN fittings, adapters, braided hose, and fitting assembly tools.",https://colorfittings.com/wp-content/uploads/2018/06/AN-flare-fitting-reducer-union-adapter-black-2.png,Black,CF-F2F-06-008-000-BL,Adapters and Unions,True,"Target AN Size (-6, -8, -10)"
9.99,-8 AN to -8 AN ORB Adapter,"ColorFittings ORB Adapter Fittings are precision-engineered to connect AN flare fittings to O-Ring Boss (ORB) ports, providing a secure, leak-free solution for fuel, oil, coolant, power steering, and transmission plumbing systems. ORB ports are found on engine blocks, transmissions, power steering pumps, oil coolers, and other OEM components — making these adapters essential for any AN plumbing conversion.\n\nOur AN to ORB Adapters are manufactured to provide a perfect fit and seal when paired with ColorFittings AN fittings, which are specifically engineered for use with E85, ethanol-based fuels, and race fuels. The O-ring face seal design eliminates the need for thread sealant and provides a more reliable, vibration-resistant connection compared to NPT threads. When combined with our nylon or stainless steel braided hose, these adapters deliver reliable performance and clean routing for any high-performance plumbing system.\n\nFor best installation results, we strongly recommend using our AN Fitting Assembly Tools, which help prevent fitting damage and ensure proper hose and fitting alignment. Please reference our installation video and fitting guide for proper assembly techniques and torque recommendations.\n\nLooking to complete your system? Explore our full range of AN fittings, ORB adapters, braided hose, and fitting assembly tools.",https://colorfittings.com/wp-content/uploads/2026/04/ORB-Green-Fitting-Adapter-2.png,Green,CF-F2S-08-008-000-GR,ORB Adapters,True,"Target AN Size (-6, -8, -10)"
9.99,-8 AN to -8 AN ORB Adapter,"ColorFittings ORB Adapter Fittings are precision-engineered to connect AN flare fittings to O-Ring Boss (ORB) ports, providing a secure, leak-free solution for fuel, oil, coolant, power steering, and transmission plumbing systems. ORB ports are found on engine blocks, transmissions, power steering pumps, oil coolers, and other OEM components — making these adapters essential for any AN plumbing conversion.\n\nOur AN to ORB Adapters are manufactured to provide a perfect fit and seal when paired with ColorFittings AN fittings, which are specifically engineered for use with E85, ethanol-based fuels, and race fuels. The O-ring face seal design eliminates the need for thread sealant and provides a more reliable, vibration-resistant connection compared to NPT threads. When combined with our nylon or stainless steel braided hose, these adapters deliver reliable performance and clean routing for any high-performance plumbing system.\n\nFor best installation results, we strongly recommend using our AN Fitting Assembly Tools, which help prevent fitting damage and ensure proper hose and fitting alignment. Please reference our installation video and fitting guide for proper assembly techniques and torque recommendations.\n\nLooking to complete your system? Explore our full range of AN fittings, ORB adapters, braided hose, and fitting assembly tools.",https://colorfittings.com/wp-content/uploads/2026/04/ORB-Red-Fitting-Adapter-2.png,Red,CF-F2S-08-008-000-RD,ORB Adapters,True,"Target AN Size (-6, -8, -10)"
10.99,-10 AN to -8 AN ORB Adapter,"ColorFittings ORB Adapter Fittings are precision-engineered to connect AN flare fittings to O-Ring Boss (ORB) ports, providing a secure, leak-free solution for fuel, oil, coolant, power steering, and transmission plumbing systems. ORB ports are found on engine blocks, transmissions, power steering pumps, oil coolers, and other OEM components — making these adapters essential for any AN plumbing conversion.\n\nOur AN to ORB Adapters are manufactured to provide a perfect fit and seal when paired with ColorFittings AN fittings, which are specifically engineered for use with E85, ethanol-based fuels, and race fuels. The O-ring face seal design eliminates the need for thread sealant and provides a more reliable, vibration-resistant connection compared to NPT threads. When combined with our nylon or stainless steel braided hose, these adapters deliver reliable performance and clean routing for any high-performance plumbing system.\n\nFor best installation results, we strongly recommend using our AN Fitting Assembly Tools, which help prevent fitting damage and ensure proper hose and fitting alignment. Please reference our installation video and fitting guide for proper assembly techniques and torque recommendations.\n\nLooking to complete your system? Explore our full range of AN fittings, ORB adapters, braided hose, and fitting assembly tools.",https://colorfittings.com/wp-content/uploads/2026/04/ORB-Red-Fitting-Adapter.png,Red,CF-F2S-10-008-000-RD,ORB Adapters,True,"Target AN Size (-6, -8, -10)"
10.99,-10 AN to -8 AN ORB Adapter,"ColorFittings ORB Adapter Fittings are precision-engineered to connect AN flare fittings to O-Ring Boss (ORB) ports, providing a secure, leak-free solution for fuel, oil, coolant, power steering, and transmission plumbing systems. ORB ports are found on engine blocks, transmissions, power steering pumps, oil coolers, and other OEM components — making these adapters essential for any AN plumbing conversion.\n\nOur AN to ORB Adapters are manufactured to provide a perfect fit and seal when paired with ColorFittings AN fittings, which are specifically engineered for use with E85, ethanol-based fuels, and race fuels. The O-ring face seal design eliminates the need for thread sealant and provides a more reliable, vibration-resistant connection compared to NPT threads. When combined with our nylon or stainless steel braided hose, these adapters deliver reliable performance and clean routing for any high-performance plumbing system.\n\nFor best installation results, we strongly recommend using our AN Fitting Assembly Tools, which help prevent fitting damage and ensure proper hose and fitting alignment. Please reference our installation video and fitting guide for proper assembly techniques and torque recommendations.\n\nLooking to complete your system? Explore our full range of AN fittings, ORB adapters, braided hose, and fitting assembly tools.",https://colorfittings.com/wp-content/uploads/2026/04/ORB-Teal-Fitting-Adapter.png,Teal,CF-F2S-10-008-000-TL,ORB Adapters,True,"Target AN Size (-6, -8, -10)"
10.99,-10 AN to -8 AN ORB Adapter,"ColorFittings ORB Adapter Fittings are precision-engineered to connect AN flare fittings to O-Ring Boss (ORB) ports, providing a secure, leak-free solution for fuel, oil, coolant, power steering, and transmission plumbing systems. ORB ports are found on engine blocks, transmissions, power steering pumps, oil coolers, and other OEM components — making these adapters essential for any AN plumbing conversion.\n\nOur AN to ORB Adapters are manufactured to provide a perfect fit and seal when paired with ColorFittings AN fittings, which are specifically engineered for use with E85, ethanol-based fuels, and race fuels. The O-ring face seal design eliminates the need for thread sealant and provides a more reliable, vibration-resistant connection compared to NPT threads. When combined with our nylon or stainless steel braided hose, these adapters deliver reliable performance and clean routing for any high-performance plumbing system.\n\nFor best installation results, we strongly recommend using our AN Fitting Assembly Tools, which help prevent fitting damage and ensure proper hose and fitting alignment. Please reference our installation video and fitting guide for proper assembly techniques and torque recommendations.\n\nLooking to complete your system? Explore our full range of AN fittings, ORB adapters, braided hose, and fitting assembly tools.",https://colorfittings.com/wp-content/uploads/2026/04/ORB-Green-Fitting-Adapter-1.png,Green,CF-F2S-10-008-000-GR,ORB Adapters,True,"Target AN Size (-6, -8, -10)"
10.99,-8 AN to -10 AN Fitting Male to Male Reducer Union,"ColorFittings AN Male to Male Flare Reducer Unions are precision CNC-machined to connect two female AN fittings while maintaining a secure, leak-free 37-degree flare seal. Designed for fuel, oil, coolant, transmission, brake, and power steering systems, these unions provide a reliable straight-through connection for custom plumbing and high-performance fluid transfer applications.\nManufactured from aerospace-grade 6061-T6 billet aluminum and finished with ColorFittings' proprietary polishing and anodizing process, these fittings deliver exceptional strength, corrosion resistance, and long-term durability. Compatible with E85, ethanol-based fuels, race fuel, pump gas, diesel, oil, coolant, transmission fluid, hydraulic fluid, and air systems, they are built to perform in demanding street, racing, off-road, marine, and motorsport environments.\nLooking to complete your system? Explore our full range of AN fittings, adapters, braided hose, and fitting assembly tools.",https://colorfittings.com/wp-content/uploads/2018/06/AN-flare-fitting-reducer-union-adapter-black-2.png,Black,CF-F2F-08-010-000-BL,Adapters and Unions,True,"Target AN Size (-6, -8, -10)"
9.99,-6 AN to -10 AN Fitting Male to Male Reducer Union,"ColorFittings AN Male to Male Flare Reducer Unions are precision CNC-machined to connect two female AN fittings while maintaining a secure, leak-free 37-degree flare seal. Designed for fuel, oil, coolant, transmission, brake, and power steering systems, these unions provide a reliable straight-through connection for custom plumbing and high-performance fluid transfer applications.\nManufactured from aerospace-grade 6061-T6 billet aluminum and finished with ColorFittings' proprietary polishing and anodizing process, these fittings deliver exceptional strength, corrosion resistance, and long-term durability. Compatible with E85, ethanol-based fuels, race fuel, pump gas, diesel, oil, coolant, transmission fluid, hydraulic fluid, and air systems, they are built to perform in demanding street, racing, off-road, marine, and motorsport environments.\nLooking to complete your system? Explore our full range of AN fittings, adapters, braided hose, and fitting assembly tools.",https://colorfittings.com/wp-content/uploads/2018/06/AN-flare-fitting-reducer-union-adapter-black-2.png,Black,CF-F2F-06-010-000-BL,Adapters and Unions,True,"Target AN Size (-6, -8, -10)"
9.2,10AN Stainless Steel Hose / Line (E85 + Race Fuel Safe) - BY THE FOOT,"ColorFittings Standard Stainless Steel Braided Hose is engineered for high-pressure fuel, oil, coolant, and breather applications in automotive, marine, and racing builds. Featuring a durable synthetic rubber inner core with a tightly woven stainless steel braid, this hose resists abrasion and pressure delivering reliable flow, excellent flexibility, and consistent performance under demanding conditions.\nDesigned for racing, street performance, and marine applications, this hose is compatible with E85, ethanol-based fuels, race fuels, gasoline, diesel, oil, and coolant. The stainless steel braid provides superior abrasion resistance and structural integrity while maintaining the flexibility needed for clean, precise routing.\nThis hose is designed to be used as part of the ColorFittings system. For a proper seal and reliable performance, pair it with our Standard AN Hose Fittings, precision-machined to match this hose. Use Hose Separators to organize multi-line installations and prevent abrasion, and complete assembly with our Hose Assembly Tools to ensure correct alignment, prevent damage, and achieve professional results.",https://colorfittings.com/wp-content/uploads/2026/06/AN-Fitting-Nylon-Braided-Hose-Stainless-Steel-1.png,Steel,CF-BSH-10-000-001-ST,Hose &amp; Line,True,"Target AN Size (-6, -8, -10)"
8.3,8AN Stainless Steel Hose / Line (E85 + Race Fuel Safe) - BY THE FOOT,"ColorFittings Standard Stainless Steel Braided Hose is engineered for high-pressure fuel, oil, coolant, and breather applications in automotive, marine, and racing builds. Featuring a durable synthetic rubber inner core with a tightly woven stainless steel braid, this hose resists abrasion and pressure delivering reliable flow, excellent flexibility, and consistent performance under demanding conditions.\nDesigned for racing, street performance, and marine applications, this hose is compatible with E85, ethanol-based fuels, race fuels, gasoline, diesel, oil, and coolant. The stainless steel braid provides superior abrasion resistance and structural integrity while maintaining the flexibility needed for clean, precise routing.\nThis hose is designed to be used as part of the ColorFittings system. For a proper seal and reliable performance, pair it with our Standard AN Hose Fittings, precision-machined to match this hose. Use Hose Separators to organize multi-line installations and prevent abrasion, and complete assembly with our Hose Assembly Tools to ensure correct alignment, prevent damage, and achieve professional results.",https://colorfittings.com/wp-content/uploads/2026/06/AN-Fitting-Nylon-Braided-Hose-Stainless-Steel-1.png,Steel,CF-BSH-08-000-001-ST,Hose &amp; Line,True,"Target AN Size (-6, -8, -10)"
7.2,6AN Stainless Steel Hose / Line (E85 + Race Fuel Safe) - BY THE FOOT,"ColorFittings Standard Stainless Steel Braided Hose is engineered for high-pressure fuel, oil, coolant, and breather applications in automotive, marine, and racing builds. Featuring a durable synthetic rubber inner core with a tightly woven stainless steel braid, this hose resists abrasion and pressure delivering reliable flow, excellent flexibility, and consistent performance under demanding conditions.\nDesigned for racing, street performance, and marine applications, this hose is compatible with E85, ethanol-based fuels, race fuels, gasoline, diesel, oil, and coolant. The stainless steel braid provides superior abrasion resistance and structural integrity while maintaining the flexibility needed for clean, precise routing.\nThis hose is designed to be used as part of the ColorFittings system. For a proper seal and reliable performance, pair it with our Standard AN Hose Fittings, precision-machined to match this hose. Use Hose Separators to organize multi-line installations and prevent abrasion, and complete assembly with our Hose Assembly Tools to ensure correct alignment, prevent damage, and achieve professional results.",https://colorfittings.com/wp-content/uploads/2026/06/AN-Fitting-Nylon-Braided-Hose-Stainless-Steel-1.png,Steel,CF-BSH-06-000-001-ST,Hose &amp; Line,True,"Target AN Size (-6, -8, -10)"
11.7,10AN PTFE Braided Black Nylon Hose / Line (E85 + Race Fuel Safe) - BY THE FOOT,"ColorFittings Black Nylon PTFE Hose is engineered for high-pressure, high-temperature fluid transfer in fuel, oil, coolant, brake, and power steering systems. Featuring a smooth-bore PTFE inner liner with a tightly woven black nylon braid, this hose delivers zero permeation, excellent chemical resistance, and consistent flow under extreme conditions.\nDesigned for racing, street performance, and marine applications, this PTFE hose is compatible with E85, ethanol-based fuels, race fuels, and aggressive fluids that degrade traditional rubber hose. The black nylon braid provides superior abrasion resistance and structural integrity while maintaining flexibility for clean, precise routing.\nThis hose is designed to be used as part of the ColorFittings system. For a proper seal and reliable performance, pair it with our PTFE Hose Ends, precision-machined to match the PTFE liner and nylon braid. Use Hose Separators to organize multi-line installations and prevent abrasion, and complete assembly with our Hose Assembly Tools to ensure correct alignment, prevent damage, and achieve professional results.",https://colorfittings.com/wp-content/uploads/2024/02/AN-Fitting-PTFE-Nylon-Braided-Hose-Black-lowrez.jpg,Black PTFE,CF-BPH-10-000-001-BL,Hose &amp; Line,True,"Target AN Size (-6, -8, -10)"
9.4,8AN PTFE Braided Black Nylon Hose / Line (E85 + Race Fuel Safe) - BY THE FOOT,"ColorFittings Black Nylon PTFE Hose is engineered for high-pressure, high-temperature fluid transfer in fuel, oil, coolant, brake, and power steering systems. Featuring a smooth-bore PTFE inner liner with a tightly woven black nylon braid, this hose delivers zero permeation, excellent chemical resistance, and consistent flow under extreme conditions.\nDesigned for racing, street performance, and marine applications, this PTFE hose is compatible with E85, ethanol-based fuels, race fuels, and aggressive fluids that degrade traditional rubber hose. The black nylon braid provides superior abrasion resistance and structural integrity while maintaining flexibility for clean, precise routing.\nThis hose is designed to be used as part of the ColorFittings system. For a proper seal and reliable performance, pair it with our PTFE Hose Ends, precision-machined to match the PTFE liner and nylon braid. Use Hose Separators to organize multi-line installations and prevent abrasion, and complete assembly with our Hose Assembly Tools to ensure correct alignment, prevent damage, and achieve professional results.",https://colorfittings.com/wp-content/uploads/2024/02/AN-Fitting-PTFE-Nylon-Braided-Hose-Black-lowrez.jpg,Black,CF-BPH-08-000-001-BL,Hose &amp; Line,True,"Target AN Size (-6, -8, -10)"
39.99,E36 S54 Oil Filter Housing Adapter for Oil Coolers (10AN),"The ports on this adapter are M22x1.5\n\nA Metric M22x1.5 to 10AN Banjo Bolt perfect for Oil Coolers or other tight-fitting areas. Our banjo bolts are pre-drilled for safety wire to prevent accidental rotation. Includes the banjo fitting, banjo bolt, and washer pair.\n\nThis Adapter is available in the following color: Black",https://colorfittings.com/wp-content/uploads/2022/11/AN-Fitting-E36-S54-N54-oil-filter-adapter.png,Black,CF-ASA-00-S54-001-BL,Specialty Fitting &amp; PCV Delete,True,"Target AN Size (-6, -8, -10)"
8.99,10AN Male Weld-on Bung EZ Weld Taper,This Weld-on Bung is available in the following material: Aluminum,https://colorfittings.com/wp-content/uploads/2022/11/an-fitting-aluminum_weld_bung_ez_weld_taper.png,Aluminum,CF-WBM-10-01T-000-AL,Weld-On Bungs,True,"Target AN Size (-6, -8, -10)"
10.99,-6AN Hose Separator,"This product is designed for and sized to be used with our Standard Nylon Braided Hose.\n\nFor use with our PTFE Hose, you must use a hose separator one size smaller than the hose (difference of -2AN).\n\nI.e. For a 6AN PTFE Hose, the best fitting hose separator will be 4AN.\n\nThis Hose Separator is available in the following colors: Purple, Black, Teal, Red, Green, Orange, and Gold",https://colorfittings.com/wp-content/uploads/2022/11/AN-Fitting-Red-Hose-Separator.png,red,CF-AHS-06-000-000-RD,Hose Separators,True,"Target AN Size (-6, -8, -10)"
10.99,-6AN Hose Separator,"This product is designed for and sized to be used with our Standard Nylon Braided Hose.\n\nFor use with our PTFE Hose, you must use a hose separator one size smaller than the hose (difference of -2AN).\n\nI.e. For a 6AN PTFE Hose, the best fitting hose separator will be 4AN.\n\nThis Hose Separator is available in the following colors: Purple, Black, Teal, Red, Green, Orange, and Gold",https://colorfittings.com/wp-content/uploads/2022/11/AN-Fitting-Black-Hose-Separator.png,black,CF-AHS-06-000-000-BL,Hose Separators,True,"Target AN Size (-6, -8, -10)"
10.99,-6AN Hose Separator,"This product is designed for and sized to be used with our Standard Nylon Braided Hose.\n\nFor use with our PTFE Hose, you must use a hose separator one size smaller than the hose (difference of -2AN).\n\nI.e. For a 6AN PTFE Hose, the best fitting hose separator will be 4AN.\n\nThis Hose Separator is available in the following colors: Purple, Black, Teal, Red, Green, Orange, and Gold",https://colorfittings.com/wp-content/uploads/2022/11/AN-Fitting-Orange-Hose-Separator.png,orange,CF-AHS-06-000-000-OR,Hose Separators,True,"Target AN Size (-6, -8, -10)"
10.99,-6AN Hose Separator,"This product is designed for and sized to be used with our Standard Nylon Braided Hose.\n\nFor use with our PTFE Hose, you must use a hose separator one size smaller than the hose (difference of -2AN).\n\nI.e. For a 6AN PTFE Hose, the best fitting hose separator will be 4AN.\n\nThis Hose Separator is available in the following colors: Purple, Black, Teal, Red, Green, Orange, and Gold",https://colorfittings.com/wp-content/uploads/2022/11/AN-Fitting-Green-Hose-Separator.png,green,CF-AHS-06-000-000-GR,Hose Separators,True,"Target AN Size (-6, -8, -10)"
11.99,-8AN Hose Separator,"This product is designed for and sized to be used with our Standard Nylon Braided Hose.\n\nFor use with our PTFE Hose, you must use a hose separator one size smaller than the hose (difference of -2AN).\n\nI.e. For an 8AN PTFE Hose, the best fitting hose separator will be 6AN.\n\nThis Hose Separator is available in the following colors: Purple, Black, Teal, Red, Green, Orange, and Gold",https://colorfittings.com/wp-content/uploads/2022/11/AN-Fitting-Red-Hose-Separator.png,red,CF-AHS-08-000-000-RD,Hose Separators,True,"Target AN Size (-6, -8, -10)"
11.99,-8AN Hose Separator,"This product is designed for and sized to be used with our Standard Nylon Braided Hose.\n\nFor use with our PTFE Hose, you must use a hose separator one size smaller than the hose (difference of -2AN).\n\nI.e. For an 8AN PTFE Hose, the best fitting hose separator will be 6AN.\n\nThis Hose Separator is available in the following colors: Purple, Black, Teal, Red, Green, Orange, and Gold",https://colorfittings.com/wp-content/uploads/2022/11/AN-Fitting-Black-Hose-Separator.png,black,CF-AHS-08-000-000-BL,Hose Separators,True,"Target AN Size (-6, -8, -10)"
11.99,-8AN Hose Separator,"This product is designed for and sized to be used with our Standard Nylon Braided Hose.\n\nFor use with our PTFE Hose, you must use a hose separator one size smaller than the hose (difference of -2AN).\n\nI.e. For an 8AN PTFE Hose, the best fitting hose separator will be 6AN.\n\nThis Hose Separator is available in the following colors: Purple, Black, Teal, Red, Green, Orange, and Gold",https://colorfittings.com/wp-content/uploads/2022/11/AN-Fitting-Orange-Hose-Separator.png,orange,CF-AHS-08-000-000-OR,Hose Separators,True,"Target AN Size (-6, -8, -10)"
11.99,-8AN Hose Separator,"This product is designed for and sized to be used with our Standard Nylon Braided Hose.\n\nFor use with our PTFE Hose, you must use a hose separator one size smaller than the hose (difference of -2AN).\n\nI.e. For an 8AN PTFE Hose, the best fitting hose separator will be 6AN.\n\nThis Hose Separator is available in the following colors: Purple, Black, Teal, Red, Green, Orange, and Gold",https://colorfittings.com/wp-content/uploads/2022/11/AN-Fitting-Green-Hose-Separator.png,green,CF-AHS-08-000-000-GR,Hose Separators,True,"Target AN Size (-6, -8, -10)"
9.99,-4AN Hose Separator,"This product is designed for and sized to be used with our Standard Nylon Braided Hose.\n\nFor use with our PTFE Hose, you must use a hose separator one size smaller than the hose (difference of -2AN).\n\nThis 4AN hose separator will not create an ideal fit with 4AN PTFE Hose.\n\nThis Hose Separator is available in the following colors: Purple, Black, Teal, Red, Green, Orange, and Gold",https://colorfittings.com/wp-content/uploads/2022/11/AN-Fitting-Red-Hose-Separator.png,red,CF-AHS-04-000-000-RD,Hose Separators,True,Hose & Line / Hardware
9.99,-4AN Hose Separator,"This product is designed for and sized to be used with our Standard Nylon Braided Hose.\n\nFor use with our PTFE Hose, you must use a hose separator one size smaller than the hose (difference of -2AN).\n\nThis 4AN hose separator will not create an ideal fit with 4AN PTFE Hose.\n\nThis Hose Separator is available in the following colors: Purple, Black, Teal, Red, Green, Orange, and Gold",https://colorfittings.com/wp-content/uploads/2022/11/AN-Fitting-Black-Hose-Separator.png,black,CF-AHS-04-000-000-BL,Hose Separators,True,Hose & Line / Hardware
9.99,-4AN Hose Separator,"This product is designed for and sized to be used with our Standard Nylon Braided Hose.\n\nFor use with our PTFE Hose, you must use a hose separator one size smaller than the hose (difference of -2AN).\n\nThis 4AN hose separator will not create an ideal fit with 4AN PTFE Hose.\n\nThis Hose Separator is available in the following colors: Purple, Black, Teal, Red, Green, Orange, and Gold",https://colorfittings.com/wp-content/uploads/2022/11/AN-Fitting-Orange-Hose-Separator.png,orange,CF-AHS-04-000-000-OR,Hose Separators,True,Hose & Line / Hardware
9.99,-4AN Hose Separator,"This product is designed for and sized to be used with our Standard Nylon Braided Hose.\n\nFor use with our PTFE Hose, you must use a hose separator one size smaller than the hose (difference of -2AN).\n\nThis 4AN hose separator will not create an ideal fit with 4AN PTFE Hose.\n\nThis Hose Separator is available in the following colors: Purple, Black, Teal, Red, Green, Orange, and Gold",https://colorfittings.com/wp-content/uploads/2022/11/AN-Fitting-Green-Hose-Separator.png,green,CF-AHS-04-000-000-GR,Hose Separators,True,Hose & Line / Hardware
12.99,-10AN Hose Separator,"This product is designed for and sized to be used with our Standard Nylon Braided Hose.\n\nFor use with our PTFE Hose, you must use a hose separator one size smaller than the hose (difference of -2AN).\n\nI.e. For a 10AN PTFE Hose, the best fitting hose separator will be 8AN.\n\nThis Hose Separator is available in the following colors: Purple, Black, Teal, Red, Green, Orange, and Gold",https://colorfittings.com/wp-content/uploads/2022/11/AN-Fitting-Red-Hose-Separator.png,red,CF-AHS-10-000-000-RD,Hose Separators,True,"Target AN Size (-6, -8, -10)"
12.99,-10AN Hose Separator,"This product is designed for and sized to be used with our Standard Nylon Braided Hose.\n\nFor use with our PTFE Hose, you must use a hose separator one size smaller than the hose (difference of -2AN).\n\nI.e. For a 10AN PTFE Hose, the best fitting hose separator will be 8AN.\n\nThis Hose Separator is available in the following colors: Purple, Black, Teal, Red, Green, Orange, and Gold",https://colorfittings.com/wp-content/uploads/2022/11/AN-Fitting-Black-Hose-Separator.png,black,CF-AHS-10-000-000-BL,Hose Separators,True,"Target AN Size (-6, -8, -10)"
12.99,-10AN Hose Separator,"This product is designed for and sized to be used with our Standard Nylon Braided Hose.\n\nFor use with our PTFE Hose, you must use a hose separator one size smaller than the hose (difference of -2AN).\n\nI.e. For a 10AN PTFE Hose, the best fitting hose separator will be 8AN.\n\nThis Hose Separator is available in the following colors: Purple, Black, Teal, Red, Green, Orange, and Gold",https://colorfittings.com/wp-content/uploads/2022/11/AN-Fitting-Orange-Hose-Separator.png,orange,CF-AHS-10-000-000-OR,Hose Separators,True,"Target AN Size (-6, -8, -10)"
12.99,-10AN Hose Separator,"This product is designed for and sized to be used with our Standard Nylon Braided Hose.\n\nFor use with our PTFE Hose, you must use a hose separator one size smaller than the hose (difference of -2AN).\n\nI.e. For a 10AN PTFE Hose, the best fitting hose separator will be 8AN.\n\nThis Hose Separator is available in the following colors: Purple, Black, Teal, Red, Green, Orange, and Gold",https://colorfittings.com/wp-content/uploads/2022/11/AN-Fitting-Green-Hose-Separator.png,green,CF-AHS-10-000-000-GR,Hose Separators,True,"Target AN Size (-6, -8, -10)"
14.99,"-8 AN ORB Plug to 1/4"" NPT","This Product is available in the following colors: Purple, Black, Teal, Red, Green, Orange, and Gold",https://colorfittings.com/wp-content/uploads/2022/11/AN-Fitting-gold-plug-NPT-adapter.png,Gold,CF-FPO-08-014-000-GD,"Caps, Plugs, and Blockoffs",True,"Target AN Size (-6, -8, -10)"
14.99,"-8 AN ORB Plug to 1/4"" NPT","This Product is available in the following colors: Purple, Black, Teal, Red, Green, Orange, and Gold",https://colorfittings.com/wp-content/uploads/2022/11/AN-Fitting-orange-plug-NPT-adapter.png,Orange,CF-FPO-08-014-000-OR,"Caps, Plugs, and Blockoffs",True,"Target AN Size (-6, -8, -10)"
14.99,"-8 AN ORB Plug to 1/4"" NPT","This Product is available in the following colors: Purple, Black, Teal, Red, Green, Orange, and Gold",https://colorfittings.com/wp-content/uploads/2022/11/AN-Fitting-green-plug-NPT-adapter.png,Green,CF-FPO-08-014-000-GR,"Caps, Plugs, and Blockoffs",True,"Target AN Size (-6, -8, -10)"
14.99,"-8 AN ORB Plug to 1/4"" NPT","This Product is available in the following colors: Purple, Black, Teal, Red, Green, Orange, and Gold",https://colorfittings.com/wp-content/uploads/2022/11/AN-Fitting-red-plug-NPT-adapter.png,Red,CF-FPO-08-014-000-RD,"Caps, Plugs, and Blockoffs",True,"Target AN Size (-6, -8, -10)"
14.99,"-8 AN ORB Plug to 1/4"" NPT","This Product is available in the following colors: Purple, Black, Teal, Red, Green, Orange, and Gold",https://colorfittings.com/wp-content/uploads/2022/11/AN-Fitting-teal-plug-NPT-adapter-slim.png,Teal,CF-FPO-08-014-000-TL,"Caps, Plugs, and Blockoffs",True,"Target AN Size (-6, -8, -10)"
14.99,"-8 AN ORB Plug to 1/4"" NPT","This Product is available in the following colors: Purple, Black, Teal, Red, Green, Orange, and Gold",https://colorfittings.com/wp-content/uploads/2022/11/AN-Fitting-black-plug-NPT-adapter.png,Black,CF-FPO-08-014-000-BL,"Caps, Plugs, and Blockoffs",True,"Target AN Size (-6, -8, -10)"
14.99,"-8 AN ORB Plug to 1/4"" NPT","This Product is available in the following colors: Purple, Black, Teal, Red, Green, Orange, and Gold",https://colorfittings.com/wp-content/uploads/2022/11/AN-Fitting-purple-plug-NPT-adapter.png,Purple,CF-FPO-08-014-000-PU,"Caps, Plugs, and Blockoffs",True,"Target AN Size (-6, -8, -10)"
14.99,"-8 AN ORB Plug to 1/8"" NPT","This Product is available in the following colors: Purple, Black, Teal, Red, Green, Orange, and Gold",https://colorfittings.com/wp-content/uploads/2022/11/AN-Fitting-gold-plug-NPT-adapter-slim.png,Gold,CF-FPO-08-018-000-GD,"Caps, Plugs, and Blockoffs",True,"Target AN Size (-6, -8, -10)"
14.99,"-8 AN ORB Plug to 1/8"" NPT","This Product is available in the following colors: Purple, Black, Teal, Red, Green, Orange, and Gold",https://colorfittings.com/wp-content/uploads/2022/11/AN-Fitting-orange-plug-NPT-adapter-slim.png,Orange,CF-FPO-08-018-000-OR,"Caps, Plugs, and Blockoffs",True,"Target AN Size (-6, -8, -10)"
14.99,"-8 AN ORB Plug to 1/8"" NPT","This Product is available in the following colors: Purple, Black, Teal, Red, Green, Orange, and Gold",https://colorfittings.com/wp-content/uploads/2022/11/AN-Fitting-green-plug-NPT-adapter.png,Green,CF-FPO-08-018-000-GR,"Caps, Plugs, and Blockoffs",True,"Target AN Size (-6, -8, -10)"
14.99,"-8 AN ORB Plug to 1/8"" NPT","This Product is available in the following colors: Purple, Black, Teal, Red, Green, Orange, and Gold",https://colorfittings.com/wp-content/uploads/2022/11/AN-Fitting-red-plug-NPT-adapter-slim.png,Red,CF-FPO-08-018-000-RD,"Caps, Plugs, and Blockoffs",True,"Target AN Size (-6, -8, -10)"
14.99,"-8 AN ORB Plug to 1/8"" NPT","This Product is available in the following colors: Purple, Black, Teal, Red, Green, Orange, and Gold",https://colorfittings.com/wp-content/uploads/2022/11/AN-Fitting-teal-plug-NPT-adapter-slim.png,Teal,CF-FPO-08-018-000-TL,"Caps, Plugs, and Blockoffs",True,"Target AN Size (-6, -8, -10)"
14.99,"-8 AN ORB Plug to 1/8"" NPT","This Product is available in the following colors: Purple, Black, Teal, Red, Green, Orange, and Gold",https://colorfittings.com/wp-content/uploads/2022/11/AN-Fitting-black-plug-NPT-adapter-slim.png,Black,CF-FPO-08-018-000-BL,"Caps, Plugs, and Blockoffs",True,"Target AN Size (-6, -8, -10)"
14.99,"-8 AN ORB Plug to 1/8"" NPT","This Product is available in the following colors: Purple, Black, Teal, Red, Green, Orange, and Gold",https://colorfittings.com/wp-content/uploads/2022/11/AN-Fitting-purple-plug-NPT-adapter-slim.png,Purple,CF-FPO-08-018-000-PU,"Caps, Plugs, and Blockoffs",True,"Target AN Size (-6, -8, -10)"
49.99,Oil Cooler Banjo Bolt (M22x1.5 to 10AN) w/ Safety Wire Holes,"A Metric M22x1.5 to 10AN Banjo Bolt perfect for Oil Coolers or other tight-fitting areas. Our banjo bolts are pre-drilled for safety wire to prevent accidental rotation. Includes the banjo fitting, banjo bolt, and washer pair.\n\nThis Banjo Bolt is available in the following color: Black",https://colorfittings.com/wp-content/uploads/2022/11/AN-Fitting-black-safety-metric-banjo-bolt-M22.png,Black,CF-BAN-10-M22-015-BL,Metric adapters,True,"Target AN Size (-6, -8, -10)"
24.99,Aluminum Wrench for AN Fitting Assembly,"Founded in 2008, ColorFittings is an industry leader in premium automotive, marine, and aviation plumbing products. \n\nWhether you’re a professional building a 6-second NHRA bracket car, a perfectionist designing the ultimate engine bay for a SEMA car, or an HPDE enthusiast looking to improve your oil temps, our products are designed for all flavors of motorsports. \n\nThe anodized finish provides an additional layer of protection to ColorFittings products, but using the wrong tools may damage the finish. It is critical to use the correct tools and follow the proper assembly procedure to ensure that the anodized finish is preserved. For this, we strongly advise the usage of our Plastic Vice Jaws during assembly. \n\nWant to learn more about how our products apply to your vehicle? Read our handy guide here.",https://colorfittings.com/wp-content/uploads/2022/11/AN-Fitting-black-AN-wrench-soft-assembly-tool.png,10AN (B NUT Side / Fitting Installation Side),CF-ALW-10-000-002-BL,Fitting Assembly Tools,True,Assembly Tools & Sockets
34.99,Aluminum Vice Jaw Inserts for AN Fitting Assembly,"Founded in 2008, ColorFittings is an industry leader in premium automotive, marine, and aviation plumbing products. \n\nWhether you’re a professional building a 6-second NHRA bracket car, a perfectionist designing the ultimate engine bay for a SEMA car, or an HPDE enthusiast looking to improve your oil temps, our products are designed for all flavors of motorsports. \n\nThe anodized finish provides an additional layer of protection to ColorFittings products, but using the wrong tools may damage the finish. It is critical to use the correct tools and follow the proper assembly procedure to ensure that the anodized finish is preserved. For this, we strongly advise the usage of our Plastic Vice Jaws during assembly. \n\nWant to learn more about how our products apply to your vehicle? Read our handy guide here.",https://colorfittings.com/wp-content/uploads/2022/11/AN-Fitting-black-aluminum-soft-assembly-jaws-tool.png,black,CF-VJW-00-000-002-BL,Fitting Assembly Tools,True,Assembly Tools & Sockets
16.99,"3/8"" PTC Air Fitting to 6 AN Adapter",,https://colorfittings.com/wp-content/uploads/2022/10/AN-Fitting-PTC-to-AN-Air-bag-adapter-1.png,Black,CF-PTC-06-038-000-BL,Specialty Fitting &amp; PCV Delete,True,"Target AN Size (-6, -8, -10)"
19.99,-10 AN Fitting Male Flare Tee,This AN Fitting is available in the following color: Black,https://colorfittings.com/wp-content/uploads/2022/10/AN-Fitting-tee-adapter-male-to-male-1.png,Black,CF-TBU-10-010-010-BL,Adapters and Unions,True,"Target AN Size (-6, -8, -10)"
16.99,-08 AN Fitting Male Flare Tee,This AN Fitting is available in the following color: Black,https://colorfittings.com/wp-content/uploads/2022/10/AN-Fitting-tee-adapter-male-to-male-1.png,Black,CF-TBU-08-008-008-BL,Adapters and Unions,True,"Target AN Size (-6, -8, -10)"
14.99,-06 AN Fitting Male Flare Tee,This AN Fitting is available in the following color: Black,https://colorfittings.com/wp-content/uploads/2022/10/AN-Fitting-tee-adapter-male-to-male-1.png,Black,CF-TBU-06-006-006-BL,Adapters and Unions,True,"Target AN Size (-6, -8, -10)"
19.99,-10 AN Fitting Male Flare Tee w/Female Side,This AN Fitting is available in the following color: Black,https://colorfittings.com/wp-content/uploads/2022/10/AN-Fitting-tee-adapter-female-to-female-1.png,Black,CF-TBU-10-F10-010-BL,Adapters and Unions,True,"Target AN Size (-6, -8, -10)"
16.99,-08 AN Fitting Male Flare Tee w/Female Side,This AN Fitting is available in the following color: Black,https://colorfittings.com/wp-content/uploads/2022/10/AN-Fitting-tee-adapter-female-to-female-1.png,Black,CF-TBU-08-F08-008-BL,Adapters and Unions,True,"Target AN Size (-6, -8, -10)"
14.99,-06 AN Fitting Male Flare Tee w/Female Side,This AN Fitting is available in the following color: Black,https://colorfittings.com/wp-content/uploads/2022/10/AN-Fitting-tee-adapter-female-to-female-1.png,Black,CF-TBU-06-F06-006-BL,Adapters and Unions,True,"Target AN Size (-6, -8, -10)"
3.49,-8 AN Fitting Bulkhead Nut,"ColorFittings AN Bulkhead Lock Nuts are precision CNC-machined to securely fasten AN bulkhead fittings through firewalls, chassis panels, fuel cells, and custom fabrication projects. Designed to provide a tight, vibration-resistant hold, these bulkhead nuts ensure proper alignment and a secure mounting surface for leak-free AN plumbing systems.\n\nManufactured from aerospace-grade 6061-T6 billet aluminum and finished with ColorFittings’ proprietary anodizing process, these AN bulkhead nuts deliver superior strength, corrosion resistance, and long-term durability in high-heat, high-vibration racing and street performance environments.\n\nEngineered for use with ColorFittings AN Union Bulkhead Fittings, these lock nuts provide the secure clamping force needed for fuel, oil, coolant, brake, transmission, and power steering applications. Ideal for motorsport builds, off-road vehicles, marine systems, and custom engine bay fabrication.\n\nComplete your install with our matching AN Bulkheads, AN Fittings, and AN Assembly Tools for a clean, professional-grade plumbing solution built to perform.",https://colorfittings.com/wp-content/uploads/2026/02/Bulkhead-Nut-Black.png,Black,CF-BHF-08-N00-000-BL,Brake Fittings,True,"Target AN Size (-6, -8, -10)"
8.99,-6 AN Fitting Bulkhead Straight,"ColorFittings AN Union Bulkhead Fittings are precision CNC-machined adapters designed to pass AN lines securely through firewalls, panels, fuel cells, and chassis components. Engineered for high-performance fuel, oil, coolant, transmission, brake, and power steering systems, these AN bulkhead unions provide a secure, leak-free 37-degree flare seal on both sides of the panel.\nManufactured from aerospace-grade 6061-T6 billet aluminum and finished with ColorFittings’ proprietary anodizing process, these bulkhead fittings offer superior strength, corrosion resistance, and durability in high-pressure and high-temperature environments. Compatible with E85, ethanol-based fuels, race fuel, pump gas, oil, coolant, hydraulic fluid, and air systems, they are ideal for street performance, drag racing, road racing, off-road, and marine applications.\nThe threaded bulkhead design with included locking nut ensures a tight, secure mount through sheet metal, carbon fiber, aluminum panels, or firewalls while maintaining proper AN flare alignment for consistent sealing performance.\nComplete your install with our matching AN Bulkhead Nuts, AN Fittings, and AN Assembly Tools for a clean, professional-grade plumbing solution built to perform.",https://colorfittings.com/wp-content/uploads/2026/02/Bulkhead-Fitting-Straight-Black.png,Black,CF-BHF-06-000-000-BL,Brake Fittings,True,"Target AN Size (-6, -8, -10)"
2.99,-6 AN Fitting Bulkhead Nut,"ColorFittings AN Bulkhead Lock Nuts are precision CNC-machined to securely fasten AN bulkhead fittings through firewalls, chassis panels, fuel cells, and custom fabrication projects. Designed to provide a tight, vibration-resistant hold, these bulkhead nuts ensure proper alignment and a secure mounting surface for leak-free AN plumbing systems.\nManufactured from aerospace-grade 6061-T6 billet aluminum and finished with ColorFittings’ proprietary anodizing process, these AN bulkhead nuts deliver superior strength, corrosion resistance, and long-term durability in high-heat, high-vibration racing and street performance environments.\nEngineered for use with ColorFittings AN Union Bulkhead Fittings, these lock nuts provide the secure clamping force needed for fuel, oil, coolant, brake, transmission, and power steering applications. Ideal for motorsport builds, off-road vehicles, marine systems, and custom engine bay fabrication.\nComplete your install with our matching AN Bulkheads, AN Fittings, and AN Assembly Tools for a clean, professional-grade plumbing solution built to perform.",https://colorfittings.com/wp-content/uploads/2026/02/Bulkhead-Nut-Black.png,Black,CF-BHF-06-N00-000-BL,Brake Fittings,True,"Target AN Size (-6, -8, -10)"
10.99,-8 AN Fitting Bulkhead Straight,"ColorFittings AN Union Bulkhead Fittings are precision CNC-machined adapters designed to pass AN lines securely through firewalls, panels, fuel cells, and chassis components. Engineered for high-performance fuel, oil, coolant, transmission, brake, and power steering systems, these AN bulkhead unions provide a secure, leak-free 37-degree flare seal on both sides of the panel.\n\nManufactured from aerospace-grade 6061-T6 billet aluminum and finished with ColorFittings’ proprietary anodizing process, these bulkhead fittings offer superior strength, corrosion resistance, and durability in high-pressure and high-temperature environments. Compatible with E85, ethanol-based fuels, race fuel, pump gas, oil, coolant, hydraulic fluid, and air systems, they are ideal for street performance, drag racing, road racing, off-road, and marine applications.\n\nThe threaded bulkhead design with included locking nut ensures a tight, secure mount through sheet metal, carbon fiber, aluminum panels, or firewalls while maintaining proper AN flare alignment for consistent sealing performance.\n\nComplete your install with our matching AN Bulkhead Nuts, AN Fittings, and AN Assembly Tools for a clean, professional-grade plumbing solution built to perform.",https://colorfittings.com/wp-content/uploads/2026/02/Bulkhead-Fitting-Straight-Black.png,Black,CF-BHF-08-000-000-BL,Brake Fittings,True,"Target AN Size (-6, -8, -10)"
19.99,"Pressure Gauge Adapter, 10AN Male to 10AN Male w/ 1/8"" port",This Adapter is available in the following color: Purple,https://colorfittings.com/wp-content/uploads/2022/10/AN-Fitting-male-flare-to-flare-with-port-adapter-2.png,Purple,CF-PGA-10-M10-018-PU,Adapters and Unions,True,"Target AN Size (-6, -8, -10)"
39.99,-10 AN Fitting Y Block to -08 AN Reducer,This AN Fitting is available in the following color: Black,https://colorfittings.com/wp-content/uploads/2022/10/AN-Fitting-Y-adapter-reducer-1.png,Black,CF-YBU-10-008-008-BL,Adapters and Unions,True,"Target AN Size (-6, -8, -10)"
34.99,-08 AN Fitting Y Block to -06 AN Reducer,This AN Fitting is available in the following color: Black,https://colorfittings.com/wp-content/uploads/2022/10/AN-Fitting-Y-adapter-reducer-1.png,Black,CF-YBU-08-006-006-BL,Adapters and Unions,True,"Target AN Size (-6, -8, -10)"
10.99,-10 AN to -10 AN Fitting Male to Male Flare Union,"ColorFittings AN Male to Male Flare Unions are precision CNC-machined to connect two female AN fittings while maintaining a secure, leak-free 37-degree flare seal. Designed for fuel, oil, coolant, transmission, brake, and power steering systems, these unions provide a reliable straight-through connection for custom plumbing and high-performance fluid transfer applications.\nManufactured from aerospace-grade 6061-T6 billet aluminum and finished with ColorFittings' proprietary polishing and anodizing process, these fittings deliver exceptional strength, corrosion resistance, and long-term durability. Compatible with E85, ethanol-based fuels, race fuel, pump gas, diesel, oil, coolant, transmission fluid, hydraulic fluid, and air systems, they are built to perform in demanding street, racing, off-road, marine, and motorsport environments.\nLooking to complete your system? Explore our full range of AN fittings, adapters, braided hose, and fitting assembly tools.",https://colorfittings.com/wp-content/uploads/2022/10/AN-flare-fitting-union-adapter-purple.png,Purple,CF-F2F-10-010-000-PU,Adapters and Unions,True,"Target AN Size (-6, -8, -10)"
10.99,-10 AN to -10 AN Fitting Male to Male Flare Union,"ColorFittings AN Male to Male Flare Unions are precision CNC-machined to connect two female AN fittings while maintaining a secure, leak-free 37-degree flare seal. Designed for fuel, oil, coolant, transmission, brake, and power steering systems, these unions provide a reliable straight-through connection for custom plumbing and high-performance fluid transfer applications.\nManufactured from aerospace-grade 6061-T6 billet aluminum and finished with ColorFittings' proprietary polishing and anodizing process, these fittings deliver exceptional strength, corrosion resistance, and long-term durability. Compatible with E85, ethanol-based fuels, race fuel, pump gas, diesel, oil, coolant, transmission fluid, hydraulic fluid, and air systems, they are built to perform in demanding street, racing, off-road, marine, and motorsport environments.\nLooking to complete your system? Explore our full range of AN fittings, adapters, braided hose, and fitting assembly tools.",https://colorfittings.com/wp-content/uploads/2022/10/AN-flare-fitting-union-adapter-black.png,Black,CF-F2F-10-010-000-BL,Adapters and Unions,True,"Target AN Size (-6, -8, -10)"
19.99,-10 AN Fitting 90 Degree Female to Female Flare Union,This AN Fitting is available in the following color: Black,https://colorfittings.com/wp-content/uploads/2022/10/AN-Fitting-elbow-female-to-female.png,Black,CF-FFS-10-090-000-BL,Adapters and Unions,True,"Target AN Size (-6, -8, -10)"
16.99,-08 AN Fitting 90 Degree Female to Female Flare Union,This AN Fitting is available in the following color: Black,https://colorfittings.com/wp-content/uploads/2022/10/AN-Fitting-elbow-female-to-female.png,Black,CF-FFS-08-090-000-BL,Adapters and Unions,True,"Target AN Size (-6, -8, -10)"
14.99,-06 AN Fitting 90 Degree Female to Female Flare Union,This AN Fitting is available in the following color: Black,https://colorfittings.com/wp-content/uploads/2022/10/AN-Fitting-elbow-female-to-female.png,Black,CF-FFS-06-090-000-BL,Adapters and Unions,True,"Target AN Size (-6, -8, -10)"
14.99,-10 AN Fitting 90 Degree Male to Male Flare Union,"ColorFittings 90 Degree Male to Male Union Adapters are precision CNC-machined to provide a compact 90-degree connection between female AN fittings, improving hose routing and clearance in tight engine bays. Designed with true 37-degree AN flare seats on both ends, these adapters deliver a secure, leak-free seal for fuel, oil, coolant, transmission, brake, and power steering systems.\nManufactured from aerospace-grade 6061-T6 billet aluminum and finished with ColorFittings' proprietary polishing and anodizing process, these adapters offer exceptional strength, corrosion resistance, and long-term durability. Built for high-pressure and high-temperature environments, they are compatible with E85, ethanol-based fuels, race fuel, pump gas, diesel, oil, coolant, transmission fluid, hydraulic fluid, and air systems.\nIdeal for street performance, racing, off-road, marine, and custom fabrication projects, these 90-degree male unions make it easy to reroute fluid lines while maintaining maximum flow and reliable sealing.\nLooking to complete your system? Explore our full range of AN fittings, adapters, braided hose, and fitting assembly tools.",https://colorfittings.com/wp-content/uploads/2022/10/AN-Fitting-elbow-male-to-male-1.png,Black,CF-MME-10-090-000-BL,Adapters and Unions,True,"Target AN Size (-6, -8, -10)"
9.99,-8 AN Fitting 90 Degree Male to Male Flare Union,"ColorFittings 90 Degree Male to Male Union Adapters are precision CNC-machined to provide a compact 90-degree connection between female AN fittings, improving hose routing and clearance in tight engine bays. Designed with true 37-degree AN flare seats on both ends, these adapters deliver a secure, leak-free seal for fuel, oil, coolant, transmission, brake, and power steering systems.\nManufactured from aerospace-grade 6061-T6 billet aluminum and finished with ColorFittings' proprietary polishing and anodizing process, these adapters offer exceptional strength, corrosion resistance, and long-term durability. Built for high-pressure and high-temperature environments, they are compatible with E85, ethanol-based fuels, race fuel, pump gas, diesel, oil, coolant, transmission fluid, hydraulic fluid, and air systems.\nIdeal for street performance, racing, off-road, marine, and custom fabrication projects, these 90-degree male unions make it easy to reroute fluid lines while maintaining maximum flow and reliable sealing.\nLooking to complete your system? Explore our full range of AN fittings, adapters, braided hose, and fitting assembly tools.",https://colorfittings.com/wp-content/uploads/2022/10/AN-Fitting-elbow-male-to-male-1.png,Black,CF-MME-08-090-000-BL,Adapters and Unions,True,"Target AN Size (-6, -8, -10)"
8.99,-6 AN Fitting 90 Degree Male to Male Flare Union,"ColorFittings 90 Degree Male to Male Union Adapters are precision CNC-machined to provide a compact 90-degree connection between female AN fittings, improving hose routing and clearance in tight engine bays. Designed with true 37-degree AN flare seats on both ends, these adapters deliver a secure, leak-free seal for fuel, oil, coolant, transmission, brake, and power steering systems.\nManufactured from aerospace-grade 6061-T6 billet aluminum and finished with ColorFittings' proprietary polishing and anodizing process, these adapters offer exceptional strength, corrosion resistance, and long-term durability. Built for high-pressure and high-temperature environments, they are compatible with E85, ethanol-based fuels, race fuel, pump gas, diesel, oil, coolant, transmission fluid, hydraulic fluid, and air systems.\nIdeal for street performance, racing, off-road, marine, and custom fabrication projects, these 90-degree male unions make it easy to reroute fluid lines while maintaining maximum flow and reliable sealing.\nLooking to complete your system? Explore our full range of AN fittings, adapters, braided hose, and fitting assembly tools.",https://colorfittings.com/wp-content/uploads/2022/10/AN-Fitting-elbow-male-to-male-1.png,Black,CF-MME-06-090-000-BL,Adapters and Unions,True,"Target AN Size (-6, -8, -10)"
7.6,6AN PTFE Braided Black Nylon Hose / Line (E85 + Race Fuel Safe) - BY THE FOOT,"ColorFittings Black Nylon PTFE Hose is engineered for high-pressure, high-temperature fluid transfer in fuel, oil, coolant, brake, and power steering systems. Featuring a smooth-bore PTFE inner liner with a tightly woven black nylon braid, this hose delivers zero permeation, excellent chemical resistance, and consistent flow under extreme conditions.\nDesigned for racing, street performance, and marine applications, this PTFE hose is compatible with E85, ethanol-based fuels, race fuels, and aggressive fluids that degrade traditional rubber hose. The black nylon braid provides superior abrasion resistance and structural integrity while maintaining flexibility for clean, precise routing.\nThis hose is designed to be used as part of the ColorFittings system. For a proper seal and reliable performance, pair it with our PTFE Hose Ends, precision-machined to match the PTFE liner and nylon braid. Use Hose Separators to organize multi-line installations and prevent abrasion, and complete assembly with our Hose Assembly Tools to ensure correct alignment, prevent damage, and achieve professional results.",https://colorfittings.com/wp-content/uploads/2024/02/AN-Fitting-PTFE-Nylon-Braided-Hose-Black-lowrez.jpg,Black,CF-BPH-06-000-001-BL,Hose &amp; Line,True,"Target AN Size (-6, -8, -10)"
3.99,-10 AN Fitting Bulkhead Nut,"ColorFittings AN Bulkhead Lock Nuts are precision CNC-machined to securely fasten AN bulkhead fittings through firewalls, chassis panels, fuel cells, and custom fabrication projects. Designed to provide a tight, vibration-resistant hold, these bulkhead nuts ensure proper alignment and a secure mounting surface for leak-free AN plumbing systems.\n\nManufactured from aerospace-grade 6061-T6 billet aluminum and finished with ColorFittings’ proprietary anodizing process, these AN bulkhead nuts deliver superior strength, corrosion resistance, and long-term durability in high-heat, high-vibration racing and street performance environments.\n\nEngineered for use with ColorFittings AN Union Bulkhead Fittings, these lock nuts provide the secure clamping force needed for fuel, oil, coolant, brake, transmission, and power steering applications. Ideal for motorsport builds, off-road vehicles, marine systems, and custom engine bay fabrication.\n\nComplete your install with our matching AN Bulkheads, AN Fittings, and AN Assembly Tools for a clean, professional-grade plumbing solution built to perform.",https://colorfittings.com/wp-content/uploads/2026/02/Bulkhead-Nut-Black.png,Black,CF-BHF-10-N00-000-BL,Brake Fittings,True,"Target AN Size (-6, -8, -10)"
12.99,-10 AN Fitting Bulkhead Straight,"ColorFittings AN Union Bulkhead Fittings are precision CNC-machined adapters designed to pass AN lines securely through firewalls, panels, fuel cells, and chassis components. Engineered for high-performance fuel, oil, coolant, transmission, brake, and power steering systems, these AN bulkhead unions provide a secure, leak-free 37-degree flare seal on both sides of the panel.\n\nManufactured from aerospace-grade 6061-T6 billet aluminum and finished with ColorFittings’ proprietary anodizing process, these bulkhead fittings offer superior strength, corrosion resistance, and durability in high-pressure and high-temperature environments. Compatible with E85, ethanol-based fuels, race fuel, pump gas, oil, coolant, hydraulic fluid, and air systems, they are ideal for street performance, drag racing, road racing, off-road, and marine applications.\n\nThe threaded bulkhead design with included locking nut ensures a tight, secure mount through sheet metal, carbon fiber, aluminum panels, or firewalls while maintaining proper AN flare alignment for consistent sealing performance.\n\nComplete your install with our matching AN Bulkhead Nuts, AN Fittings, and AN Assembly Tools for a clean, professional-grade plumbing solution built to perform.",https://colorfittings.com/wp-content/uploads/2026/02/Bulkhead-Fitting-Straight-Black.png,Black,CF-BHF-10-000-000-BL,Brake Fittings,True,"Target AN Size (-6, -8, -10)"
12.99,"-06 AN Fitting Male to 5/16"" Tube Compression Fitting","Designed for use with our 5/16"" Hardline.\n\nThis Adapter is available in the following colors: Purple, Black",https://colorfittings.com/wp-content/uploads/2022/09/colorfittings-male-to-tube-compression-fitting_black.png,Black,CF-MHL-06-516-000-BL,Hardline Adapters,True,"Target AN Size (-6, -8, -10)"
12.99,"-06 AN Fitting Male to 5/16"" Tube Compression Fitting","Designed for use with our 5/16"" Hardline.\n\nThis Adapter is available in the following colors: Purple, Black",https://colorfittings.com/wp-content/uploads/2022/09/colorfittings-male-to-tube-compression-fitting_purple.png,Purple,CF-MHL-06-516-000-PU,Hardline Adapters,True,"Target AN Size (-6, -8, -10)"
23.69,-6 AN 180 Degree Female Aluminum Hose End (PTFE),"ColorFittings 180 Degree PTFE Female Aluminum Hose Ends are precision-engineered for high-pressure fuel, oil, coolant, brake, clutch, power steering, and E85 applications. Designed specifically for PTFE (Teflon-lined) braided hose, these PTFE fittings provide a secure, leak-free 37-degree flare seal for demanding street performance, racing, marine, and motorsport plumbing systems.\n\nEach PTFE female hose end is CNC machined from aerospace-grade 6061-T6 billet aluminum and finished with ColorFittings’ proprietary polishing and anodizing process for superior corrosion resistance, strength, and long-term durability. Built to handle high temperature and high-pressure environments, these fittings are fully compatible with E85, ethanol, race fuel, pump gas, brake fluid, transmission fluid, oil, coolant, and hydraulic systems.\n\nLooking to complete your system? Explore our full range of PTFE Hose, Hose Separators, and Fitting Assembly Tools.",https://colorfittings.com/wp-content/uploads/2026/02/gold-ptfe-180-degree-swivel-hose-end.png,Gold,CF-FPE-06-180-000-GD,PTFE Hose Fittings,True,"Target AN Size (-6, -8, -10)"
9.99,-8 AN ORB Plug w/ O-Ring,"ColorFittings AN ORB Plugs are precision CNC-machined to securely seal unused O-Ring Boss (ORB) ports in fuel, oil, coolant, transmission, hydraulic, and power steering systems. Designed with straight-thread ORB connections and an integrated O-ring sealing surface, these plugs provide a reliable, leak-free solution for closing unused ports in high-performance fluid systems.\nManufactured from aerospace-grade 6061-T6 billet aluminum and finished with ColorFittings' proprietary polishing and anodizing process, these ORB plugs deliver exceptional strength, corrosion resistance, and long-term durability. The O-ring sealing design provides consistent performance in high-pressure and high-temperature environments without relying on thread sealant.\nCompatible with E85, ethanol-based fuels, race fuel, pump gas, oil, coolant, transmission fluid, hydraulic fluid, and air systems, ColorFittings ORB Plugs are ideal for street performance, racing, off-road, marine, and custom fabrication applications.\nFinish your system with our AN fittings, adapters, braided hose, and fitting assembly tools.",https://colorfittings.com/wp-content/uploads/2022/03/10AN-ORB-Plug-Black-Main.png,Black,CF-FPO-08-000-000-BL,"Caps, Plugs, and Blockoffs",True,"Target AN Size (-6, -8, -10)"
9.99,-8 AN ORB Plug w/ O-Ring,"ColorFittings AN ORB Plugs are precision CNC-machined to securely seal unused O-Ring Boss (ORB) ports in fuel, oil, coolant, transmission, hydraulic, and power steering systems. Designed with straight-thread ORB connections and an integrated O-ring sealing surface, these plugs provide a reliable, leak-free solution for closing unused ports in high-performance fluid systems.\nManufactured from aerospace-grade 6061-T6 billet aluminum and finished with ColorFittings' proprietary polishing and anodizing process, these ORB plugs deliver exceptional strength, corrosion resistance, and long-term durability. The O-ring sealing design provides consistent performance in high-pressure and high-temperature environments without relying on thread sealant.\nCompatible with E85, ethanol-based fuels, race fuel, pump gas, oil, coolant, transmission fluid, hydraulic fluid, and air systems, ColorFittings ORB Plugs are ideal for street performance, racing, off-road, marine, and custom fabrication applications.\nFinish your system with our AN fittings, adapters, braided hose, and fitting assembly tools.",https://colorfittings.com/wp-content/uploads/2022/03/10AN-ORB-Plug-Teal-Main.png,Teal,CF-FPO-08-000-000-TL,"Caps, Plugs, and Blockoffs",True,"Target AN Size (-6, -8, -10)"
9.99,-8 AN ORB Plug w/ O-Ring,"ColorFittings AN ORB Plugs are precision CNC-machined to securely seal unused O-Ring Boss (ORB) ports in fuel, oil, coolant, transmission, hydraulic, and power steering systems. Designed with straight-thread ORB connections and an integrated O-ring sealing surface, these plugs provide a reliable, leak-free solution for closing unused ports in high-performance fluid systems.\nManufactured from aerospace-grade 6061-T6 billet aluminum and finished with ColorFittings' proprietary polishing and anodizing process, these ORB plugs deliver exceptional strength, corrosion resistance, and long-term durability. The O-ring sealing design provides consistent performance in high-pressure and high-temperature environments without relying on thread sealant.\nCompatible with E85, ethanol-based fuels, race fuel, pump gas, oil, coolant, transmission fluid, hydraulic fluid, and air systems, ColorFittings ORB Plugs are ideal for street performance, racing, off-road, marine, and custom fabrication applications.\nFinish your system with our AN fittings, adapters, braided hose, and fitting assembly tools.",https://colorfittings.com/wp-content/uploads/2022/03/10AN-ORB-Plug-Red-Main.png,Red,CF-FPO-08-000-000-RD,"Caps, Plugs, and Blockoffs",True,"Target AN Size (-6, -8, -10)"
9.99,-8 AN ORB Plug w/ O-Ring,"ColorFittings AN ORB Plugs are precision CNC-machined to securely seal unused O-Ring Boss (ORB) ports in fuel, oil, coolant, transmission, hydraulic, and power steering systems. Designed with straight-thread ORB connections and an integrated O-ring sealing surface, these plugs provide a reliable, leak-free solution for closing unused ports in high-performance fluid systems.\nManufactured from aerospace-grade 6061-T6 billet aluminum and finished with ColorFittings' proprietary polishing and anodizing process, these ORB plugs deliver exceptional strength, corrosion resistance, and long-term durability. The O-ring sealing design provides consistent performance in high-pressure and high-temperature environments without relying on thread sealant.\nCompatible with E85, ethanol-based fuels, race fuel, pump gas, oil, coolant, transmission fluid, hydraulic fluid, and air systems, ColorFittings ORB Plugs are ideal for street performance, racing, off-road, marine, and custom fabrication applications.\nFinish your system with our AN fittings, adapters, braided hose, and fitting assembly tools.",https://colorfittings.com/wp-content/uploads/2019/10/cf-dash-plug-fitting-purple-1-1.png,Green,CF-FPO-08-000-000-GR,"Caps, Plugs, and Blockoffs",True,"Target AN Size (-6, -8, -10)"
9.99,-8 AN ORB Plug w/ O-Ring,"ColorFittings AN ORB Plugs are precision CNC-machined to securely seal unused O-Ring Boss (ORB) ports in fuel, oil, coolant, transmission, hydraulic, and power steering systems. Designed with straight-thread ORB connections and an integrated O-ring sealing surface, these plugs provide a reliable, leak-free solution for closing unused ports in high-performance fluid systems.\nManufactured from aerospace-grade 6061-T6 billet aluminum and finished with ColorFittings' proprietary polishing and anodizing process, these ORB plugs deliver exceptional strength, corrosion resistance, and long-term durability. The O-ring sealing design provides consistent performance in high-pressure and high-temperature environments without relying on thread sealant.\nCompatible with E85, ethanol-based fuels, race fuel, pump gas, oil, coolant, transmission fluid, hydraulic fluid, and air systems, ColorFittings ORB Plugs are ideal for street performance, racing, off-road, marine, and custom fabrication applications.\nFinish your system with our AN fittings, adapters, braided hose, and fitting assembly tools.",https://colorfittings.com/wp-content/uploads/2022/03/10AN-ORB-Plug-Orange-Main.png,Orange,CF-FPO-08-000-000-OR,"Caps, Plugs, and Blockoffs",True,"Target AN Size (-6, -8, -10)"
9.99,-8 AN ORB Plug w/ O-Ring,"ColorFittings AN ORB Plugs are precision CNC-machined to securely seal unused O-Ring Boss (ORB) ports in fuel, oil, coolant, transmission, hydraulic, and power steering systems. Designed with straight-thread ORB connections and an integrated O-ring sealing surface, these plugs provide a reliable, leak-free solution for closing unused ports in high-performance fluid systems.\nManufactured from aerospace-grade 6061-T6 billet aluminum and finished with ColorFittings' proprietary polishing and anodizing process, these ORB plugs deliver exceptional strength, corrosion resistance, and long-term durability. The O-ring sealing design provides consistent performance in high-pressure and high-temperature environments without relying on thread sealant.\nCompatible with E85, ethanol-based fuels, race fuel, pump gas, oil, coolant, transmission fluid, hydraulic fluid, and air systems, ColorFittings ORB Plugs are ideal for street performance, racing, off-road, marine, and custom fabrication applications.\nFinish your system with our AN fittings, adapters, braided hose, and fitting assembly tools.",https://colorfittings.com/wp-content/uploads/2022/03/10AN-ORB-Plug-Gold-Main.png,Gold,CF-FPO-08-000-000-GD,"Caps, Plugs, and Blockoffs",True,"Target AN Size (-6, -8, -10)"
39.99,-10 AN Fitting Y Block Union,This AN Fitting is available in the following colors: Purple and Black,https://colorfittings.com/wp-content/uploads/2018/06/cf-an-y-block-union-fitting-black-2.png,Black,CF-YBU-10-010-010-BL,Adapters and Unions,True,"Target AN Size (-6, -8, -10)"
34.99,-08 AN Fitting Y Block Union,This AN Fitting is available in the following colors: Purple and Black,https://colorfittings.com/wp-content/uploads/2018/06/cf-an-y-block-union-fitting-black-2.png,Black,CF-YBU-08-008-008-BL,Adapters and Unions,True,"Target AN Size (-6, -8, -10)"
18.96,-8 AN Straight Female Aluminum Hose End (PTFE),"ColorFittings Straight PTFE Female Aluminum Hose Ends are precision-engineered for high-pressure fuel, oil, coolant, brake, clutch, power steering, and E85 applications. Designed specifically for PTFE (Teflon-lined) braided hose, these PTFE fittings provide a secure, leak-free 37-degree flare seal for demanding street performance, racing, marine, and motorsport plumbing systems.\n\nEach PTFE female hose end is CNC machined from aerospace-grade 6061-T6 billet aluminum and finished with ColorFittings’ proprietary polishing and anodizing process for superior corrosion resistance, strength, and long-term durability. Built to handle high temperature and high-pressure environments, these fittings are fully compatible with E85, ethanol, race fuel, pump gas, brake fluid, transmission fluid, oil, coolant, and hydraulic systems.\n\nLooking to complete your system? Explore our full range of PTFE Hose, Hose Separators, and Fitting Assembly Tools.",https://colorfittings.com/wp-content/uploads/2026/02/gold-ptfe-0-degree-swivel-hose-end.png,Gold,CF-FPE-08-000-000-GD,PTFE Hose Fittings,True,"Target AN Size (-6, -8, -10)"
28.59,-8 AN 180 Degree Female Aluminum Hose End Fitting,"ColorFittings Standard AN Hose Ends are precision-engineered for high-pressure fuel, oil, coolant, brake, clutch, and power steering applications. Designed for use with nylon or stainless steel braided hose, these AN fittings provide a secure, leak-free 37-degree flare seal for street performance, racing, marine, and motorsport plumbing systems.\n\nEach hose end is CNC-machined from aerospace-grade 6061-T6 billet aluminum and finished with ColorFittings' proprietary polishing and anodizing process for superior strength, corrosion resistance, and long-term durability. Compatible with E85, ethanol, race fuel, pump gas, oil, coolant, brake fluid, transmission fluid, and hydraulic systems, these fittings are built to handle high-pressure, high-temperature environments.\n\nLooking to complete your setup? Check out our full range of Standard Hose, Hose Separators, and AN Fitting Assembly Tools.",https://colorfittings.com/wp-content/uploads/2026/04/Gold-180-Degree-Female-Hose-End.png,Gold,CF-FHE-08-180-000-GD,Hose Fittings,True,"Target AN Size (-6, -8, -10)"
143.0,16AN Braided Black Nylon Hose / Line (E85 + Race Fuel Safe) - 10ft roll,"Founded in 2008, ColorFittings is an industry leader in premium automotive, marine, and aviation plumbing products. \n\nWhether you’re a professional building a 6-second NHRA bracket car, a perfectionist designing the ultimate engine bay for a SEMA car, or an HPDE enthusiast looking to improve your oil temps, our products are designed for all flavors of motorsports.\n\nColorFittings Nylon and Stainless-steel Braided AN Hose is universally compatible. Common uses include motor oil, gas, E85, race-fuel, and coolant. For more detail about ColorFittings AN Hose, refer here.\n\nThe 16AN diameter Nylon &amp; Stainless-steel braided AN Hose operates at a 350PSI threshold, and boasts a 1400PSI burst threshold.\n\nFor a hassle-free installation process, we strongly recommend using our Fitting Assembly Tools. \n\nOur Nylon &amp; Stainless-steel braided AN Hose pairs excellently with our lightweight Hose Separators, which are available in unique gloss-finish colors. \n\nWant to learn more about how our products apply to your vehicle? Read our handy guide here.",https://colorfittings.com/wp-content/uploads/2019/10/AN-Fitting-Nylon-Braided-Hose-Black-lowrez.jpg,Black,CF-BNH-16-000-010-BL,Hose &amp; Line,True,"Target AN Size (-6, -8, -10)"
3.0,-6 AN Fitting – 5/16″ &amp; 3/8″ Tube Nut,"ColorFittings Tube Nuts are precision CNC-machined to convert 37-degree flared hard lines into AN connections for fuel, brake, clutch, oil, coolant, and hydraulic systems. Designed for professional hard line plumbing, these tube nuts provide a secure, leak-free AN connection with consistent sealing performance in high-pressure applications.\nManufactured from aerospace-grade 6061-T6 billet aluminum and finished with ColorFittings' proprietary polishing and anodizing process, these tube nuts deliver exceptional strength, corrosion resistance, and long-term durability. Compatible with aluminum, steel, and stainless steel hard lines, they are ideal for street performance, racing, off-road, marine, and custom fabrication projects.\nFor a complete hard line solution, pair these Tube Nuts with our matching Tube Sleeves to convert flared hard lines into durable AN connections.\nFinish your system with our AN fittings, adapters, braided hose, and fitting assembly tools.",https://colorfittings.com/wp-content/uploads/2018/06/colorfittings-tube-nut_black_large.png,Black,CF-HTN-06-516-038-BL,Brake Fittings,True,"Target AN Size (-6, -8, -10)"
3.0,-6 AN Fitting – 5/16″ &amp; 3/8″ Tube Nut,"ColorFittings Tube Nuts are precision CNC-machined to convert 37-degree flared hard lines into AN connections for fuel, brake, clutch, oil, coolant, and hydraulic systems. Designed for professional hard line plumbing, these tube nuts provide a secure, leak-free AN connection with consistent sealing performance in high-pressure applications.\nManufactured from aerospace-grade 6061-T6 billet aluminum and finished with ColorFittings' proprietary polishing and anodizing process, these tube nuts deliver exceptional strength, corrosion resistance, and long-term durability. Compatible with aluminum, steel, and stainless steel hard lines, they are ideal for street performance, racing, off-road, marine, and custom fabrication projects.\nFor a complete hard line solution, pair these Tube Nuts with our matching Tube Sleeves to convert flared hard lines into durable AN connections.\nFinish your system with our AN fittings, adapters, braided hose, and fitting assembly tools.",https://colorfittings.com/wp-content/uploads/2019/03/colorfittings-tube-nut_teal_large.png,Teal,CF-HTN-06-516-038-TL,Brake Fittings,True,"Target AN Size (-6, -8, -10)"
3.0,-6 AN Fitting – 5/16″ &amp; 3/8″ Tube Nut,"ColorFittings Tube Nuts are precision CNC-machined to convert 37-degree flared hard lines into AN connections for fuel, brake, clutch, oil, coolant, and hydraulic systems. Designed for professional hard line plumbing, these tube nuts provide a secure, leak-free AN connection with consistent sealing performance in high-pressure applications.\nManufactured from aerospace-grade 6061-T6 billet aluminum and finished with ColorFittings' proprietary polishing and anodizing process, these tube nuts deliver exceptional strength, corrosion resistance, and long-term durability. Compatible with aluminum, steel, and stainless steel hard lines, they are ideal for street performance, racing, off-road, marine, and custom fabrication projects.\nFor a complete hard line solution, pair these Tube Nuts with our matching Tube Sleeves to convert flared hard lines into durable AN connections.\nFinish your system with our AN fittings, adapters, braided hose, and fitting assembly tools.",https://colorfittings.com/wp-content/uploads/2021/09/colorfittings-tube-nut_gold_large.png,Gold,CF-HTN-06-516-038-GD,Brake Fittings,True,"Target AN Size (-6, -8, -10)"
3.0,-6 AN Fitting – 5/16″ &amp; 3/8″ Tube Nut,"ColorFittings Tube Nuts are precision CNC-machined to convert 37-degree flared hard lines into AN connections for fuel, brake, clutch, oil, coolant, and hydraulic systems. Designed for professional hard line plumbing, these tube nuts provide a secure, leak-free AN connection with consistent sealing performance in high-pressure applications.\nManufactured from aerospace-grade 6061-T6 billet aluminum and finished with ColorFittings' proprietary polishing and anodizing process, these tube nuts deliver exceptional strength, corrosion resistance, and long-term durability. Compatible with aluminum, steel, and stainless steel hard lines, they are ideal for street performance, racing, off-road, marine, and custom fabrication projects.\nFor a complete hard line solution, pair these Tube Nuts with our matching Tube Sleeves to convert flared hard lines into durable AN connections.\nFinish your system with our AN fittings, adapters, braided hose, and fitting assembly tools.",https://colorfittings.com/wp-content/uploads/2021/09/colorfittings-tube-nut_orange_large.png,Orange,CF-HTN-06-516-038-OR,Brake Fittings,True,"Target AN Size (-6, -8, -10)"
3.0,-6 AN Fitting – 5/16″ &amp; 3/8″ Tube Nut,"ColorFittings Tube Nuts are precision CNC-machined to convert 37-degree flared hard lines into AN connections for fuel, brake, clutch, oil, coolant, and hydraulic systems. Designed for professional hard line plumbing, these tube nuts provide a secure, leak-free AN connection with consistent sealing performance in high-pressure applications.\nManufactured from aerospace-grade 6061-T6 billet aluminum and finished with ColorFittings' proprietary polishing and anodizing process, these tube nuts deliver exceptional strength, corrosion resistance, and long-term durability. Compatible with aluminum, steel, and stainless steel hard lines, they are ideal for street performance, racing, off-road, marine, and custom fabrication projects.\nFor a complete hard line solution, pair these Tube Nuts with our matching Tube Sleeves to convert flared hard lines into durable AN connections.\nFinish your system with our AN fittings, adapters, braided hose, and fitting assembly tools.",https://colorfittings.com/wp-content/uploads/2021/09/colorfittings-tube-nut_green_large.png,Lime Green,CF-HTN-06-516-038-GR,Brake Fittings,True,"Target AN Size (-6, -8, -10)"
3.0,-6 AN Fitting – 5/16″ &amp; 3/8″ Tube Nut,"ColorFittings Tube Nuts are precision CNC-machined to convert 37-degree flared hard lines into AN connections for fuel, brake, clutch, oil, coolant, and hydraulic systems. Designed for professional hard line plumbing, these tube nuts provide a secure, leak-free AN connection with consistent sealing performance in high-pressure applications.\nManufactured from aerospace-grade 6061-T6 billet aluminum and finished with ColorFittings' proprietary polishing and anodizing process, these tube nuts deliver exceptional strength, corrosion resistance, and long-term durability. Compatible with aluminum, steel, and stainless steel hard lines, they are ideal for street performance, racing, off-road, marine, and custom fabrication projects.\nFor a complete hard line solution, pair these Tube Nuts with our matching Tube Sleeves to convert flared hard lines into durable AN connections.\nFinish your system with our AN fittings, adapters, braided hose, and fitting assembly tools.",https://colorfittings.com/wp-content/uploads/2021/09/colorfittings-tube-nut_red_large.png,Red,CF-HTN-06-516-038-RD,Brake Fittings,True,"Target AN Size (-6, -8, -10)"
3.0,-6 AN Fitting – 5/16″ &amp; 3/8″ Tube Nut,"ColorFittings Tube Nuts are precision CNC-machined to convert 37-degree flared hard lines into AN connections for fuel, brake, clutch, oil, coolant, and hydraulic systems. Designed for professional hard line plumbing, these tube nuts provide a secure, leak-free AN connection with consistent sealing performance in high-pressure applications.\nManufactured from aerospace-grade 6061-T6 billet aluminum and finished with ColorFittings' proprietary polishing and anodizing process, these tube nuts deliver exceptional strength, corrosion resistance, and long-term durability. Compatible with aluminum, steel, and stainless steel hard lines, they are ideal for street performance, racing, off-road, marine, and custom fabrication projects.\nFor a complete hard line solution, pair these Tube Nuts with our matching Tube Sleeves to convert flared hard lines into durable AN connections.\nFinish your system with our AN fittings, adapters, braided hose, and fitting assembly tools.",https://colorfittings.com/wp-content/uploads/2018/06/colorfittings-tube-nut_purple_large.png,Purple,CF-HTN-06-516-038-PU,Brake Fittings,True,"Target AN Size (-6, -8, -10)"
9.99,-6 AN to -5 AN Fitting Male to Male Reducer Union,"ColorFittings AN Male to Male Flare Reducer Unions are precision CNC-machined to connect two female AN fittings while maintaining a secure, leak-free 37-degree flare seal. Designed for fuel, oil, coolant, transmission, brake, and power steering systems, these unions provide a reliable straight-through connection for custom plumbing and high-performance fluid transfer applications.\nManufactured from aerospace-grade 6061-T6 billet aluminum and finished with ColorFittings' proprietary polishing and anodizing process, these fittings deliver exceptional strength, corrosion resistance, and long-term durability. Compatible with E85, ethanol-based fuels, race fuel, pump gas, diesel, oil, coolant, transmission fluid, hydraulic fluid, and air systems, they are built to perform in demanding street, racing, off-road, marine, and motorsport environments.\nLooking to complete your system? Explore our full range of AN fittings, adapters, braided hose, and fitting assembly tools.",https://colorfittings.com/wp-content/uploads/2018/06/AN-flare-fitting-reducer-union-adapter-black-2.png,Black,CF-F2F-06-005-000-BL,Adapters and Unions,True,"Target AN Size (-6, -8, -10)"
9.99,-6 AN to -5 AN Fitting Male to Male Reducer Union,"ColorFittings AN Male to Male Flare Reducer Unions are precision CNC-machined to connect two female AN fittings while maintaining a secure, leak-free 37-degree flare seal. Designed for fuel, oil, coolant, transmission, brake, and power steering systems, these unions provide a reliable straight-through connection for custom plumbing and high-performance fluid transfer applications.\nManufactured from aerospace-grade 6061-T6 billet aluminum and finished with ColorFittings' proprietary polishing and anodizing process, these fittings deliver exceptional strength, corrosion resistance, and long-term durability. Compatible with E85, ethanol-based fuels, race fuel, pump gas, diesel, oil, coolant, transmission fluid, hydraulic fluid, and air systems, they are built to perform in demanding street, racing, off-road, marine, and motorsport environments.\nLooking to complete your system? Explore our full range of AN fittings, adapters, braided hose, and fitting assembly tools.",https://colorfittings.com/wp-content/uploads/2018/06/AN-flare-fitting-reducer-union-adapter-purple-1.png,Purple,CF-F2F-06-005-000-PU,Adapters and Unions,True,"Target AN Size (-6, -8, -10)"
11.99,-8AN Hose Separator,"This product is designed for and sized to be used with our Standard Nylon Braided Hose.\n\nFor use with our PTFE Hose, you must use a hose separator one size smaller than the hose (difference of -2AN).\n\nI.e. For an 8AN PTFE Hose, the best fitting hose separator will be 6AN.\n\nThis Hose Separator is available in the following colors: Purple, Black, Teal, Red, Green, Orange, and Gold",https://colorfittings.com/wp-content/uploads/2022/11/AN-Fitting-Teal-Hose-Separator.png,teal,CF-AHS-08-000-000-TL,Hose Separators,True,"Target AN Size (-6, -8, -10)"
10.99,-6AN Hose Separator,"This product is designed for and sized to be used with our Standard Nylon Braided Hose.\n\nFor use with our PTFE Hose, you must use a hose separator one size smaller than the hose (difference of -2AN).\n\nI.e. For a 6AN PTFE Hose, the best fitting hose separator will be 4AN.\n\nThis Hose Separator is available in the following colors: Purple, Black, Teal, Red, Green, Orange, and Gold",https://colorfittings.com/wp-content/uploads/2022/11/AN-Fitting-Teal-Hose-Separator.png,teal,CF-AHS-06-000-000-TL,Hose Separators,True,"Target AN Size (-6, -8, -10)"
9.99,-4AN Hose Separator,"This product is designed for and sized to be used with our Standard Nylon Braided Hose.\n\nFor use with our PTFE Hose, you must use a hose separator one size smaller than the hose (difference of -2AN).\n\nThis 4AN hose separator will not create an ideal fit with 4AN PTFE Hose.\n\nThis Hose Separator is available in the following colors: Purple, Black, Teal, Red, Green, Orange, and Gold",https://colorfittings.com/wp-content/uploads/2022/11/AN-Fitting-Teal-Hose-Separator.png,teal,CF-AHS-04-000-000-TL,Hose Separators,True,Hose & Line / Hardware
13.99,-12AN Hose Separator,"This product is designed for and sized to be used with our Standard Nylon Braided Hose.\n\nThis Hose Separator is available in the following colors: Purple, Black, Teal, Red, Green, Orange, and Gold",https://colorfittings.com/wp-content/uploads/2022/11/AN-Fitting-Teal-Hose-Separator.png,teal,CF-AHS-12-000-000-TL,Hose Separators,True,Hose & Line / Hardware
12.99,-10AN Hose Separator,"This product is designed for and sized to be used with our Standard Nylon Braided Hose.\n\nFor use with our PTFE Hose, you must use a hose separator one size smaller than the hose (difference of -2AN).\n\nI.e. For a 10AN PTFE Hose, the best fitting hose separator will be 8AN.\n\nThis Hose Separator is available in the following colors: Purple, Black, Teal, Red, Green, Orange, and Gold",https://colorfittings.com/wp-content/uploads/2022/11/AN-Fitting-Teal-Hose-Separator.png,teal,CF-AHS-10-000-000-TL,Hose Separators,True,"Target AN Size (-6, -8, -10)"
11.99,-16AN Male Weld-on Bung,This Weld-on Bung is available in the following materials: Aluminum and Steel,https://colorfittings.com/wp-content/uploads/2022/03/colorfittings-an-fitting-steel_weld_bung.png,Steel,CF-WBM-16-01E-000-ST,Weld-On Bungs,True,"Target AN Size (-6, -8, -10)"
11.99,-16AN Male Weld-on Bung,This Weld-on Bung is available in the following materials: Aluminum and Steel,https://colorfittings.com/wp-content/uploads/2022/03/colorfittings-an-fitting-aluminum_weld_bung.png,Aluminum,CF-WBM-16-01E-000-AL,Weld-On Bungs,True,"Target AN Size (-6, -8, -10)"
7.99,-10AN Male Weld-on Bung,This Weld-on Bung is available in the following materials: Aluminum and Steel,https://colorfittings.com/wp-content/uploads/2022/03/colorfittings-an-fitting-steel_weld_bung.png,Steel,CF-WBM-10-01E-000-ST,Weld-On Bungs,True,"Target AN Size (-6, -8, -10)"
7.99,-10AN Male Weld-on Bung,This Weld-on Bung is available in the following materials: Aluminum and Steel,https://colorfittings.com/wp-content/uploads/2022/03/colorfittings-an-fitting-aluminum_weld_bung.png,Aluminum,CF-WBM-10-01E-000-AL,Weld-On Bungs,True,"Target AN Size (-6, -8, -10)"
6.99,-8AN Male Weld-on Bung,This Weld-on Bung is available in the following materials: Aluminum and Steel,https://colorfittings.com/wp-content/uploads/2022/03/colorfittings-an-fitting-steel_weld_bung.png,Steel,CF-WBM-08-01E-000-ST,Weld-On Bungs,True,"Target AN Size (-6, -8, -10)"
6.99,-8AN Male Weld-on Bung,This Weld-on Bung is available in the following materials: Aluminum and Steel,https://colorfittings.com/wp-content/uploads/2022/03/colorfittings-an-fitting-aluminum_weld_bung.png,Aluminum,CF-WBM-08-01E-000-AL,Weld-On Bungs,True,"Target AN Size (-6, -8, -10)"
5.99,-6AN Male Weld-on Bung,This Weld-on Bung is available in the following materials: Aluminum and Steel,https://colorfittings.com/wp-content/uploads/2022/03/colorfittings-an-fitting-steel_weld_bung.png,Steel,CF-WBM-06-01E-000-ST,Weld-On Bungs,True,"Target AN Size (-6, -8, -10)"
5.99,-6AN Male Weld-on Bung,This Weld-on Bung is available in the following materials: Aluminum and Steel,https://colorfittings.com/wp-content/uploads/2022/03/colorfittings-an-fitting-aluminum_weld_bung.png,Aluminum,CF-WBM-06-01E-000-AL,Weld-On Bungs,True,"Target AN Size (-6, -8, -10)"
12.99,-12 AN to -10 AN ORB Adapter,"ColorFittings ORB Adapter Fittings are precision-engineered to connect AN flare fittings to O-Ring Boss (ORB) ports, providing a secure, leak-free solution for fuel, oil, coolant, power steering, and transmission plumbing systems. ORB ports are found on engine blocks, transmissions, power steering pumps, oil coolers, and other OEM components — making these adapters essential for any AN plumbing conversion.\n\nOur AN to ORB Adapters are manufactured to provide a perfect fit and seal when paired with ColorFittings AN fittings, which are specifically engineered for use with E85, ethanol-based fuels, and race fuels. The O-ring face seal design eliminates the need for thread sealant and provides a more reliable, vibration-resistant connection compared to NPT threads. When combined with our nylon or stainless steel braided hose, these adapters deliver reliable performance and clean routing for any high-performance plumbing system.\n\nFor best installation results, we strongly recommend using our AN Fitting Assembly Tools, which help prevent fitting damage and ensure proper hose and fitting alignment. Please reference our installation video and fitting guide for proper assembly techniques and torque recommendations.\n\nLooking to complete your system? Explore our full range of AN fittings, ORB adapters, braided hose, and fitting assembly tools.",https://colorfittings.com/wp-content/uploads/2026/04/ORB-Purple-Fitting-Adapter-8.png,Purple,CF-F2S-12-010-000-PU,ORB Adapters,True,"Target AN Size (-6, -8, -10)"
12.99,-12 AN to -10 AN ORB Adapter,"ColorFittings ORB Adapter Fittings are precision-engineered to connect AN flare fittings to O-Ring Boss (ORB) ports, providing a secure, leak-free solution for fuel, oil, coolant, power steering, and transmission plumbing systems. ORB ports are found on engine blocks, transmissions, power steering pumps, oil coolers, and other OEM components — making these adapters essential for any AN plumbing conversion.\n\nOur AN to ORB Adapters are manufactured to provide a perfect fit and seal when paired with ColorFittings AN fittings, which are specifically engineered for use with E85, ethanol-based fuels, and race fuels. The O-ring face seal design eliminates the need for thread sealant and provides a more reliable, vibration-resistant connection compared to NPT threads. When combined with our nylon or stainless steel braided hose, these adapters deliver reliable performance and clean routing for any high-performance plumbing system.\n\nFor best installation results, we strongly recommend using our AN Fitting Assembly Tools, which help prevent fitting damage and ensure proper hose and fitting alignment. Please reference our installation video and fitting guide for proper assembly techniques and torque recommendations.\n\nLooking to complete your system? Explore our full range of AN fittings, ORB adapters, braided hose, and fitting assembly tools.",https://colorfittings.com/wp-content/uploads/2026/04/ORB-Gold-Fitting-Adapter.png,Gold,CF-F2S-12-010-000-GD,ORB Adapters,True,"Target AN Size (-6, -8, -10)"
12.99,-12 AN to -10 AN ORB Adapter,"ColorFittings ORB Adapter Fittings are precision-engineered to connect AN flare fittings to O-Ring Boss (ORB) ports, providing a secure, leak-free solution for fuel, oil, coolant, power steering, and transmission plumbing systems. ORB ports are found on engine blocks, transmissions, power steering pumps, oil coolers, and other OEM components — making these adapters essential for any AN plumbing conversion.\n\nOur AN to ORB Adapters are manufactured to provide a perfect fit and seal when paired with ColorFittings AN fittings, which are specifically engineered for use with E85, ethanol-based fuels, and race fuels. The O-ring face seal design eliminates the need for thread sealant and provides a more reliable, vibration-resistant connection compared to NPT threads. When combined with our nylon or stainless steel braided hose, these adapters deliver reliable performance and clean routing for any high-performance plumbing system.\n\nFor best installation results, we strongly recommend using our AN Fitting Assembly Tools, which help prevent fitting damage and ensure proper hose and fitting alignment. Please reference our installation video and fitting guide for proper assembly techniques and torque recommendations.\n\nLooking to complete your system? Explore our full range of AN fittings, ORB adapters, braided hose, and fitting assembly tools.",https://colorfittings.com/wp-content/uploads/2026/04/ORB-Orange-Fitting-Adapter.png,Orange,CF-F2S-12-010-000-OR,ORB Adapters,True,"Target AN Size (-6, -8, -10)"
12.99,-12 AN to -10 AN ORB Adapter,"ColorFittings ORB Adapter Fittings are precision-engineered to connect AN flare fittings to O-Ring Boss (ORB) ports, providing a secure, leak-free solution for fuel, oil, coolant, power steering, and transmission plumbing systems. ORB ports are found on engine blocks, transmissions, power steering pumps, oil coolers, and other OEM components — making these adapters essential for any AN plumbing conversion.\n\nOur AN to ORB Adapters are manufactured to provide a perfect fit and seal when paired with ColorFittings AN fittings, which are specifically engineered for use with E85, ethanol-based fuels, and race fuels. The O-ring face seal design eliminates the need for thread sealant and provides a more reliable, vibration-resistant connection compared to NPT threads. When combined with our nylon or stainless steel braided hose, these adapters deliver reliable performance and clean routing for any high-performance plumbing system.\n\nFor best installation results, we strongly recommend using our AN Fitting Assembly Tools, which help prevent fitting damage and ensure proper hose and fitting alignment. Please reference our installation video and fitting guide for proper assembly techniques and torque recommendations.\n\nLooking to complete your system? Explore our full range of AN fittings, ORB adapters, braided hose, and fitting assembly tools.",https://colorfittings.com/wp-content/uploads/2026/04/ORB-Black-Fitting-Adapter-48.png,Black,CF-F2S-12-010-000-BL,ORB Adapters,True,"Target AN Size (-6, -8, -10)"
12.99,-10 AN to -12 AN ORB Adapter,"ColorFittings ORB Adapter Fittings are precision-engineered to connect AN flare fittings to O-Ring Boss (ORB) ports, providing a secure, leak-free solution for fuel, oil, coolant, power steering, and transmission plumbing systems. ORB ports are found on engine blocks, transmissions, power steering pumps, oil coolers, and other OEM components — making these adapters essential for any AN plumbing conversion.\n\nOur AN to ORB Adapters are manufactured to provide a perfect fit and seal when paired with ColorFittings AN fittings, which are specifically engineered for use with E85, ethanol-based fuels, and race fuels. The O-ring face seal design eliminates the need for thread sealant and provides a more reliable, vibration-resistant connection compared to NPT threads. When combined with our nylon or stainless steel braided hose, these adapters deliver reliable performance and clean routing for any high-performance plumbing system.\n\nFor best installation results, we strongly recommend using our AN Fitting Assembly Tools, which help prevent fitting damage and ensure proper hose and fitting alignment. Please reference our installation video and fitting guide for proper assembly techniques and torque recommendations.\n\nLooking to complete your system? Explore our full range of AN fittings, ORB adapters, braided hose, and fitting assembly tools.",https://colorfittings.com/wp-content/uploads/2026/04/ORB-Purple-Fitting-Adapter-10.png,Purple,CF-F2S-10-012-000-PU,ORB Adapters,True,"Target AN Size (-6, -8, -10)"
12.99,-10 AN to -12 AN ORB Adapter,"ColorFittings ORB Adapter Fittings are precision-engineered to connect AN flare fittings to O-Ring Boss (ORB) ports, providing a secure, leak-free solution for fuel, oil, coolant, power steering, and transmission plumbing systems. ORB ports are found on engine blocks, transmissions, power steering pumps, oil coolers, and other OEM components — making these adapters essential for any AN plumbing conversion.\n\nOur AN to ORB Adapters are manufactured to provide a perfect fit and seal when paired with ColorFittings AN fittings, which are specifically engineered for use with E85, ethanol-based fuels, and race fuels. The O-ring face seal design eliminates the need for thread sealant and provides a more reliable, vibration-resistant connection compared to NPT threads. When combined with our nylon or stainless steel braided hose, these adapters deliver reliable performance and clean routing for any high-performance plumbing system.\n\nFor best installation results, we strongly recommend using our AN Fitting Assembly Tools, which help prevent fitting damage and ensure proper hose and fitting alignment. Please reference our installation video and fitting guide for proper assembly techniques and torque recommendations.\n\nLooking to complete your system? Explore our full range of AN fittings, ORB adapters, braided hose, and fitting assembly tools.",https://colorfittings.com/wp-content/uploads/2026/04/ORB-Gold-Fitting-Adapter-1.png,Gold,CF-F2S-10-012-000-GD,ORB Adapters,True,"Target AN Size (-6, -8, -10)"
12.99,-10 AN to -12 AN ORB Adapter,"ColorFittings ORB Adapter Fittings are precision-engineered to connect AN flare fittings to O-Ring Boss (ORB) ports, providing a secure, leak-free solution for fuel, oil, coolant, power steering, and transmission plumbing systems. ORB ports are found on engine blocks, transmissions, power steering pumps, oil coolers, and other OEM components — making these adapters essential for any AN plumbing conversion.\n\nOur AN to ORB Adapters are manufactured to provide a perfect fit and seal when paired with ColorFittings AN fittings, which are specifically engineered for use with E85, ethanol-based fuels, and race fuels. The O-ring face seal design eliminates the need for thread sealant and provides a more reliable, vibration-resistant connection compared to NPT threads. When combined with our nylon or stainless steel braided hose, these adapters deliver reliable performance and clean routing for any high-performance plumbing system.\n\nFor best installation results, we strongly recommend using our AN Fitting Assembly Tools, which help prevent fitting damage and ensure proper hose and fitting alignment. Please reference our installation video and fitting guide for proper assembly techniques and torque recommendations.\n\nLooking to complete your system? Explore our full range of AN fittings, ORB adapters, braided hose, and fitting assembly tools.",https://colorfittings.com/wp-content/uploads/2026/04/ORB-Orange-Fitting-Adapter-1.png,Orange,CF-F2S-10-012-000-OR,ORB Adapters,True,"Target AN Size (-6, -8, -10)"
12.99,-10 AN to -12 AN ORB Adapter,"ColorFittings ORB Adapter Fittings are precision-engineered to connect AN flare fittings to O-Ring Boss (ORB) ports, providing a secure, leak-free solution for fuel, oil, coolant, power steering, and transmission plumbing systems. ORB ports are found on engine blocks, transmissions, power steering pumps, oil coolers, and other OEM components — making these adapters essential for any AN plumbing conversion.\n\nOur AN to ORB Adapters are manufactured to provide a perfect fit and seal when paired with ColorFittings AN fittings, which are specifically engineered for use with E85, ethanol-based fuels, and race fuels. The O-ring face seal design eliminates the need for thread sealant and provides a more reliable, vibration-resistant connection compared to NPT threads. When combined with our nylon or stainless steel braided hose, these adapters deliver reliable performance and clean routing for any high-performance plumbing system.\n\nFor best installation results, we strongly recommend using our AN Fitting Assembly Tools, which help prevent fitting damage and ensure proper hose and fitting alignment. Please reference our installation video and fitting guide for proper assembly techniques and torque recommendations.\n\nLooking to complete your system? Explore our full range of AN fittings, ORB adapters, braided hose, and fitting assembly tools.",https://colorfittings.com/wp-content/uploads/2026/04/ORB-Black-Fitting-Adapter-50.png,Black,CF-F2S-10-012-000-BL,ORB Adapters,True,"Target AN Size (-6, -8, -10)"
12.99,-8 AN to -12 AN ORB Adapter,"ColorFittings ORB Adapter Fittings are precision-engineered to connect AN flare fittings to O-Ring Boss (ORB) ports, providing a secure, leak-free solution for fuel, oil, coolant, power steering, and transmission plumbing systems. ORB ports are found on engine blocks, transmissions, power steering pumps, oil coolers, and other OEM components — making these adapters essential for any AN plumbing conversion.\n\nOur AN to ORB Adapters are manufactured to provide a perfect fit and seal when paired with ColorFittings AN fittings, which are specifically engineered for use with E85, ethanol-based fuels, and race fuels. The O-ring face seal design eliminates the need for thread sealant and provides a more reliable, vibration-resistant connection compared to NPT threads. When combined with our nylon or stainless steel braided hose, these adapters deliver reliable performance and clean routing for any high-performance plumbing system.\n\nFor best installation results, we strongly recommend using our AN Fitting Assembly Tools, which help prevent fitting damage and ensure proper hose and fitting alignment. Please reference our installation video and fitting guide for proper assembly techniques and torque recommendations.\n\nLooking to complete your system? Explore our full range of AN fittings, ORB adapters, braided hose, and fitting assembly tools.",https://colorfittings.com/wp-content/uploads/2026/04/ORB-Purple-Fitting-Adapter-12.png,Purple,CF-F2S-08-012-000-PU,ORB Adapters,True,"Target AN Size (-6, -8, -10)"
12.99,-8 AN to -12 AN ORB Adapter,"ColorFittings ORB Adapter Fittings are precision-engineered to connect AN flare fittings to O-Ring Boss (ORB) ports, providing a secure, leak-free solution for fuel, oil, coolant, power steering, and transmission plumbing systems. ORB ports are found on engine blocks, transmissions, power steering pumps, oil coolers, and other OEM components — making these adapters essential for any AN plumbing conversion.\n\nOur AN to ORB Adapters are manufactured to provide a perfect fit and seal when paired with ColorFittings AN fittings, which are specifically engineered for use with E85, ethanol-based fuels, and race fuels. The O-ring face seal design eliminates the need for thread sealant and provides a more reliable, vibration-resistant connection compared to NPT threads. When combined with our nylon or stainless steel braided hose, these adapters deliver reliable performance and clean routing for any high-performance plumbing system.\n\nFor best installation results, we strongly recommend using our AN Fitting Assembly Tools, which help prevent fitting damage and ensure proper hose and fitting alignment. Please reference our installation video and fitting guide for proper assembly techniques and torque recommendations.\n\nLooking to complete your system? Explore our full range of AN fittings, ORB adapters, braided hose, and fitting assembly tools.",https://colorfittings.com/wp-content/uploads/2026/04/ORB-Black-Fitting-Adapter-52.png,Black,CF-F2S-08-012-000-BL,ORB Adapters,True,"Target AN Size (-6, -8, -10)"
12.99,-8 AN to -12 AN ORB Adapter,"ColorFittings ORB Adapter Fittings are precision-engineered to connect AN flare fittings to O-Ring Boss (ORB) ports, providing a secure, leak-free solution for fuel, oil, coolant, power steering, and transmission plumbing systems. ORB ports are found on engine blocks, transmissions, power steering pumps, oil coolers, and other OEM components — making these adapters essential for any AN plumbing conversion.\n\nOur AN to ORB Adapters are manufactured to provide a perfect fit and seal when paired with ColorFittings AN fittings, which are specifically engineered for use with E85, ethanol-based fuels, and race fuels. The O-ring face seal design eliminates the need for thread sealant and provides a more reliable, vibration-resistant connection compared to NPT threads. When combined with our nylon or stainless steel braided hose, these adapters deliver reliable performance and clean routing for any high-performance plumbing system.\n\nFor best installation results, we strongly recommend using our AN Fitting Assembly Tools, which help prevent fitting damage and ensure proper hose and fitting alignment. Please reference our installation video and fitting guide for proper assembly techniques and torque recommendations.\n\nLooking to complete your system? Explore our full range of AN fittings, ORB adapters, braided hose, and fitting assembly tools.",https://colorfittings.com/wp-content/uploads/2026/04/ORB-Gold-Fitting-Adapter-2.png,Gold,CF-F2S-08-012-000-GD,ORB Adapters,True,"Target AN Size (-6, -8, -10)"
12.99,-8 AN to -12 AN ORB Adapter,"ColorFittings ORB Adapter Fittings are precision-engineered to connect AN flare fittings to O-Ring Boss (ORB) ports, providing a secure, leak-free solution for fuel, oil, coolant, power steering, and transmission plumbing systems. ORB ports are found on engine blocks, transmissions, power steering pumps, oil coolers, and other OEM components — making these adapters essential for any AN plumbing conversion.\n\nOur AN to ORB Adapters are manufactured to provide a perfect fit and seal when paired with ColorFittings AN fittings, which are specifically engineered for use with E85, ethanol-based fuels, and race fuels. The O-ring face seal design eliminates the need for thread sealant and provides a more reliable, vibration-resistant connection compared to NPT threads. When combined with our nylon or stainless steel braided hose, these adapters deliver reliable performance and clean routing for any high-performance plumbing system.\n\nFor best installation results, we strongly recommend using our AN Fitting Assembly Tools, which help prevent fitting damage and ensure proper hose and fitting alignment. Please reference our installation video and fitting guide for proper assembly techniques and torque recommendations.\n\nLooking to complete your system? Explore our full range of AN fittings, ORB adapters, braided hose, and fitting assembly tools.",https://colorfittings.com/wp-content/uploads/2026/04/ORB-Orange-Fitting-Adapter-2.png,Orange,CF-F2S-08-012-000-OR,ORB Adapters,True,"Target AN Size (-6, -8, -10)"
9.99,-8 AN to -8 AN ORB Adapter,"ColorFittings ORB Adapter Fittings are precision-engineered to connect AN flare fittings to O-Ring Boss (ORB) ports, providing a secure, leak-free solution for fuel, oil, coolant, power steering, and transmission plumbing systems. ORB ports are found on engine blocks, transmissions, power steering pumps, oil coolers, and other OEM components — making these adapters essential for any AN plumbing conversion.\n\nOur AN to ORB Adapters are manufactured to provide a perfect fit and seal when paired with ColorFittings AN fittings, which are specifically engineered for use with E85, ethanol-based fuels, and race fuels. The O-ring face seal design eliminates the need for thread sealant and provides a more reliable, vibration-resistant connection compared to NPT threads. When combined with our nylon or stainless steel braided hose, these adapters deliver reliable performance and clean routing for any high-performance plumbing system.\n\nFor best installation results, we strongly recommend using our AN Fitting Assembly Tools, which help prevent fitting damage and ensure proper hose and fitting alignment. Please reference our installation video and fitting guide for proper assembly techniques and torque recommendations.\n\nLooking to complete your system? Explore our full range of AN fittings, ORB adapters, braided hose, and fitting assembly tools.",https://colorfittings.com/wp-content/uploads/2026/04/ORB-Gold-Fitting-Adapter-6.png,Gold,CF-F2S-08-008-000-GD,ORB Adapters,True,"Target AN Size (-6, -8, -10)"
9.99,-8 AN to -8 AN ORB Adapter,"ColorFittings ORB Adapter Fittings are precision-engineered to connect AN flare fittings to O-Ring Boss (ORB) ports, providing a secure, leak-free solution for fuel, oil, coolant, power steering, and transmission plumbing systems. ORB ports are found on engine blocks, transmissions, power steering pumps, oil coolers, and other OEM components — making these adapters essential for any AN plumbing conversion.\n\nOur AN to ORB Adapters are manufactured to provide a perfect fit and seal when paired with ColorFittings AN fittings, which are specifically engineered for use with E85, ethanol-based fuels, and race fuels. The O-ring face seal design eliminates the need for thread sealant and provides a more reliable, vibration-resistant connection compared to NPT threads. When combined with our nylon or stainless steel braided hose, these adapters deliver reliable performance and clean routing for any high-performance plumbing system.\n\nFor best installation results, we strongly recommend using our AN Fitting Assembly Tools, which help prevent fitting damage and ensure proper hose and fitting alignment. Please reference our installation video and fitting guide for proper assembly techniques and torque recommendations.\n\nLooking to complete your system? Explore our full range of AN fittings, ORB adapters, braided hose, and fitting assembly tools.",https://colorfittings.com/wp-content/uploads/2026/04/ORB-Orange-Fitting-Adapter-6.png,Orange,CF-F2S-08-008-000-OR,ORB Adapters,True,"Target AN Size (-6, -8, -10)"
9.99,-8 AN to -8 AN ORB Adapter,"ColorFittings ORB Adapter Fittings are precision-engineered to connect AN flare fittings to O-Ring Boss (ORB) ports, providing a secure, leak-free solution for fuel, oil, coolant, power steering, and transmission plumbing systems. ORB ports are found on engine blocks, transmissions, power steering pumps, oil coolers, and other OEM components — making these adapters essential for any AN plumbing conversion.\n\nOur AN to ORB Adapters are manufactured to provide a perfect fit and seal when paired with ColorFittings AN fittings, which are specifically engineered for use with E85, ethanol-based fuels, and race fuels. The O-ring face seal design eliminates the need for thread sealant and provides a more reliable, vibration-resistant connection compared to NPT threads. When combined with our nylon or stainless steel braided hose, these adapters deliver reliable performance and clean routing for any high-performance plumbing system.\n\nFor best installation results, we strongly recommend using our AN Fitting Assembly Tools, which help prevent fitting damage and ensure proper hose and fitting alignment. Please reference our installation video and fitting guide for proper assembly techniques and torque recommendations.\n\nLooking to complete your system? Explore our full range of AN fittings, ORB adapters, braided hose, and fitting assembly tools.",https://colorfittings.com/wp-content/uploads/2026/04/ORB-Black-Fitting-Adapter-64.png,Black,CF-F2S-08-008-000-BL,ORB Adapters,True,"Target AN Size (-6, -8, -10)"
10.99,-8 AN to -10 AN ORB Adapter,"ColorFittings ORB Adapter Fittings are precision-engineered to connect AN flare fittings to O-Ring Boss (ORB) ports, providing a secure, leak-free solution for fuel, oil, coolant, power steering, and transmission plumbing systems. ORB ports are found on engine blocks, transmissions, power steering pumps, oil coolers, and other OEM components — making these adapters essential for any AN plumbing conversion.\n\nOur AN to ORB Adapters are manufactured to provide a perfect fit and seal when paired with ColorFittings AN fittings, which are specifically engineered for use with E85, ethanol-based fuels, and race fuels. The O-ring face seal design eliminates the need for thread sealant and provides a more reliable, vibration-resistant connection compared to NPT threads. When combined with our nylon or stainless steel braided hose, these adapters deliver reliable performance and clean routing for any high-performance plumbing system.\n\nFor best installation results, we strongly recommend using our AN Fitting Assembly Tools, which help prevent fitting damage and ensure proper hose and fitting alignment. Please reference our installation video and fitting guide for proper assembly techniques and torque recommendations.\n\nLooking to complete your system? Explore our full range of AN fittings, ORB adapters, braided hose, and fitting assembly tools.",https://colorfittings.com/wp-content/uploads/2026/04/ORB-Gold-Fitting-Adapter-10.png,Gold,CF-F2S-08-010-000-GD,ORB Adapters,True,"Target AN Size (-6, -8, -10)"
10.99,-8 AN to -10 AN ORB Adapter,"ColorFittings ORB Adapter Fittings are precision-engineered to connect AN flare fittings to O-Ring Boss (ORB) ports, providing a secure, leak-free solution for fuel, oil, coolant, power steering, and transmission plumbing systems. ORB ports are found on engine blocks, transmissions, power steering pumps, oil coolers, and other OEM components — making these adapters essential for any AN plumbing conversion.\n\nOur AN to ORB Adapters are manufactured to provide a perfect fit and seal when paired with ColorFittings AN fittings, which are specifically engineered for use with E85, ethanol-based fuels, and race fuels. The O-ring face seal design eliminates the need for thread sealant and provides a more reliable, vibration-resistant connection compared to NPT threads. When combined with our nylon or stainless steel braided hose, these adapters deliver reliable performance and clean routing for any high-performance plumbing system.\n\nFor best installation results, we strongly recommend using our AN Fitting Assembly Tools, which help prevent fitting damage and ensure proper hose and fitting alignment. Please reference our installation video and fitting guide for proper assembly techniques and torque recommendations.\n\nLooking to complete your system? Explore our full range of AN fittings, ORB adapters, braided hose, and fitting assembly tools.",https://colorfittings.com/wp-content/uploads/2026/04/ORB-Orange-Fitting-Adapter-10.png,Orange,CF-F2S-08-010-000-OR,ORB Adapters,True,"Target AN Size (-6, -8, -10)"
8.99,-6 AN to -8 AN ORB Adapter,"ColorFittings ORB Adapter Fittings are precision-engineered to connect AN flare fittings to O-Ring Boss (ORB) ports, providing a secure, leak-free solution for fuel, oil, coolant, power steering, and transmission plumbing systems. ORB ports are found on engine blocks, transmissions, power steering pumps, oil coolers, and other OEM components — making these adapters essential for any AN plumbing conversion.\n\nOur AN to ORB Adapters are manufactured to provide a perfect fit and seal when paired with ColorFittings AN fittings, which are specifically engineered for use with E85, ethanol-based fuels, and race fuels. The O-ring face seal design eliminates the need for thread sealant and provides a more reliable, vibration-resistant connection compared to NPT threads. When combined with our nylon or stainless steel braided hose, these adapters deliver reliable performance and clean routing for any high-performance plumbing system.\n\nFor best installation results, we strongly recommend using our AN Fitting Assembly Tools, which help prevent fitting damage and ensure proper hose and fitting alignment. Please reference our installation video and fitting guide for proper assembly techniques and torque recommendations.\n\nLooking to complete your system? Explore our full range of AN fittings, ORB adapters, braided hose, and fitting assembly tools.",https://colorfittings.com/wp-content/uploads/2026/04/ORB-Gold-Fitting-Adapter-12.png,Gold,CF-F2S-06-008-000-GD,ORB Adapters,True,"Target AN Size (-6, -8, -10)"
8.99,-6 AN to -8 AN ORB Adapter,"ColorFittings ORB Adapter Fittings are precision-engineered to connect AN flare fittings to O-Ring Boss (ORB) ports, providing a secure, leak-free solution for fuel, oil, coolant, power steering, and transmission plumbing systems. ORB ports are found on engine blocks, transmissions, power steering pumps, oil coolers, and other OEM components — making these adapters essential for any AN plumbing conversion.\n\nOur AN to ORB Adapters are manufactured to provide a perfect fit and seal when paired with ColorFittings AN fittings, which are specifically engineered for use with E85, ethanol-based fuels, and race fuels. The O-ring face seal design eliminates the need for thread sealant and provides a more reliable, vibration-resistant connection compared to NPT threads. When combined with our nylon or stainless steel braided hose, these adapters deliver reliable performance and clean routing for any high-performance plumbing system.\n\nFor best installation results, we strongly recommend using our AN Fitting Assembly Tools, which help prevent fitting damage and ensure proper hose and fitting alignment. Please reference our installation video and fitting guide for proper assembly techniques and torque recommendations.\n\nLooking to complete your system? Explore our full range of AN fittings, ORB adapters, braided hose, and fitting assembly tools.",https://colorfittings.com/wp-content/uploads/2026/04/ORB-Orange-Fitting-Adapter-12.png,Orange,CF-F2S-06-008-000-OR,ORB Adapters,True,"Target AN Size (-6, -8, -10)"
10.99,-6 AN to -10 AN ORB Adapter,"ColorFittings ORB Adapter Fittings are precision-engineered to connect AN flare fittings to O-Ring Boss (ORB) ports, providing a secure, leak-free solution for fuel, oil, coolant, power steering, and transmission plumbing systems. ORB ports are found on engine blocks, transmissions, power steering pumps, oil coolers, and other OEM components — making these adapters essential for any AN plumbing conversion.\n\nOur AN to ORB Adapters are manufactured to provide a perfect fit and seal when paired with ColorFittings AN fittings, which are specifically engineered for use with E85, ethanol-based fuels, and race fuels. The O-ring face seal design eliminates the need for thread sealant and provides a more reliable, vibration-resistant connection compared to NPT threads. When combined with our nylon or stainless steel braided hose, these adapters deliver reliable performance and clean routing for any high-performance plumbing system.\n\nFor best installation results, we strongly recommend using our AN Fitting Assembly Tools, which help prevent fitting damage and ensure proper hose and fitting alignment. Please reference our installation video and fitting guide for proper assembly techniques and torque recommendations.\n\nLooking to complete your system? Explore our full range of AN fittings, ORB adapters, braided hose, and fitting assembly tools.",https://colorfittings.com/wp-content/uploads/2026/04/ORB-Gold-Fitting-Adapter-11.png,Gold,CF-F2S-06-010-000-GD,ORB Adapters,True,"Target AN Size (-6, -8, -10)"
10.99,-6 AN to -10 AN ORB Adapter,"ColorFittings ORB Adapter Fittings are precision-engineered to connect AN flare fittings to O-Ring Boss (ORB) ports, providing a secure, leak-free solution for fuel, oil, coolant, power steering, and transmission plumbing systems. ORB ports are found on engine blocks, transmissions, power steering pumps, oil coolers, and other OEM components — making these adapters essential for any AN plumbing conversion.\n\nOur AN to ORB Adapters are manufactured to provide a perfect fit and seal when paired with ColorFittings AN fittings, which are specifically engineered for use with E85, ethanol-based fuels, and race fuels. The O-ring face seal design eliminates the need for thread sealant and provides a more reliable, vibration-resistant connection compared to NPT threads. When combined with our nylon or stainless steel braided hose, these adapters deliver reliable performance and clean routing for any high-performance plumbing system.\n\nFor best installation results, we strongly recommend using our AN Fitting Assembly Tools, which help prevent fitting damage and ensure proper hose and fitting alignment. Please reference our installation video and fitting guide for proper assembly techniques and torque recommendations.\n\nLooking to complete your system? Explore our full range of AN fittings, ORB adapters, braided hose, and fitting assembly tools.",https://colorfittings.com/wp-content/uploads/2026/04/ORB-Orange-Fitting-Adapter-11.png,Orange,CF-F2S-06-010-000-OR,ORB Adapters,True,"Target AN Size (-6, -8, -10)"
22.99,-16 AN to -16 AN ORB Adapter,"ColorFittings ORB Adapter Fittings are precision-engineered to connect AN flare fittings to O-Ring Boss (ORB) ports, providing a secure, leak-free solution for fuel, oil, coolant, power steering, and transmission plumbing systems. ORB ports are found on engine blocks, transmissions, power steering pumps, oil coolers, and other OEM components — making these adapters essential for any AN plumbing conversion.\n\nOur AN to ORB Adapters are manufactured to provide a perfect fit and seal when paired with ColorFittings AN fittings, which are specifically engineered for use with E85, ethanol-based fuels, and race fuels. The O-ring face seal design eliminates the need for thread sealant and provides a more reliable, vibration-resistant connection compared to NPT threads. When combined with our nylon or stainless steel braided hose, these adapters deliver reliable performance and clean routing for any high-performance plumbing system.\n\nFor best installation results, we strongly recommend using our AN Fitting Assembly Tools, which help prevent fitting damage and ensure proper hose and fitting alignment. Please reference our installation video and fitting guide for proper assembly techniques and torque recommendations.\n\nLooking to complete your system? Explore our full range of AN fittings, ORB adapters, braided hose, and fitting assembly tools.",https://colorfittings.com/wp-content/uploads/2026/04/ORB-Gold-Fitting-Adapter-8.png,Gold,CF-F2S-16-016-000-GD,ORB Adapters,True,"Target AN Size (-6, -8, -10)"
22.99,-16 AN to -16 AN ORB Adapter,"ColorFittings ORB Adapter Fittings are precision-engineered to connect AN flare fittings to O-Ring Boss (ORB) ports, providing a secure, leak-free solution for fuel, oil, coolant, power steering, and transmission plumbing systems. ORB ports are found on engine blocks, transmissions, power steering pumps, oil coolers, and other OEM components — making these adapters essential for any AN plumbing conversion.\n\nOur AN to ORB Adapters are manufactured to provide a perfect fit and seal when paired with ColorFittings AN fittings, which are specifically engineered for use with E85, ethanol-based fuels, and race fuels. The O-ring face seal design eliminates the need for thread sealant and provides a more reliable, vibration-resistant connection compared to NPT threads. When combined with our nylon or stainless steel braided hose, these adapters deliver reliable performance and clean routing for any high-performance plumbing system.\n\nFor best installation results, we strongly recommend using our AN Fitting Assembly Tools, which help prevent fitting damage and ensure proper hose and fitting alignment. Please reference our installation video and fitting guide for proper assembly techniques and torque recommendations.\n\nLooking to complete your system? Explore our full range of AN fittings, ORB adapters, braided hose, and fitting assembly tools.",https://colorfittings.com/wp-content/uploads/2026/04/ORB-Orange-Fitting-Adapter-8.png,Orange,CF-F2S-16-016-000-OR,ORB Adapters,True,"Target AN Size (-6, -8, -10)"
22.99,-16 AN to -16 AN ORB Adapter,"ColorFittings ORB Adapter Fittings are precision-engineered to connect AN flare fittings to O-Ring Boss (ORB) ports, providing a secure, leak-free solution for fuel, oil, coolant, power steering, and transmission plumbing systems. ORB ports are found on engine blocks, transmissions, power steering pumps, oil coolers, and other OEM components — making these adapters essential for any AN plumbing conversion.\n\nOur AN to ORB Adapters are manufactured to provide a perfect fit and seal when paired with ColorFittings AN fittings, which are specifically engineered for use with E85, ethanol-based fuels, and race fuels. The O-ring face seal design eliminates the need for thread sealant and provides a more reliable, vibration-resistant connection compared to NPT threads. When combined with our nylon or stainless steel braided hose, these adapters deliver reliable performance and clean routing for any high-performance plumbing system.\n\nFor best installation results, we strongly recommend using our AN Fitting Assembly Tools, which help prevent fitting damage and ensure proper hose and fitting alignment. Please reference our installation video and fitting guide for proper assembly techniques and torque recommendations.\n\nLooking to complete your system? Explore our full range of AN fittings, ORB adapters, braided hose, and fitting assembly tools.",https://colorfittings.com/wp-content/uploads/2026/04/ORB-Black-Fitting-Adapter-68.png,Black,CF-F2S-16-016-000-BL,ORB Adapters,True,"Target AN Size (-6, -8, -10)"
20.99,-16 AN to -12 AN ORB Adapter,"ColorFittings ORB Adapter Fittings are precision-engineered to connect AN flare fittings to O-Ring Boss (ORB) ports, providing a secure, leak-free solution for fuel, oil, coolant, power steering, and transmission plumbing systems. ORB ports are found on engine blocks, transmissions, power steering pumps, oil coolers, and other OEM components — making these adapters essential for any AN plumbing conversion.\n\nOur AN to ORB Adapters are manufactured to provide a perfect fit and seal when paired with ColorFittings AN fittings, which are specifically engineered for use with E85, ethanol-based fuels, and race fuels. The O-ring face seal design eliminates the need for thread sealant and provides a more reliable, vibration-resistant connection compared to NPT threads. When combined with our nylon or stainless steel braided hose, these adapters deliver reliable performance and clean routing for any high-performance plumbing system.\n\nFor best installation results, we strongly recommend using our AN Fitting Assembly Tools, which help prevent fitting damage and ensure proper hose and fitting alignment. Please reference our installation video and fitting guide for proper assembly techniques and torque recommendations.\n\nLooking to complete your system? Explore our full range of AN fittings, ORB adapters, braided hose, and fitting assembly tools.",https://colorfittings.com/wp-content/uploads/2026/04/ORB-Gold-Fitting-Adapter-4.png,Gold,CF-F2S-16-012-000-GD,Adapters and Unions,True,"Target AN Size (-6, -8, -10)"
20.99,-16 AN to -12 AN ORB Adapter,"ColorFittings ORB Adapter Fittings are precision-engineered to connect AN flare fittings to O-Ring Boss (ORB) ports, providing a secure, leak-free solution for fuel, oil, coolant, power steering, and transmission plumbing systems. ORB ports are found on engine blocks, transmissions, power steering pumps, oil coolers, and other OEM components — making these adapters essential for any AN plumbing conversion.\n\nOur AN to ORB Adapters are manufactured to provide a perfect fit and seal when paired with ColorFittings AN fittings, which are specifically engineered for use with E85, ethanol-based fuels, and race fuels. The O-ring face seal design eliminates the need for thread sealant and provides a more reliable, vibration-resistant connection compared to NPT threads. When combined with our nylon or stainless steel braided hose, these adapters deliver reliable performance and clean routing for any high-performance plumbing system.\n\nFor best installation results, we strongly recommend using our AN Fitting Assembly Tools, which help prevent fitting damage and ensure proper hose and fitting alignment. Please reference our installation video and fitting guide for proper assembly techniques and torque recommendations.\n\nLooking to complete your system? Explore our full range of AN fittings, ORB adapters, braided hose, and fitting assembly tools.",https://colorfittings.com/wp-content/uploads/2026/04/ORB-Orange-Fitting-Adapter-4.png,Orange,CF-F2S-16-012-000-OR,Adapters and Unions,True,"Target AN Size (-6, -8, -10)"
20.99,-16 AN to -12 AN ORB Adapter,"ColorFittings ORB Adapter Fittings are precision-engineered to connect AN flare fittings to O-Ring Boss (ORB) ports, providing a secure, leak-free solution for fuel, oil, coolant, power steering, and transmission plumbing systems. ORB ports are found on engine blocks, transmissions, power steering pumps, oil coolers, and other OEM components — making these adapters essential for any AN plumbing conversion.\n\nOur AN to ORB Adapters are manufactured to provide a perfect fit and seal when paired with ColorFittings AN fittings, which are specifically engineered for use with E85, ethanol-based fuels, and race fuels. The O-ring face seal design eliminates the need for thread sealant and provides a more reliable, vibration-resistant connection compared to NPT threads. When combined with our nylon or stainless steel braided hose, these adapters deliver reliable performance and clean routing for any high-performance plumbing system.\n\nFor best installation results, we strongly recommend using our AN Fitting Assembly Tools, which help prevent fitting damage and ensure proper hose and fitting alignment. Please reference our installation video and fitting guide for proper assembly techniques and torque recommendations.\n\nLooking to complete your system? Explore our full range of AN fittings, ORB adapters, braided hose, and fitting assembly tools.",https://colorfittings.com/wp-content/uploads/2026/04/ORB-Black-Fitting-Adapter-60.png,Black,CF-F2S-16-012-000-BL,Adapters and Unions,True,"Target AN Size (-6, -8, -10)"
10.99,-10 AN to -8 AN ORB Adapter,"ColorFittings ORB Adapter Fittings are precision-engineered to connect AN flare fittings to O-Ring Boss (ORB) ports, providing a secure, leak-free solution for fuel, oil, coolant, power steering, and transmission plumbing systems. ORB ports are found on engine blocks, transmissions, power steering pumps, oil coolers, and other OEM components — making these adapters essential for any AN plumbing conversion.\n\nOur AN to ORB Adapters are manufactured to provide a perfect fit and seal when paired with ColorFittings AN fittings, which are specifically engineered for use with E85, ethanol-based fuels, and race fuels. The O-ring face seal design eliminates the need for thread sealant and provides a more reliable, vibration-resistant connection compared to NPT threads. When combined with our nylon or stainless steel braided hose, these adapters deliver reliable performance and clean routing for any high-performance plumbing system.\n\nFor best installation results, we strongly recommend using our AN Fitting Assembly Tools, which help prevent fitting damage and ensure proper hose and fitting alignment. Please reference our installation video and fitting guide for proper assembly techniques and torque recommendations.\n\nLooking to complete your system? Explore our full range of AN fittings, ORB adapters, braided hose, and fitting assembly tools.",https://colorfittings.com/wp-content/uploads/2026/04/ORB-Gold-Fitting-Adapter-3.png,Gold,CF-F2S-10-008-000-GD,ORB Adapters,True,"Target AN Size (-6, -8, -10)"
10.99,-10 AN to -8 AN ORB Adapter,"ColorFittings ORB Adapter Fittings are precision-engineered to connect AN flare fittings to O-Ring Boss (ORB) ports, providing a secure, leak-free solution for fuel, oil, coolant, power steering, and transmission plumbing systems. ORB ports are found on engine blocks, transmissions, power steering pumps, oil coolers, and other OEM components — making these adapters essential for any AN plumbing conversion.\n\nOur AN to ORB Adapters are manufactured to provide a perfect fit and seal when paired with ColorFittings AN fittings, which are specifically engineered for use with E85, ethanol-based fuels, and race fuels. The O-ring face seal design eliminates the need for thread sealant and provides a more reliable, vibration-resistant connection compared to NPT threads. When combined with our nylon or stainless steel braided hose, these adapters deliver reliable performance and clean routing for any high-performance plumbing system.\n\nFor best installation results, we strongly recommend using our AN Fitting Assembly Tools, which help prevent fitting damage and ensure proper hose and fitting alignment. Please reference our installation video and fitting guide for proper assembly techniques and torque recommendations.\n\nLooking to complete your system? Explore our full range of AN fittings, ORB adapters, braided hose, and fitting assembly tools.",https://colorfittings.com/wp-content/uploads/2026/04/ORB-Orange-Fitting-Adapter-3.png,Orange,CF-F2S-10-008-000-OR,ORB Adapters,True,"Target AN Size (-6, -8, -10)"
10.99,-10 AN to -8 AN ORB Adapter,"ColorFittings ORB Adapter Fittings are precision-engineered to connect AN flare fittings to O-Ring Boss (ORB) ports, providing a secure, leak-free solution for fuel, oil, coolant, power steering, and transmission plumbing systems. ORB ports are found on engine blocks, transmissions, power steering pumps, oil coolers, and other OEM components — making these adapters essential for any AN plumbing conversion.\n\nOur AN to ORB Adapters are manufactured to provide a perfect fit and seal when paired with ColorFittings AN fittings, which are specifically engineered for use with E85, ethanol-based fuels, and race fuels. The O-ring face seal design eliminates the need for thread sealant and provides a more reliable, vibration-resistant connection compared to NPT threads. When combined with our nylon or stainless steel braided hose, these adapters deliver reliable performance and clean routing for any high-performance plumbing system.\n\nFor best installation results, we strongly recommend using our AN Fitting Assembly Tools, which help prevent fitting damage and ensure proper hose and fitting alignment. Please reference our installation video and fitting guide for proper assembly techniques and torque recommendations.\n\nLooking to complete your system? Explore our full range of AN fittings, ORB adapters, braided hose, and fitting assembly tools.",https://colorfittings.com/wp-content/uploads/2026/04/ORB-Black-Fitting-Adapter-58.png,Black,CF-F2S-10-008-000-BL,ORB Adapters,True,"Target AN Size (-6, -8, -10)"
11.99,-10 AN to -10 AN ORB Adapter,"ColorFittings ORB Adapter Fittings are precision-engineered to connect AN flare fittings to O-Ring Boss (ORB) ports, providing a secure, leak-free solution for fuel, oil, coolant, power steering, and transmission plumbing systems. ORB ports are found on engine blocks, transmissions, power steering pumps, oil coolers, and other OEM components — making these adapters essential for any AN plumbing conversion.\n\nOur AN to ORB Adapters are manufactured to provide a perfect fit and seal when paired with ColorFittings AN fittings, which are specifically engineered for use with E85, ethanol-based fuels, and race fuels. The O-ring face seal design eliminates the need for thread sealant and provides a more reliable, vibration-resistant connection compared to NPT threads. When combined with our nylon or stainless steel braided hose, these adapters deliver reliable performance and clean routing for any high-performance plumbing system.\n\nFor best installation results, we strongly recommend using our AN Fitting Assembly Tools, which help prevent fitting damage and ensure proper hose and fitting alignment. Please reference our installation video and fitting guide for proper assembly techniques and torque recommendations.\n\nLooking to complete your system? Explore our full range of AN fittings, ORB adapters, braided hose, and fitting assembly tools.",https://colorfittings.com/wp-content/uploads/2026/04/ORB-Gold-Fitting-Adapter-9.png,Gold,CF-F2S-10-010-000-GD,ORB Adapters,True,"Target AN Size (-6, -8, -10)"
11.99,-10 AN to -10 AN ORB Adapter,"ColorFittings ORB Adapter Fittings are precision-engineered to connect AN flare fittings to O-Ring Boss (ORB) ports, providing a secure, leak-free solution for fuel, oil, coolant, power steering, and transmission plumbing systems. ORB ports are found on engine blocks, transmissions, power steering pumps, oil coolers, and other OEM components — making these adapters essential for any AN plumbing conversion.\n\nOur AN to ORB Adapters are manufactured to provide a perfect fit and seal when paired with ColorFittings AN fittings, which are specifically engineered for use with E85, ethanol-based fuels, and race fuels. The O-ring face seal design eliminates the need for thread sealant and provides a more reliable, vibration-resistant connection compared to NPT threads. When combined with our nylon or stainless steel braided hose, these adapters deliver reliable performance and clean routing for any high-performance plumbing system.\n\nFor best installation results, we strongly recommend using our AN Fitting Assembly Tools, which help prevent fitting damage and ensure proper hose and fitting alignment. Please reference our installation video and fitting guide for proper assembly techniques and torque recommendations.\n\nLooking to complete your system? Explore our full range of AN fittings, ORB adapters, braided hose, and fitting assembly tools.",https://colorfittings.com/wp-content/uploads/2026/04/ORB-Orange-Fitting-Adapter-9.png,Orange,CF-F2S-10-010-000-OR,ORB Adapters,True,"Target AN Size (-6, -8, -10)"
8.99,-6 AN to -6 AN ORB Adapter,"ColorFittings ORB Adapter Fittings are precision-engineered to connect AN flare fittings to O-Ring Boss (ORB) ports, providing a secure, leak-free solution for fuel, oil, coolant, power steering, and transmission plumbing systems. ORB ports are found on engine blocks, transmissions, power steering pumps, oil coolers, and other OEM components — making these adapters essential for any AN plumbing conversion.\n\nOur AN to ORB Adapters are manufactured to provide a perfect fit and seal when paired with ColorFittings AN fittings, which are specifically engineered for use with E85, ethanol-based fuels, and race fuels. The O-ring face seal design eliminates the need for thread sealant and provides a more reliable, vibration-resistant connection compared to NPT threads. When combined with our nylon or stainless steel braided hose, these adapters deliver reliable performance and clean routing for any high-performance plumbing system.\n\nFor best installation results, we strongly recommend using our AN Fitting Assembly Tools, which help prevent fitting damage and ensure proper hose and fitting alignment. Please reference our installation video and fitting guide for proper assembly techniques and torque recommendations.\n\nLooking to complete your system? Explore our full range of AN fittings, ORB adapters, braided hose, and fitting assembly tools.",https://colorfittings.com/wp-content/uploads/2026/04/ORB-Gold-Fitting-Adapter-5.png,Gold,CF-F2S-06-006-000-GD,ORB Adapters,True,"Target AN Size (-6, -8, -10)"
8.99,-6 AN to -6 AN ORB Adapter,"ColorFittings ORB Adapter Fittings are precision-engineered to connect AN flare fittings to O-Ring Boss (ORB) ports, providing a secure, leak-free solution for fuel, oil, coolant, power steering, and transmission plumbing systems. ORB ports are found on engine blocks, transmissions, power steering pumps, oil coolers, and other OEM components — making these adapters essential for any AN plumbing conversion.\n\nOur AN to ORB Adapters are manufactured to provide a perfect fit and seal when paired with ColorFittings AN fittings, which are specifically engineered for use with E85, ethanol-based fuels, and race fuels. The O-ring face seal design eliminates the need for thread sealant and provides a more reliable, vibration-resistant connection compared to NPT threads. When combined with our nylon or stainless steel braided hose, these adapters deliver reliable performance and clean routing for any high-performance plumbing system.\n\nFor best installation results, we strongly recommend using our AN Fitting Assembly Tools, which help prevent fitting damage and ensure proper hose and fitting alignment. Please reference our installation video and fitting guide for proper assembly techniques and torque recommendations.\n\nLooking to complete your system? Explore our full range of AN fittings, ORB adapters, braided hose, and fitting assembly tools.",https://colorfittings.com/wp-content/uploads/2026/04/ORB-Orange-Fitting-Adapter-5.png,Orange,CF-F2S-06-006-000-OR,ORB Adapters,True,"Target AN Size (-6, -8, -10)"
8.99,-6 AN to -6 AN ORB Adapter,"ColorFittings ORB Adapter Fittings are precision-engineered to connect AN flare fittings to O-Ring Boss (ORB) ports, providing a secure, leak-free solution for fuel, oil, coolant, power steering, and transmission plumbing systems. ORB ports are found on engine blocks, transmissions, power steering pumps, oil coolers, and other OEM components — making these adapters essential for any AN plumbing conversion.\n\nOur AN to ORB Adapters are manufactured to provide a perfect fit and seal when paired with ColorFittings AN fittings, which are specifically engineered for use with E85, ethanol-based fuels, and race fuels. The O-ring face seal design eliminates the need for thread sealant and provides a more reliable, vibration-resistant connection compared to NPT threads. When combined with our nylon or stainless steel braided hose, these adapters deliver reliable performance and clean routing for any high-performance plumbing system.\n\nFor best installation results, we strongly recommend using our AN Fitting Assembly Tools, which help prevent fitting damage and ensure proper hose and fitting alignment. Please reference our installation video and fitting guide for proper assembly techniques and torque recommendations.\n\nLooking to complete your system? Explore our full range of AN fittings, ORB adapters, braided hose, and fitting assembly tools.",https://colorfittings.com/wp-content/uploads/2026/04/ORB-Black-Fitting-Adapter-62.png,Black,CF-F2S-06-006-000-BL,ORB Adapters,True,"Target AN Size (-6, -8, -10)"
9.49,-16 AN Cap / Blockoff,"ColorFittings AN Caps are precision CNC-machined to securely seal unused AN ports, fittings, and lines in fuel, oil, coolant, brake, transmission, and power steering systems. Designed with a true 37-degree AN flare seat, these caps provide a clean, leak-free solution for closing off unused connections during maintenance, fabrication, or custom plumbing projects.\nManufactured from aerospace-grade 6061-T6 billet aluminum and finished with ColorFittings' proprietary polishing and anodizing process, these AN caps deliver superior strength, corrosion resistance, and long-term durability. Built for high-pressure and high-temperature environments, they are compatible with E85, ethanol-based fuels, race fuel, pump gas, oil, coolant, hydraulic fluid, and air systems.\nPerfect for race builds, street performance vehicles, engine bay fabrication, and custom fluid systems, ColorFittings AN Caps provide a professional finish while protecting unused ports from contamination.\nFinish your system with our AN fittings, adapters, braided hose, and fitting assembly tools.",https://colorfittings.com/wp-content/uploads/2019/08/cf-dash-cap-purple-5.png,Black,CF-FCO-16-000-000-BL,"Caps, Plugs, and Blockoffs",True,"Target AN Size (-6, -8, -10)"
9.49,-10 AN Cap / Blockoff,"ColorFittings AN Caps are precision CNC-machined to securely seal unused AN ports, fittings, and lines in fuel, oil, coolant, brake, transmission, and power steering systems. Designed with a true 37-degree AN flare seat, these caps provide a clean, leak-free solution for closing off unused connections during maintenance, fabrication, or custom plumbing projects.\nManufactured from aerospace-grade 6061-T6 billet aluminum and finished with ColorFittings' proprietary polishing and anodizing process, these AN caps deliver superior strength, corrosion resistance, and long-term durability. Built for high-pressure and high-temperature environments, they are compatible with E85, ethanol-based fuels, race fuel, pump gas, oil, coolant, hydraulic fluid, and air systems.\nPerfect for race builds, street performance vehicles, engine bay fabrication, and custom fluid systems, ColorFittings AN Caps provide a professional finish while protecting unused ports from contamination.\nFinish your system with our AN fittings, adapters, braided hose, and fitting assembly tools.",https://colorfittings.com/wp-content/uploads/2019/08/cf-dash-cap-purple-5.png,Black,CF-FCO-10-000-000-BL,"Caps, Plugs, and Blockoffs",True,"Target AN Size (-6, -8, -10)"
8.49,-8 AN Cap / Blockoff,"ColorFittings AN Caps are precision CNC-machined to securely seal unused AN ports, fittings, and lines in fuel, oil, coolant, brake, transmission, and power steering systems. Designed with a true 37-degree AN flare seat, these caps provide a clean, leak-free solution for closing off unused connections during maintenance, fabrication, or custom plumbing projects.\nManufactured from aerospace-grade 6061-T6 billet aluminum and finished with ColorFittings' proprietary polishing and anodizing process, these AN caps deliver superior strength, corrosion resistance, and long-term durability. Built for high-pressure and high-temperature environments, they are compatible with E85, ethanol-based fuels, race fuel, pump gas, oil, coolant, hydraulic fluid, and air systems.\nPerfect for race builds, street performance vehicles, engine bay fabrication, and custom fluid systems, ColorFittings AN Caps provide a professional finish while protecting unused ports from contamination.\nFinish your system with our AN fittings, adapters, braided hose, and fitting assembly tools.",https://colorfittings.com/wp-content/uploads/2019/08/cf-dash-cap-purple-5.png,Black,CF-FCO-08-000-000-BL,"Caps, Plugs, and Blockoffs",True,"Target AN Size (-6, -8, -10)"
6.49,-6 AN Cap / Blockoff,"ColorFittings AN Caps are precision CNC-machined to securely seal unused AN ports, fittings, and lines in fuel, oil, coolant, brake, transmission, and power steering systems. Designed with a true 37-degree AN flare seat, these caps provide a clean, leak-free solution for closing off unused connections during maintenance, fabrication, or custom plumbing projects.\nManufactured from aerospace-grade 6061-T6 billet aluminum and finished with ColorFittings' proprietary polishing and anodizing process, these AN caps deliver superior strength, corrosion resistance, and long-term durability. Built for high-pressure and high-temperature environments, they are compatible with E85, ethanol-based fuels, race fuel, pump gas, oil, coolant, hydraulic fluid, and air systems.\nPerfect for race builds, street performance vehicles, engine bay fabrication, and custom fluid systems, ColorFittings AN Caps provide a professional finish while protecting unused ports from contamination.\nFinish your system with our AN fittings, adapters, braided hose, and fitting assembly tools.",https://colorfittings.com/wp-content/uploads/2019/08/cf-dash-cap-purple-5.png,Black,CF-FCO-06-000-000-BL,"Caps, Plugs, and Blockoffs",True,"Target AN Size (-6, -8, -10)"
9.49,-16 AN Cap / Blockoff,"ColorFittings AN Caps are precision CNC-machined to securely seal unused AN ports, fittings, and lines in fuel, oil, coolant, brake, transmission, and power steering systems. Designed with a true 37-degree AN flare seat, these caps provide a clean, leak-free solution for closing off unused connections during maintenance, fabrication, or custom plumbing projects.\nManufactured from aerospace-grade 6061-T6 billet aluminum and finished with ColorFittings' proprietary polishing and anodizing process, these AN caps deliver superior strength, corrosion resistance, and long-term durability. Built for high-pressure and high-temperature environments, they are compatible with E85, ethanol-based fuels, race fuel, pump gas, oil, coolant, hydraulic fluid, and air systems.\nPerfect for race builds, street performance vehicles, engine bay fabrication, and custom fluid systems, ColorFittings AN Caps provide a professional finish while protecting unused ports from contamination.\nFinish your system with our AN fittings, adapters, braided hose, and fitting assembly tools.",https://colorfittings.com/wp-content/uploads/2021/09/AN-fitting-cap-gold.png,Gold,CF-FCO-16-000-000-GD,"Caps, Plugs, and Blockoffs",True,"Target AN Size (-6, -8, -10)"
9.49,-16 AN Cap / Blockoff,"ColorFittings AN Caps are precision CNC-machined to securely seal unused AN ports, fittings, and lines in fuel, oil, coolant, brake, transmission, and power steering systems. Designed with a true 37-degree AN flare seat, these caps provide a clean, leak-free solution for closing off unused connections during maintenance, fabrication, or custom plumbing projects.\nManufactured from aerospace-grade 6061-T6 billet aluminum and finished with ColorFittings' proprietary polishing and anodizing process, these AN caps deliver superior strength, corrosion resistance, and long-term durability. Built for high-pressure and high-temperature environments, they are compatible with E85, ethanol-based fuels, race fuel, pump gas, oil, coolant, hydraulic fluid, and air systems.\nPerfect for race builds, street performance vehicles, engine bay fabrication, and custom fluid systems, ColorFittings AN Caps provide a professional finish while protecting unused ports from contamination.\nFinish your system with our AN fittings, adapters, braided hose, and fitting assembly tools.",https://colorfittings.com/wp-content/uploads/2019/08/cf-dash-cap-purple-5.png,Purple,CF-FCO-16-000-000-PU,"Caps, Plugs, and Blockoffs",True,"Target AN Size (-6, -8, -10)"
9.99,"8 AN to 3/8"" NPT Adapter","ColorFittings AN to NPT Adapter Fittings are precision-engineered to connect AN flare fittings to NPT ports, providing a secure, leak-free solution for fuel, oil, coolant, and power steering plumbing systems.\n\nOur AN to NPT Adapters are manufactured to provide a perfect fit and seal when paired with ColorFittings AN fittings, which are specifically engineered for use with E85, ethanol-based fuels, and race fuels. When combined with our nylon or stainless steel braided hose, these adapters deliver reliable performance and clean routing for any high-performance plumbing system.\n\nFor best installation results, we strongly recommend using our AN Fitting Assembly Tools, which help prevent fitting damage and ensure proper hose and fitting alignment. Please reference our installation video and fitting guide for proper assembly techniques and torque recommendations.\n\nLooking to complete your system? Explore our full range of AN fittings, NPT adapters, braided hose, and fitting assembly tools.",https://colorfittings.com/wp-content/uploads/2026/04/Flare-To-NPT-Adapter-Black-17.png,Black,CF-F2N-08-038-000-BL,NPT Adapters,True,"Target AN Size (-6, -8, -10)"
9.99,"8 AN to 1/4"" NPT Adapter","ColorFittings AN to NPT Adapter Fittings are precision-engineered to connect AN flare fittings to NPT ports, providing a secure, leak-free solution for fuel, oil, coolant, and power steering plumbing systems.\n\nOur AN to NPT Adapters are manufactured to provide a perfect fit and seal when paired with ColorFittings AN fittings, which are specifically engineered for use with E85, ethanol-based fuels, and race fuels. When combined with our nylon or stainless steel braided hose, these adapters deliver reliable performance and clean routing for any high-performance plumbing system.\n\nFor best installation results, we strongly recommend using our AN Fitting Assembly Tools, which help prevent fitting damage and ensure proper hose and fitting alignment. Please reference our installation video and fitting guide for proper assembly techniques and torque recommendations.\n\nLooking to complete your system? Explore our full range of AN fittings, NPT adapters, braided hose, and fitting assembly tools.",https://colorfittings.com/wp-content/uploads/2026/04/Flare-To-NPT-Adapter-Black-8.png,Black,CF-F2N-08-014-000-BL,NPT Adapters,True,"Target AN Size (-6, -8, -10)"
9.99,"8 AN to 3/4"" NPT Adapter","ColorFittings AN to NPT Adapter Fittings are precision-engineered to connect AN flare fittings to NPT ports, providing a secure, leak-free solution for fuel, oil, coolant, and power steering plumbing systems.\n\nOur AN to NPT Adapters are manufactured to provide a perfect fit and seal when paired with ColorFittings AN fittings, which are specifically engineered for use with E85, ethanol-based fuels, and race fuels. When combined with our nylon or stainless steel braided hose, these adapters deliver reliable performance and clean routing for any high-performance plumbing system.\n\nFor best installation results, we strongly recommend using our AN Fitting Assembly Tools, which help prevent fitting damage and ensure proper hose and fitting alignment. Please reference our installation video and fitting guide for proper assembly techniques and torque recommendations.\n\nLooking to complete your system? Explore our full range of AN fittings, NPT adapters, braided hose, and fitting assembly tools.",https://colorfittings.com/wp-content/uploads/2026/04/Flare-To-NPT-Adapter-Black-21.png,Black,CF-F2N-08-034-000-BL,NPT Adapters,True,"Target AN Size (-6, -8, -10)"
9.99,"8 AN to 1/2"" NPT Adapter","ColorFittings AN to NPT Adapter Fittings are precision-engineered to connect AN flare fittings to NPT ports, providing a secure, leak-free solution for fuel, oil, coolant, and power steering plumbing systems.\n\nOur AN to NPT Adapters are manufactured to provide a perfect fit and seal when paired with ColorFittings AN fittings, which are specifically engineered for use with E85, ethanol-based fuels, and race fuels. When combined with our nylon or stainless steel braided hose, these adapters deliver reliable performance and clean routing for any high-performance plumbing system.\n\nFor best installation results, we strongly recommend using our AN Fitting Assembly Tools, which help prevent fitting damage and ensure proper hose and fitting alignment. Please reference our installation video and fitting guide for proper assembly techniques and torque recommendations.\n\nLooking to complete your system? Explore our full range of AN fittings, NPT adapters, braided hose, and fitting assembly tools.",https://colorfittings.com/wp-content/uploads/2026/04/Flare-To-NPT-Adapter-Black-19.png,Black,CF-F2N-08-012-000-BL,NPT Adapters,True,"Target AN Size (-6, -8, -10)"
7.99,"6 AN to 3/8"" NPT Adapter","ColorFittings AN to NPT Adapter Fittings are precision-engineered to connect AN flare fittings to NPT ports, providing a secure, leak-free solution for fuel, oil, coolant, and power steering plumbing systems.\n\nOur AN to NPT Adapters are manufactured to provide a perfect fit and seal when paired with ColorFittings AN fittings, which are specifically engineered for use with E85, ethanol-based fuels, and race fuels. When combined with our nylon or stainless steel braided hose, these adapters deliver reliable performance and clean routing for any high-performance plumbing system.\n\nFor best installation results, we strongly recommend using our AN Fitting Assembly Tools, which help prevent fitting damage and ensure proper hose and fitting alignment. Please reference our installation video and fitting guide for proper assembly techniques and torque recommendations.\n\nLooking to complete your system? Explore our full range of AN fittings, NPT adapters, braided hose, and fitting assembly tools.",https://colorfittings.com/wp-content/uploads/2026/04/Flare-To-NPT-Adapter-Black-11.png,Black,CF-F2N-06-038-000-BL,NPT Adapters,True,"Target AN Size (-6, -8, -10)"
7.99,"6 AN to 3/4"" NPT Adapter","ColorFittings AN to NPT Adapter Fittings are precision-engineered to connect AN flare fittings to NPT ports, providing a secure, leak-free solution for fuel, oil, coolant, and power steering plumbing systems.\n\nOur AN to NPT Adapters are manufactured to provide a perfect fit and seal when paired with ColorFittings AN fittings, which are specifically engineered for use with E85, ethanol-based fuels, and race fuels. When combined with our nylon or stainless steel braided hose, these adapters deliver reliable performance and clean routing for any high-performance plumbing system.\n\nFor best installation results, we strongly recommend using our AN Fitting Assembly Tools, which help prevent fitting damage and ensure proper hose and fitting alignment. Please reference our installation video and fitting guide for proper assembly techniques and torque recommendations.\n\nLooking to complete your system? Explore our full range of AN fittings, NPT adapters, braided hose, and fitting assembly tools.",https://colorfittings.com/wp-content/uploads/2026/04/Flare-To-NPT-Adapter-Black-15.png,Black,CF-F2N-06-034-000-BL,NPT Adapters,True,"Target AN Size (-6, -8, -10)"
7.99,"6 AN to 1/8"" NPT Adapter","ColorFittings AN to NPT Adapter Fittings are precision-engineered to connect AN flare fittings to NPT ports, providing a secure, leak-free solution for fuel, oil, coolant, and power steering plumbing systems.\n\nOur AN to NPT Adapters are manufactured to provide a perfect fit and seal when paired with ColorFittings AN fittings, which are specifically engineered for use with E85, ethanol-based fuels, and race fuels. When combined with our nylon or stainless steel braided hose, these adapters deliver reliable performance and clean routing for any high-performance plumbing system.\n\nFor best installation results, we strongly recommend using our AN Fitting Assembly Tools, which help prevent fitting damage and ensure proper hose and fitting alignment. Please reference our installation video and fitting guide for proper assembly techniques and torque recommendations.\n\nLooking to complete your system? Explore our full range of AN fittings, NPT adapters, braided hose, and fitting assembly tools.",https://colorfittings.com/wp-content/uploads/2026/04/Flare-To-NPT-Adapter-Black-9.png,Black,CF-F2N-06-018-000-BL,NPT Adapters,True,"Target AN Size (-6, -8, -10)"
7.99,"6 AN to 1/4"" NPT Adapter","ColorFittings AN to NPT Adapter Fittings are precision-engineered to connect AN flare fittings to NPT ports, providing a secure, leak-free solution for fuel, oil, coolant, and power steering plumbing systems.\n\nOur AN to NPT Adapters are manufactured to provide a perfect fit and seal when paired with ColorFittings AN fittings, which are specifically engineered for use with E85, ethanol-based fuels, and race fuels. When combined with our nylon or stainless steel braided hose, these adapters deliver reliable performance and clean routing for any high-performance plumbing system.\n\nFor best installation results, we strongly recommend using our AN Fitting Assembly Tools, which help prevent fitting damage and ensure proper hose and fitting alignment. Please reference our installation video and fitting guide for proper assembly techniques and torque recommendations.\n\nLooking to complete your system? Explore our full range of AN fittings, NPT adapters, braided hose, and fitting assembly tools.",https://colorfittings.com/wp-content/uploads/2026/02/Flare-To-NPT-Adapter-Black.png,Black,CF-F2N-06-014-000-BL,NPT Adapters,True,"Target AN Size (-6, -8, -10)"
7.99,"6 AN to 1/2"" NPT Adapter","ColorFittings AN to NPT Adapter Fittings are precision-engineered to connect AN flare fittings to NPT ports, providing a secure, leak-free solution for fuel, oil, coolant, and power steering plumbing systems.\n\nOur AN to NPT Adapters are manufactured to provide a perfect fit and seal when paired with ColorFittings AN fittings, which are specifically engineered for use with E85, ethanol-based fuels, and race fuels. When combined with our nylon or stainless steel braided hose, these adapters deliver reliable performance and clean routing for any high-performance plumbing system.\n\nFor best installation results, we strongly recommend using our AN Fitting Assembly Tools, which help prevent fitting damage and ensure proper hose and fitting alignment. Please reference our installation video and fitting guide for proper assembly techniques and torque recommendations.\n\nLooking to complete your system? Explore our full range of AN fittings, NPT adapters, braided hose, and fitting assembly tools.",https://colorfittings.com/wp-content/uploads/2026/04/Flare-To-NPT-Adapter-Black-13.png,Black,CF-F2N-06-012-000-BL,NPT Adapters,True,"Target AN Size (-6, -8, -10)"
10.99,"10 AN to 3/8"" NPT Adapter","ColorFittings AN to NPT Adapter Fittings are precision-engineered to connect AN flare fittings to NPT ports, providing a secure, leak-free solution for fuel, oil, coolant, and power steering plumbing systems.\n\nOur AN to NPT Adapters are manufactured to provide a perfect fit and seal when paired with ColorFittings AN fittings, which are specifically engineered for use with E85, ethanol-based fuels, and race fuels. When combined with our nylon or stainless steel braided hose, these adapters deliver reliable performance and clean routing for any high-performance plumbing system.\n\nFor best installation results, we strongly recommend using our AN Fitting Assembly Tools, which help prevent fitting damage and ensure proper hose and fitting alignment. Please reference our installation video and fitting guide for proper assembly techniques and torque recommendations.\n\nLooking to complete your system? Explore our full range of AN fittings, NPT adapters, braided hose, and fitting assembly tools.",https://colorfittings.com/wp-content/uploads/2026/04/Flare-To-NPT-Adapter-Black-25.png,Black,CF-F2N-10-038-000-BL,NPT Adapters,True,"Target AN Size (-6, -8, -10)"
10.99,"10 AN to 3/4"" NPT Adapter","ColorFittings AN to NPT Adapter Fittings are precision-engineered to connect AN flare fittings to NPT ports, providing a secure, leak-free solution for fuel, oil, coolant, and power steering plumbing systems.\n\nOur AN to NPT Adapters are manufactured to provide a perfect fit and seal when paired with ColorFittings AN fittings, which are specifically engineered for use with E85, ethanol-based fuels, and race fuels. When combined with our nylon or stainless steel braided hose, these adapters deliver reliable performance and clean routing for any high-performance plumbing system.\n\nFor best installation results, we strongly recommend using our AN Fitting Assembly Tools, which help prevent fitting damage and ensure proper hose and fitting alignment. Please reference our installation video and fitting guide for proper assembly techniques and torque recommendations.\n\nLooking to complete your system? Explore our full range of AN fittings, NPT adapters, braided hose, and fitting assembly tools.",https://colorfittings.com/wp-content/uploads/2026/04/Flare-To-NPT-Adapter-Black-27.png,Black,CF-F2N-10-034-000-BL,NPT Adapters,True,"Target AN Size (-6, -8, -10)"
14.99,10 AN to M22x1.5mm Short Body Adapter w/ O-Ring for Oil Coolers,"ColorFittings AN to Metric Adapter and Union Fittings are precision-engineered to connect metric female ports to AN flare fittings, providing a secure, leak-free solution for fuel, oil, coolant, and power steering plumbing systems.\nEach adapter is CNC machined from 6061-T6 billet aluminum and finished with ColorFittings’ proprietary polishing and anodizing process for maximum strength, corrosion resistance, and long-term durability. These fittings are designed to withstand high pressure and high temperature environments commonly found in racing, street performance, marine, and aviation applications.\nOur AN to Metric Adapters are manufactured to provide a perfect fit and seal when paired with ColorFittings AN fittings, which are specifically engineered for use with E85, ethanol-based fuels, and race fuels. When combined with our nylon or stainless steel braided hose, these adapters deliver reliable performance and clean routing for any high-performance plumbing system.\nFor best installation results, we strongly recommend using our AN Fitting Assembly Tools, which help prevent fitting damage and ensure proper hose and fitting alignment. Please reference our installation video and fitting guide for proper assembly techniques and torque recommendations.\nLooking to complete your system? Explore our full range of AN fittings, metric adapters, braided hose, and fitting assembly tools.",https://colorfittings.com/wp-content/uploads/2021/12/ORB-Orange-Fitting-Adapter.png,Orange,CF-F2M-10-B22-015-OR,Adapters and Unions,True,"Target AN Size (-6, -8, -10)"
14.99,10 AN to M22x1.5mm Short Body Adapter w/ O-Ring for Oil Coolers,"ColorFittings AN to Metric Adapter and Union Fittings are precision-engineered to connect metric female ports to AN flare fittings, providing a secure, leak-free solution for fuel, oil, coolant, and power steering plumbing systems.\nEach adapter is CNC machined from 6061-T6 billet aluminum and finished with ColorFittings’ proprietary polishing and anodizing process for maximum strength, corrosion resistance, and long-term durability. These fittings are designed to withstand high pressure and high temperature environments commonly found in racing, street performance, marine, and aviation applications.\nOur AN to Metric Adapters are manufactured to provide a perfect fit and seal when paired with ColorFittings AN fittings, which are specifically engineered for use with E85, ethanol-based fuels, and race fuels. When combined with our nylon or stainless steel braided hose, these adapters deliver reliable performance and clean routing for any high-performance plumbing system.\nFor best installation results, we strongly recommend using our AN Fitting Assembly Tools, which help prevent fitting damage and ensure proper hose and fitting alignment. Please reference our installation video and fitting guide for proper assembly techniques and torque recommendations.\nLooking to complete your system? Explore our full range of AN fittings, metric adapters, braided hose, and fitting assembly tools.",https://colorfittings.com/wp-content/uploads/2021/12/ORB-Green-Fitting-Adapter.png,Green,CF-F2M-10-B22-015-GR,Adapters and Unions,True,"Target AN Size (-6, -8, -10)"
14.99,10 AN to M22x1.5mm Short Body Adapter w/ O-Ring for Oil Coolers,"ColorFittings AN to Metric Adapter and Union Fittings are precision-engineered to connect metric female ports to AN flare fittings, providing a secure, leak-free solution for fuel, oil, coolant, and power steering plumbing systems.\nEach adapter is CNC machined from 6061-T6 billet aluminum and finished with ColorFittings’ proprietary polishing and anodizing process for maximum strength, corrosion resistance, and long-term durability. These fittings are designed to withstand high pressure and high temperature environments commonly found in racing, street performance, marine, and aviation applications.\nOur AN to Metric Adapters are manufactured to provide a perfect fit and seal when paired with ColorFittings AN fittings, which are specifically engineered for use with E85, ethanol-based fuels, and race fuels. When combined with our nylon or stainless steel braided hose, these adapters deliver reliable performance and clean routing for any high-performance plumbing system.\nFor best installation results, we strongly recommend using our AN Fitting Assembly Tools, which help prevent fitting damage and ensure proper hose and fitting alignment. Please reference our installation video and fitting guide for proper assembly techniques and torque recommendations.\nLooking to complete your system? Explore our full range of AN fittings, metric adapters, braided hose, and fitting assembly tools.",https://colorfittings.com/wp-content/uploads/2021/12/ORB-Red-Fitting-Adapter.png,Red,CF-F2M-10-B22-015-RD,Adapters and Unions,True,"Target AN Size (-6, -8, -10)"
14.99,10 AN to M22x1.5mm Short Body Adapter w/ O-Ring for Oil Coolers,"ColorFittings AN to Metric Adapter and Union Fittings are precision-engineered to connect metric female ports to AN flare fittings, providing a secure, leak-free solution for fuel, oil, coolant, and power steering plumbing systems.\nEach adapter is CNC machined from 6061-T6 billet aluminum and finished with ColorFittings’ proprietary polishing and anodizing process for maximum strength, corrosion resistance, and long-term durability. These fittings are designed to withstand high pressure and high temperature environments commonly found in racing, street performance, marine, and aviation applications.\nOur AN to Metric Adapters are manufactured to provide a perfect fit and seal when paired with ColorFittings AN fittings, which are specifically engineered for use with E85, ethanol-based fuels, and race fuels. When combined with our nylon or stainless steel braided hose, these adapters deliver reliable performance and clean routing for any high-performance plumbing system.\nFor best installation results, we strongly recommend using our AN Fitting Assembly Tools, which help prevent fitting damage and ensure proper hose and fitting alignment. Please reference our installation video and fitting guide for proper assembly techniques and torque recommendations.\nLooking to complete your system? Explore our full range of AN fittings, metric adapters, braided hose, and fitting assembly tools.",https://colorfittings.com/wp-content/uploads/2021/12/ORB-Teal-Fitting-Adapter.png,Teal,CF-F2M-10-B22-015-TL,Adapters and Unions,True,"Target AN Size (-6, -8, -10)"
14.99,10 AN to M22x1.5mm Short Body Adapter w/ O-Ring for Oil Coolers,"ColorFittings AN to Metric Adapter and Union Fittings are precision-engineered to connect metric female ports to AN flare fittings, providing a secure, leak-free solution for fuel, oil, coolant, and power steering plumbing systems.\nEach adapter is CNC machined from 6061-T6 billet aluminum and finished with ColorFittings’ proprietary polishing and anodizing process for maximum strength, corrosion resistance, and long-term durability. These fittings are designed to withstand high pressure and high temperature environments commonly found in racing, street performance, marine, and aviation applications.\nOur AN to Metric Adapters are manufactured to provide a perfect fit and seal when paired with ColorFittings AN fittings, which are specifically engineered for use with E85, ethanol-based fuels, and race fuels. When combined with our nylon or stainless steel braided hose, these adapters deliver reliable performance and clean routing for any high-performance plumbing system.\nFor best installation results, we strongly recommend using our AN Fitting Assembly Tools, which help prevent fitting damage and ensure proper hose and fitting alignment. Please reference our installation video and fitting guide for proper assembly techniques and torque recommendations.\nLooking to complete your system? Explore our full range of AN fittings, metric adapters, braided hose, and fitting assembly tools.",https://colorfittings.com/wp-content/uploads/2021/12/ORB-Gold-Fitting-Adapter.png,Gold,CF-F2M-10-B22-015-GD,Adapters and Unions,True,"Target AN Size (-6, -8, -10)"
14.99,10 AN to M22x1.5mm Short Body Adapter w/ O-Ring for Oil Coolers,"ColorFittings AN to Metric Adapter and Union Fittings are precision-engineered to connect metric female ports to AN flare fittings, providing a secure, leak-free solution for fuel, oil, coolant, and power steering plumbing systems.\nEach adapter is CNC machined from 6061-T6 billet aluminum and finished with ColorFittings’ proprietary polishing and anodizing process for maximum strength, corrosion resistance, and long-term durability. These fittings are designed to withstand high pressure and high temperature environments commonly found in racing, street performance, marine, and aviation applications.\nOur AN to Metric Adapters are manufactured to provide a perfect fit and seal when paired with ColorFittings AN fittings, which are specifically engineered for use with E85, ethanol-based fuels, and race fuels. When combined with our nylon or stainless steel braided hose, these adapters deliver reliable performance and clean routing for any high-performance plumbing system.\nFor best installation results, we strongly recommend using our AN Fitting Assembly Tools, which help prevent fitting damage and ensure proper hose and fitting alignment. Please reference our installation video and fitting guide for proper assembly techniques and torque recommendations.\nLooking to complete your system? Explore our full range of AN fittings, metric adapters, braided hose, and fitting assembly tools.",https://colorfittings.com/wp-content/uploads/2021/12/ORB-Black-Fitting-Adapter.png,Black,CF-F2M-10-B22-015-BL,Adapters and Unions,True,"Target AN Size (-6, -8, -10)"
14.99,-10 AN to M22x1.5mm Metric Adapter,"ColorFittings AN to Metric Adapter and Union Fittings are precision-engineered to connect metric female ports to AN flare fittings, providing a secure, leak-free solution for fuel, oil, coolant, and power steering plumbing systems.\nEach adapter is CNC machined from 6061-T6 billet aluminum and finished with ColorFittings' proprietary polishing and anodizing process for maximum strength, corrosion resistance, and long-term durability. These fittings are designed to withstand high pressure and high temperature environments commonly found in racing, street performance, marine, and aviation applications.\nOur AN to Metric Adapters are manufactured to provide a perfect fit and seal when paired with ColorFittings AN fittings, which are specifically engineered for use with E85, ethanol-based fuels, and race fuels. When combined with our nylon or stainless steel braided hose, these adapters deliver reliable performance and clean routing for any high-performance plumbing system.\nLooking to complete your system? Explore our full range of AN fittings, metric adapters, braided hose, and fitting assembly tools.",https://colorfittings.com/wp-content/uploads/2026/04/Flare-To-Metric-Adapter-Black-126.png,Black,CF-F2M-10-022-015-BL,Adapters and Unions,True,"Target AN Size (-6, -8, -10)"
14.99,-10 AN to M20x1.5mm Metric Adapter,"ColorFittings AN to Metric Adapter and Union Fittings are precision-engineered to connect metric female ports to AN flare fittings, providing a secure, leak-free solution for fuel, oil, coolant, and power steering plumbing systems.\nEach adapter is CNC machined from 6061-T6 billet aluminum and finished with ColorFittings' proprietary polishing and anodizing process for maximum strength, corrosion resistance, and long-term durability. These fittings are designed to withstand high pressure and high temperature environments commonly found in racing, street performance, marine, and aviation applications.\nOur AN to Metric Adapters are manufactured to provide a perfect fit and seal when paired with ColorFittings AN fittings, which are specifically engineered for use with E85, ethanol-based fuels, and race fuels. When combined with our nylon or stainless steel braided hose, these adapters deliver reliable performance and clean routing for any high-performance plumbing system.\nLooking to complete your system? Explore our full range of AN fittings, metric adapters, braided hose, and fitting assembly tools.",https://colorfittings.com/wp-content/uploads/2026/04/Flare-To-Metric-Adapter-Black-85.png,Black,CF-F2M-10-020-015-BL,Adapters and Unions,True,"Target AN Size (-6, -8, -10)"
14.99,-10 AN to M18x1.5mm Metric Adapter,"ColorFittings AN to Metric Adapter and Union Fittings are precision-engineered to connect metric female ports to AN flare fittings, providing a secure, leak-free solution for fuel, oil, coolant, and power steering plumbing systems.\nEach adapter is CNC machined from 6061-T6 billet aluminum and finished with ColorFittings' proprietary polishing and anodizing process for maximum strength, corrosion resistance, and long-term durability. These fittings are designed to withstand high pressure and high temperature environments commonly found in racing, street performance, marine, and aviation applications.\nOur AN to Metric Adapters are manufactured to provide a perfect fit and seal when paired with ColorFittings AN fittings, which are specifically engineered for use with E85, ethanol-based fuels, and race fuels. When combined with our nylon or stainless steel braided hose, these adapters deliver reliable performance and clean routing for any high-performance plumbing system.\nLooking to complete your system? Explore our full range of AN fittings, metric adapters, braided hose, and fitting assembly tools.",https://colorfittings.com/wp-content/uploads/2026/04/Flare-To-Metric-Adapter-Black-122.png,Black,CF-F2M-10-018-015-BL,Adapters and Unions,True,"Target AN Size (-6, -8, -10)"
14.99,-10 AN to M16x1.5mm Metric Adapter,"ColorFittings AN to Metric Adapter and Union Fittings are precision-engineered to connect metric female ports to AN flare fittings, providing a secure, leak-free solution for fuel, oil, coolant, and power steering plumbing systems.\nEach adapter is CNC machined from 6061-T6 billet aluminum and finished with ColorFittings' proprietary polishing and anodizing process for maximum strength, corrosion resistance, and long-term durability. These fittings are designed to withstand high pressure and high temperature environments commonly found in racing, street performance, marine, and aviation applications.\nOur AN to Metric Adapters are manufactured to provide a perfect fit and seal when paired with ColorFittings AN fittings, which are specifically engineered for use with E85, ethanol-based fuels, and race fuels. When combined with our nylon or stainless steel braided hose, these adapters deliver reliable performance and clean routing for any high-performance plumbing system.\nLooking to complete your system? Explore our full range of AN fittings, metric adapters, braided hose, and fitting assembly tools.",https://colorfittings.com/wp-content/uploads/2026/04/Flare-To-Metric-Adapter-Black-120.png,Black,CF-F2M-10-016-015-BL,Adapters and Unions,True,"Target AN Size (-6, -8, -10)"
14.99,-10 AN to M14x1.5mm Metric Adapter,"ColorFittings AN to Metric Adapter and Union Fittings are precision-engineered to connect metric female ports to AN flare fittings, providing a secure, leak-free solution for fuel, oil, coolant, and power steering plumbing systems.\nEach adapter is CNC machined from 6061-T6 billet aluminum and finished with ColorFittings' proprietary polishing and anodizing process for maximum strength, corrosion resistance, and long-term durability. These fittings are designed to withstand high pressure and high temperature environments commonly found in racing, street performance, marine, and aviation applications.\nOur AN to Metric Adapters are manufactured to provide a perfect fit and seal when paired with ColorFittings AN fittings, which are specifically engineered for use with E85, ethanol-based fuels, and race fuels. When combined with our nylon or stainless steel braided hose, these adapters deliver reliable performance and clean routing for any high-performance plumbing system.\nLooking to complete your system? Explore our full range of AN fittings, metric adapters, braided hose, and fitting assembly tools.",https://colorfittings.com/wp-content/uploads/2026/04/Flare-To-Metric-Adapter-Purple-9.png,Purple,CF-F2M-10-014-015-PU,Adapters and Unions,True,"Target AN Size (-6, -8, -10)"
14.99,-10 AN to M12x1.5mm Metric Adapter,"ColorFittings AN to Metric Adapter and Union Fittings are precision-engineered to connect metric female ports to AN flare fittings, providing a secure, leak-free solution for fuel, oil, coolant, and power steering plumbing systems.\nEach adapter is CNC machined from 6061-T6 billet aluminum and finished with ColorFittings' proprietary polishing and anodizing process for maximum strength, corrosion resistance, and long-term durability. These fittings are designed to withstand high pressure and high temperature environments commonly found in racing, street performance, marine, and aviation applications.\nOur AN to Metric Adapters are manufactured to provide a perfect fit and seal when paired with ColorFittings AN fittings, which are specifically engineered for use with E85, ethanol-based fuels, and race fuels. When combined with our nylon or stainless steel braided hose, these adapters deliver reliable performance and clean routing for any high-performance plumbing system.\nLooking to complete your system? Explore our full range of AN fittings, metric adapters, braided hose, and fitting assembly tools.",https://colorfittings.com/wp-content/uploads/2026/04/Flare-To-Metric-Adapter-Black-81.png,Black,CF-F2M-10-012-015-BL,Adapters and Unions,True,"Target AN Size (-6, -8, -10)"
14.99,-10 AN to M12x1.25mm Metric Adapter,"ColorFittings AN to Metric Adapter and Union Fittings are precision-engineered to connect metric female ports to AN flare fittings, providing a secure, leak-free solution for fuel, oil, coolant, and power steering plumbing systems.\nEach adapter is CNC machined from 6061-T6 billet aluminum and finished with ColorFittings' proprietary polishing and anodizing process for maximum strength, corrosion resistance, and long-term durability. These fittings are designed to withstand high pressure and high temperature environments commonly found in racing, street performance, marine, and aviation applications.\nOur AN to Metric Adapters are manufactured to provide a perfect fit and seal when paired with ColorFittings AN fittings, which are specifically engineered for use with E85, ethanol-based fuels, and race fuels. When combined with our nylon or stainless steel braided hose, these adapters deliver reliable performance and clean routing for any high-performance plumbing system.\nLooking to complete your system? Explore our full range of AN fittings, metric adapters, braided hose, and fitting assembly tools.",https://colorfittings.com/wp-content/uploads/2026/04/Flare-To-Metric-Adapter-Black-77.png,Black,CF-F2M-10-012-125-BL,Adapters and Unions,True,"Target AN Size (-6, -8, -10)"
16.99,-10 AN to M12x1.0mm Metric Adapter,"ColorFittings AN to Metric Adapter and Union Fittings are precision-engineered to connect metric female ports to AN flare fittings, providing a secure, leak-free solution for fuel, oil, coolant, and power steering plumbing systems.\nEach adapter is CNC machined from 6061-T6 billet aluminum and finished with ColorFittings' proprietary polishing and anodizing process for maximum strength, corrosion resistance, and long-term durability. These fittings are designed to withstand high pressure and high temperature environments commonly found in racing, street performance, marine, and aviation applications.\nOur AN to Metric Adapters are manufactured to provide a perfect fit and seal when paired with ColorFittings AN fittings, which are specifically engineered for use with E85, ethanol-based fuels, and race fuels. When combined with our nylon or stainless steel braided hose, these adapters deliver reliable performance and clean routing for any high-performance plumbing system.\nLooking to complete your system? Explore our full range of AN fittings, metric adapters, braided hose, and fitting assembly tools.",https://colorfittings.com/wp-content/uploads/2026/04/Flare-To-Metric-Adapter-Black-79.png,Black,CF-F2M-10-012-010-BL,Adapters and Unions,True,"Target AN Size (-6, -8, -10)"
9.99,Honda 1.6L D/B OE Fuel rail to 06 AN Flare Fitting,,https://colorfittings.com/wp-content/uploads/2022/03/colorfittings-an-fitting-oil_fitting_washer_M12x125_gold.png,Gold,CF-F2S-06-012-125-GD,Specialty Fitting &amp; PCV Delete,True,"Target AN Size (-6, -8, -10)"
9.99,Honda 1.6L D/B OE Fuel rail to 06 AN Flare Fitting,,https://colorfittings.com/wp-content/uploads/2018/06/colorfittings-an-fitting_metric_large_reducer_purple.png,Purple,CF-F2S-06-012-125-PU,Specialty Fitting &amp; PCV Delete,True,"Target AN Size (-6, -8, -10)"
9.99,-6 AN to -6 AN Fitting Male to Male Flare Union,"ColorFittings AN Male to Male Flare Unions are precision CNC-machined to connect two female AN fittings while maintaining a secure, leak-free 37-degree flare seal. Designed for fuel, oil, coolant, transmission, brake, and power steering systems, these unions provide a reliable straight-through connection for custom plumbing and high-performance fluid transfer applications.\nManufactured from aerospace-grade 6061-T6 billet aluminum and finished with ColorFittings' proprietary polishing and anodizing process, these fittings deliver exceptional strength, corrosion resistance, and long-term durability. Compatible with E85, ethanol-based fuels, race fuel, pump gas, diesel, oil, coolant, transmission fluid, hydraulic fluid, and air systems, they are built to perform in demanding street, racing, off-road, marine, and motorsport environments.\nLooking to complete your system? Explore our full range of AN fittings, adapters, braided hose, and fitting assembly tools.",https://colorfittings.com/wp-content/uploads/2022/10/AN-flare-fitting-union-adapter-purple.png,Purple,CF-F2F-06-006-000-PU,Adapters and Unions,True,"Target AN Size (-6, -8, -10)"
22.75,-10 AN Straight Female Aluminum Hose End (PTFE),"ColorFittings Straight PTFE Female Aluminum Hose Ends are precision-engineered for high-pressure fuel, oil, coolant, brake, clutch, power steering, and E85 applications. Designed specifically for PTFE (Teflon-lined) braided hose, these PTFE fittings provide a secure, leak-free 37-degree flare seal for demanding street performance, racing, marine, and motorsport plumbing systems.\n\nEach PTFE female hose end is CNC machined from aerospace-grade 6061-T6 billet aluminum and finished with ColorFittings’ proprietary polishing and anodizing process for superior corrosion resistance, strength, and long-term durability. Built to handle high temperature and high-pressure environments, these fittings are fully compatible with E85, ethanol, race fuel, pump gas, brake fluid, transmission fluid, oil, coolant, and hydraulic systems.\n\nLooking to complete your system? Explore our full range of PTFE Hose, Hose Separators, and Fitting Assembly Tools.",https://colorfittings.com/wp-content/uploads/2026/02/gold-ptfe-0-degree-swivel-hose-end.png,Gold,CF-FPE-10-000-000-GD,PTFE Hose Fittings,True,"Target AN Size (-6, -8, -10)"
27.28,-10 AN 90 Degree Female Aluminum Hose End (PTFE),"ColorFittings 90 Degree PTFE Female Aluminum Hose Ends are precision-engineered for high-pressure fuel, oil, coolant, brake, clutch, power steering, and E85 applications. Designed specifically for PTFE (Teflon-lined) braided hose, these PTFE fittings provide a secure, leak-free 37-degree flare seal for demanding street performance, racing, marine, and motorsport plumbing systems.\n\nEach PTFE female hose end is CNC machined from aerospace-grade 6061-T6 billet aluminum and finished with ColorFittings’ proprietary polishing and anodizing process for superior corrosion resistance, strength, and long-term durability. Built to handle high temperature and high-pressure environments, these fittings are fully compatible with E85, ethanol, race fuel, pump gas, brake fluid, transmission fluid, oil, coolant, and hydraulic systems.\n\nLooking to complete your system? Explore our full range of PTFE Hose, Hose Separators, and Fitting Assembly Tools.",https://colorfittings.com/wp-content/uploads/2026/02/gold-ptfe-90-degree-swivel-hose-end.png,Gold,CF-FPE-10-090-000-GD,PTFE Hose Fittings,True,"Target AN Size (-6, -8, -10)"
27.28,-10 AN 45 Degree Female Aluminum Hose End (PTFE),"ColorFittings 45 Degree PTFE Female Aluminum Hose Ends are precision-engineered for high-pressure fuel, oil, coolant, brake, clutch, power steering, and E85 applications. Designed specifically for PTFE (Teflon-lined) braided hose, these PTFE fittings provide a secure, leak-free 37-degree flare seal for demanding street performance, racing, marine, and motorsport plumbing systems.\n\nEach PTFE female hose end is CNC machined from aerospace-grade 6061-T6 billet aluminum and finished with ColorFittings’ proprietary polishing and anodizing process for superior corrosion resistance, strength, and long-term durability. Built to handle high temperature and high-pressure environments, these fittings are fully compatible with E85, ethanol, race fuel, pump gas, brake fluid, transmission fluid, oil, coolant, and hydraulic systems.\n\nLooking to complete your system? Explore our full range of PTFE Hose, Hose Separators, and Fitting Assembly Tools.",https://colorfittings.com/wp-content/uploads/2026/02/gold-ptfe-45-degree-swivel-hose-end.png,Gold,CF-FPE-10-045-000-GD,PTFE Hose Fittings,True,"Target AN Size (-6, -8, -10)"
25.59,-8 AN 90 Degree Female Aluminum Hose End (PTFE),"ColorFittings 90 Degree PTFE Female Aluminum Hose Ends are precision-engineered for high-pressure fuel, oil, coolant, brake, clutch, power steering, and E85 applications. Designed specifically for PTFE (Teflon-lined) braided hose, these PTFE fittings provide a secure, leak-free 37-degree flare seal for demanding street performance, racing, marine, and motorsport plumbing systems.\n\nEach PTFE female hose end is CNC machined from aerospace-grade 6061-T6 billet aluminum and finished with ColorFittings’ proprietary polishing and anodizing process for superior corrosion resistance, strength, and long-term durability. Built to handle high temperature and high-pressure environments, these fittings are fully compatible with E85, ethanol, race fuel, pump gas, brake fluid, transmission fluid, oil, coolant, and hydraulic systems.\n\nLooking to complete your system? Explore our full range of PTFE Hose, Hose Separators, and Fitting Assembly Tools.",https://colorfittings.com/wp-content/uploads/2026/02/gold-ptfe-90-degree-swivel-hose-end.png,Gold,CF-FPE-08-090-000-GD,PTFE Hose Fittings,True,"Target AN Size (-6, -8, -10)"
25.59,-8 AN 45 Degree Female Aluminum Hose End (PTFE),"ColorFittings 45 Degree PTFE Female Aluminum Hose Ends are precision-engineered for high-pressure fuel, oil, coolant, brake, clutch, power steering, and E85 applications. Designed specifically for PTFE (Teflon-lined) braided hose, these PTFE fittings provide a secure, leak-free 37-degree flare seal for demanding street performance, racing, marine, and motorsport plumbing systems.\n\nEach PTFE female hose end is CNC machined from aerospace-grade 6061-T6 billet aluminum and finished with ColorFittings’ proprietary polishing and anodizing process for superior corrosion resistance, strength, and long-term durability. Built to handle high temperature and high-pressure environments, these fittings are fully compatible with E85, ethanol, race fuel, pump gas, brake fluid, transmission fluid, oil, coolant, and hydraulic systems.\n\nLooking to complete your system? Explore our full range of PTFE Hose, Hose Separators, and Fitting Assembly Tools.",https://colorfittings.com/wp-content/uploads/2026/02/gold-ptfe-45-degree-swivel-hose-end.png,Gold,CF-FPE-08-045-000-GD,PTFE Hose Fittings,True,"Target AN Size (-6, -8, -10)"
28.59,-8 AN 180 Degree Female Aluminum Hose End (PTFE),"ColorFittings 180 Degree PTFE Female Aluminum Hose Ends are precision-engineered for high-pressure fuel, oil, coolant, brake, clutch, power steering, and E85 applications. Designed specifically for PTFE (Teflon-lined) braided hose, these PTFE fittings provide a secure, leak-free 37-degree flare seal for demanding street performance, racing, marine, and motorsport plumbing systems.\n\nEach PTFE female hose end is CNC machined from aerospace-grade 6061-T6 billet aluminum and finished with ColorFittings’ proprietary polishing and anodizing process for superior corrosion resistance, strength, and long-term durability. Built to handle high temperature and high-pressure environments, these fittings are fully compatible with E85, ethanol, race fuel, pump gas, brake fluid, transmission fluid, oil, coolant, and hydraulic systems.\n\nLooking to complete your system? Explore our full range of PTFE Hose, Hose Separators, and Fitting Assembly Tools.",https://colorfittings.com/wp-content/uploads/2026/02/gold-ptfe-180-degree-swivel-hose-end.png,Gold,CF-FPE-08-180-000-GD,PTFE Hose Fittings,True,"Target AN Size (-6, -8, -10)"
15.78,-6 AN Straight Female Aluminum Hose End (PTFE),"ColorFittings Straight PTFE Female Aluminum Hose Ends are precision-engineered for high-pressure fuel, oil, coolant, brake, clutch, power steering, and E85 applications. Designed specifically for PTFE (Teflon-lined) braided hose, these PTFE fittings provide a secure, leak-free 37-degree flare seal for demanding street performance, racing, marine, and motorsport plumbing systems.\n\nEach PTFE female hose end is CNC machined from aerospace-grade 6061-T6 billet aluminum and finished with ColorFittings’ proprietary polishing and anodizing process for superior corrosion resistance, strength, and long-term durability. Built to handle high temperature and high-pressure environments, these fittings are fully compatible with E85, ethanol, race fuel, pump gas, brake fluid, transmission fluid, oil, coolant, and hydraulic systems.\n\nLooking to complete your system? Explore our full range of PTFE Hose, Hose Separators, and Fitting Assembly Tools.",https://colorfittings.com/wp-content/uploads/2026/02/gold-ptfe-0-degree-swivel-hose-end.png,Gold,CF-FPE-06-000-000-GD,PTFE Hose Fittings,True,"Target AN Size (-6, -8, -10)"
19.69,-6 AN 90 Degree Female Aluminum Hose End (PTFE),"ColorFittings 90 Degree PTFE Female Aluminum Hose Ends are precision-engineered for high-pressure fuel, oil, coolant, brake, clutch, power steering, and E85 applications. Designed specifically for PTFE (Teflon-lined) braided hose, these PTFE fittings provide a secure, leak-free 37-degree flare seal for demanding street performance, racing, marine, and motorsport plumbing systems.\n\nEach PTFE female hose end is CNC machined from aerospace-grade 6061-T6 billet aluminum and finished with ColorFittings’ proprietary polishing and anodizing process for superior corrosion resistance, strength, and long-term durability. Built to handle high temperature and high-pressure environments, these fittings are fully compatible with E85, ethanol, race fuel, pump gas, brake fluid, transmission fluid, oil, coolant, and hydraulic systems.\n\nLooking to complete your system? Explore our full range of PTFE Hose, Hose Separators, and Fitting Assembly Tools.",https://colorfittings.com/wp-content/uploads/2026/02/gold-ptfe-90-degree-swivel-hose-end.png,Gold,CF-FPE-06-090-000-GD,PTFE Hose Fittings,True,"Target AN Size (-6, -8, -10)"
19.69,-6 AN 45 Degree Female Aluminum Hose End (PTFE),"ColorFittings 45 Degree PTFE Female Aluminum Hose Ends are precision-engineered for high-pressure fuel, oil, coolant, brake, clutch, power steering, and E85 applications. Designed specifically for PTFE (Teflon-lined) braided hose, these PTFE fittings provide a secure, leak-free 37-degree flare seal for demanding street performance, racing, marine, and motorsport plumbing systems.\n\nEach PTFE female hose end is CNC machined from aerospace-grade 6061-T6 billet aluminum and finished with ColorFittings’ proprietary polishing and anodizing process for superior corrosion resistance, strength, and long-term durability. Built to handle high temperature and high-pressure environments, these fittings are fully compatible with E85, ethanol, race fuel, pump gas, brake fluid, transmission fluid, oil, coolant, and hydraulic systems.\n\nLooking to complete your system? Explore our full range of PTFE Hose, Hose Separators, and Fitting Assembly Tools.",https://colorfittings.com/wp-content/uploads/2026/02/gold-ptfe-45-degree-swivel-hose-end.png,Gold,CF-FPE-06-045-000-GD,PTFE Hose Fittings,True,"Target AN Size (-6, -8, -10)"
14.3,16AN Braided Black Nylon Hose / Line (E85 + Race Fuel Safe) - BY THE FOOT,"ColorFittings Standard Black Nylon Braided Hose is engineered for high-pressure fuel, oil, coolant, and breather applications in automotive, marine, and racing builds. Featuring a durable synthetic rubber inner core with a tightly woven black nylon braid, this hose resists abrasion and pressure delivering reliable flow, excellent flexibility, and consistent performance under demanding conditions.\nDesigned for racing, street performance, and marine applications, this hose is compatible with E85, ethanol-based fuels, race fuels, gasoline, diesel, oil, and coolant. The black nylon braid provides superior abrasion resistance and a clean, blacked-out look while maintaining the flexibility needed for tight, precise routing.\nThis hose is designed to be used as part of the ColorFittings system. For a proper seal and reliable performance, pair it with our Standard AN Hose Fittings, precision-machined to match this hose. Use Hose Separators to organize multi-line installations and prevent abrasion, and complete assembly with our Hose Assembly Tools to ensure correct alignment, prevent damage, and achieve professional results.",https://colorfittings.com/wp-content/uploads/2019/10/AN-Fitting-Nylon-Braided-Hose-Black-lowrez.jpg,Black,CF-BNH-16-000-001-BL,Hose &amp; Line,True,"Target AN Size (-6, -8, -10)"
8.3,8AN Braided Black Nylon Hose / Line (E85 + Race Fuel Safe) - BY THE FOOT,"ColorFittings Standard Black Nylon Braided Hose is engineered for high-pressure fuel, oil, coolant, and breather applications in automotive, marine, and racing builds. Featuring a durable synthetic rubber inner core with a tightly woven black nylon braid, this hose resists abrasion and pressure delivering reliable flow, excellent flexibility, and consistent performance under demanding conditions.\nDesigned for racing, street performance, and marine applications, this hose is compatible with E85, ethanol-based fuels, race fuels, gasoline, diesel, oil, and coolant. The black nylon braid provides superior abrasion resistance and a clean, blacked-out look while maintaining the flexibility needed for tight, precise routing.\nThis hose is designed to be used as part of the ColorFittings system. For a proper seal and reliable performance, pair it with our Standard AN Hose Fittings, precision-machined to match this hose. Use Hose Separators to organize multi-line installations and prevent abrasion, and complete assembly with our Hose Assembly Tools to ensure correct alignment, prevent damage, and achieve professional results.",https://colorfittings.com/wp-content/uploads/2019/10/AN-Fitting-Nylon-Braided-Hose-Black-lowrez.jpg,Black,CF-BNH-08-000-001-BL,Hose &amp; Line,True,"Target AN Size (-6, -8, -10)"
14.99,10 AN to M22x1.5mm Short Body Adapter w/ O-Ring for Oil Coolers,"ColorFittings AN to Metric Adapter and Union Fittings are precision-engineered to connect metric female ports to AN flare fittings, providing a secure, leak-free solution for fuel, oil, coolant, and power steering plumbing systems.\nEach adapter is CNC machined from 6061-T6 billet aluminum and finished with ColorFittings’ proprietary polishing and anodizing process for maximum strength, corrosion resistance, and long-term durability. These fittings are designed to withstand high pressure and high temperature environments commonly found in racing, street performance, marine, and aviation applications.\nOur AN to Metric Adapters are manufactured to provide a perfect fit and seal when paired with ColorFittings AN fittings, which are specifically engineered for use with E85, ethanol-based fuels, and race fuels. When combined with our nylon or stainless steel braided hose, these adapters deliver reliable performance and clean routing for any high-performance plumbing system.\nFor best installation results, we strongly recommend using our AN Fitting Assembly Tools, which help prevent fitting damage and ensure proper hose and fitting alignment. Please reference our installation video and fitting guide for proper assembly techniques and torque recommendations.\nLooking to complete your system? Explore our full range of AN fittings, metric adapters, braided hose, and fitting assembly tools.",https://colorfittings.com/wp-content/uploads/2021/12/ORB-Purple-Fitting-Adapter.png,Purple,CF-F2M-10-B22-015-PU,Adapters and Unions,True,"Target AN Size (-6, -8, -10)"
7.2,6AN Braided Black Nylon Hose / Line (E85 + Race Fuel Safe) - BY THE FOOT,"ColorFittings Standard Black Nylon Braided Hose is engineered for high-pressure fuel, oil, coolant, and breather applications in automotive, marine, and racing builds. Featuring a durable synthetic rubber inner core with a tightly woven black nylon braid, this hose resists abrasion and pressure delivering reliable flow, excellent flexibility, and consistent performance under demanding conditions.\nDesigned for racing, street performance, and marine applications, this hose is compatible with E85, ethanol-based fuels, race fuels, gasoline, diesel, oil, and coolant. The black nylon braid provides superior abrasion resistance and a clean, blacked-out look while maintaining the flexibility needed for tight, precise routing.\nThis hose is designed to be used as part of the ColorFittings system. For a proper seal and reliable performance, pair it with our Standard AN Hose Fittings, precision-machined to match this hose. Use Hose Separators to organize multi-line installations and prevent abrasion, and complete assembly with our Hose Assembly Tools to ensure correct alignment, prevent damage, and achieve professional results.",https://colorfittings.com/wp-content/uploads/2019/10/AN-Fitting-Nylon-Braided-Hose-Black-lowrez.jpg,Black,CF-BNH-06-000-001-BL,Hose &amp; Line,True,"Target AN Size (-6, -8, -10)"
9.2,10AN Braided Black Nylon Hose / Line (E85 + Race Fuel Safe) - BY THE FOOT,"ColorFittings Standard Black Nylon Braided Hose is engineered for high-pressure fuel, oil, coolant, and breather applications in automotive, marine, and racing builds. Featuring a durable synthetic rubber inner core with a tightly woven black nylon braid, this hose resists abrasion and pressure delivering reliable flow, excellent flexibility, and consistent performance under demanding conditions.\nDesigned for racing, street performance, and marine applications, this hose is compatible with E85, ethanol-based fuels, race fuels, gasoline, diesel, oil, and coolant. The black nylon braid provides superior abrasion resistance and a clean, blacked-out look while maintaining the flexibility needed for tight, precise routing.\nThis hose is designed to be used as part of the ColorFittings system. For a proper seal and reliable performance, pair it with our Standard AN Hose Fittings, precision-machined to match this hose. Use Hose Separators to organize multi-line installations and prevent abrasion, and complete assembly with our Hose Assembly Tools to ensure correct alignment, prevent damage, and achieve professional results.",https://colorfittings.com/wp-content/uploads/2019/10/AN-Fitting-Nylon-Braided-Hose-Black-lowrez.jpg,Black,CF-BNH-10-000-001-BL,Hose &amp; Line,True,"Target AN Size (-6, -8, -10)"
11.99,-8AN Hose Separator,"This product is designed for and sized to be used with our Standard Nylon Braided Hose.\n\nFor use with our PTFE Hose, you must use a hose separator one size smaller than the hose (difference of -2AN).\n\nI.e. For an 8AN PTFE Hose, the best fitting hose separator will be 6AN.\n\nThis Hose Separator is available in the following colors: Purple, Black, Teal, Red, Green, Orange, and Gold",https://colorfittings.com/wp-content/uploads/2022/11/AN-Fitting-Gold-Hose-Separator.png,gold,CF-AHS-08-000-000-GD,Hose Separators,True,"Target AN Size (-6, -8, -10)"
10.99,-6AN Hose Separator,"This product is designed for and sized to be used with our Standard Nylon Braided Hose.\n\nFor use with our PTFE Hose, you must use a hose separator one size smaller than the hose (difference of -2AN).\n\nI.e. For a 6AN PTFE Hose, the best fitting hose separator will be 4AN.\n\nThis Hose Separator is available in the following colors: Purple, Black, Teal, Red, Green, Orange, and Gold",https://colorfittings.com/wp-content/uploads/2022/11/AN-Fitting-Gold-Hose-Separator.png,gold,CF-AHS-06-000-000-GD,Hose Separators,True,"Target AN Size (-6, -8, -10)"
9.99,-4AN Hose Separator,"This product is designed for and sized to be used with our Standard Nylon Braided Hose.\n\nFor use with our PTFE Hose, you must use a hose separator one size smaller than the hose (difference of -2AN).\n\nThis 4AN hose separator will not create an ideal fit with 4AN PTFE Hose.\n\nThis Hose Separator is available in the following colors: Purple, Black, Teal, Red, Green, Orange, and Gold",https://colorfittings.com/wp-content/uploads/2022/11/AN-Fitting-Gold-Hose-Separator.png,gold,CF-AHS-04-000-000-GD,Hose Separators,True,Hose & Line / Hardware
13.99,-12AN Hose Separator,"This product is designed for and sized to be used with our Standard Nylon Braided Hose.\n\nThis Hose Separator is available in the following colors: Purple, Black, Teal, Red, Green, Orange, and Gold",https://colorfittings.com/wp-content/uploads/2022/11/AN-Fitting-Gold-Hose-Separator.png,gold,CF-AHS-12-000-000-GD,Hose Separators,True,Hose & Line / Hardware
12.99,-10AN Hose Separator,"This product is designed for and sized to be used with our Standard Nylon Braided Hose.\n\nFor use with our PTFE Hose, you must use a hose separator one size smaller than the hose (difference of -2AN).\n\nI.e. For a 10AN PTFE Hose, the best fitting hose separator will be 8AN.\n\nThis Hose Separator is available in the following colors: Purple, Black, Teal, Red, Green, Orange, and Gold",https://colorfittings.com/wp-content/uploads/2022/11/AN-Fitting-Gold-Hose-Separator.png,gold,CF-AHS-10-000-000-GD,Hose Separators,True,"Target AN Size (-6, -8, -10)"
9.49,-10 AN Cap / Blockoff,"ColorFittings AN Caps are precision CNC-machined to securely seal unused AN ports, fittings, and lines in fuel, oil, coolant, brake, transmission, and power steering systems. Designed with a true 37-degree AN flare seat, these caps provide a clean, leak-free solution for closing off unused connections during maintenance, fabrication, or custom plumbing projects.\nManufactured from aerospace-grade 6061-T6 billet aluminum and finished with ColorFittings' proprietary polishing and anodizing process, these AN caps deliver superior strength, corrosion resistance, and long-term durability. Built for high-pressure and high-temperature environments, they are compatible with E85, ethanol-based fuels, race fuel, pump gas, oil, coolant, hydraulic fluid, and air systems.\nPerfect for race builds, street performance vehicles, engine bay fabrication, and custom fluid systems, ColorFittings AN Caps provide a professional finish while protecting unused ports from contamination.\nFinish your system with our AN fittings, adapters, braided hose, and fitting assembly tools.",https://colorfittings.com/wp-content/uploads/2021/09/AN-fitting-cap-gold.png,Gold,CF-FCO-10-000-000-GD,"Caps, Plugs, and Blockoffs",True,"Target AN Size (-6, -8, -10)"
8.49,-8 AN Cap / Blockoff,"ColorFittings AN Caps are precision CNC-machined to securely seal unused AN ports, fittings, and lines in fuel, oil, coolant, brake, transmission, and power steering systems. Designed with a true 37-degree AN flare seat, these caps provide a clean, leak-free solution for closing off unused connections during maintenance, fabrication, or custom plumbing projects.\nManufactured from aerospace-grade 6061-T6 billet aluminum and finished with ColorFittings' proprietary polishing and anodizing process, these AN caps deliver superior strength, corrosion resistance, and long-term durability. Built for high-pressure and high-temperature environments, they are compatible with E85, ethanol-based fuels, race fuel, pump gas, oil, coolant, hydraulic fluid, and air systems.\nPerfect for race builds, street performance vehicles, engine bay fabrication, and custom fluid systems, ColorFittings AN Caps provide a professional finish while protecting unused ports from contamination.\nFinish your system with our AN fittings, adapters, braided hose, and fitting assembly tools.",https://colorfittings.com/wp-content/uploads/2021/09/AN-fitting-cap-gold.png,Gold,CF-FCO-08-000-000-GD,"Caps, Plugs, and Blockoffs",True,"Target AN Size (-6, -8, -10)"
6.49,-6 AN Cap / Blockoff,"ColorFittings AN Caps are precision CNC-machined to securely seal unused AN ports, fittings, and lines in fuel, oil, coolant, brake, transmission, and power steering systems. Designed with a true 37-degree AN flare seat, these caps provide a clean, leak-free solution for closing off unused connections during maintenance, fabrication, or custom plumbing projects.\nManufactured from aerospace-grade 6061-T6 billet aluminum and finished with ColorFittings' proprietary polishing and anodizing process, these AN caps deliver superior strength, corrosion resistance, and long-term durability. Built for high-pressure and high-temperature environments, they are compatible with E85, ethanol-based fuels, race fuel, pump gas, oil, coolant, hydraulic fluid, and air systems.\nPerfect for race builds, street performance vehicles, engine bay fabrication, and custom fluid systems, ColorFittings AN Caps provide a professional finish while protecting unused ports from contamination.\nFinish your system with our AN fittings, adapters, braided hose, and fitting assembly tools.",https://colorfittings.com/wp-content/uploads/2021/09/AN-fitting-cap-gold.png,Gold,CF-FCO-06-000-000-GD,"Caps, Plugs, and Blockoffs",True,"Target AN Size (-6, -8, -10)"
10.99,"EFI Connector AN6 to 5/16"" Quick Connect","This Adapter is available in the following colors: Purple, Black, Teal, Red, and Gold",https://colorfittings.com/wp-content/uploads/2021/09/AN-fitting-EFI-Quick-Connect-LS1-gold.png,Gold,CF-EFI-06-516-000-GD,EFI/LS-Connector/Quick-Connector,True,EFI/LS Adapter
10.99,"EFI Connector AN6 to 3/8"" Quick Connect","This Adapter is available in the following colors: Purple, Black, Teal, Red, and Gold",https://colorfittings.com/wp-content/uploads/2021/09/AN-fitting-EFI-Quick-Connect-LS1-gold.png,Gold,CF-EFI-06-038-000-GD,EFI/LS-Connector/Quick-Connector,True,EFI/LS Adapter
8.99,-16 AN Hex/Worm-Clamp Hose Finisher,"ColorFittings Worm Clamp Hose End Finishers are designed to transform ordinary worm gear hose clamps into a clean, show-quality detail for your engine bay. Perfect for coolant, vacuum, intercooler, breather, and other rubber hose applications, these finishers provide a sleek, professional appearance while concealing the industrial look of standard hose clamps.\nPrecision CNC-machined from 6061-T6 billet aluminum and finished with ColorFittings’ proprietary anodizing process, these one-piece beauty covers offer exceptional durability, corrosion resistance, and long-lasting color retention. Whether you’re building a race car, show car, or street vehicle, they add the finishing touch that elevates your plumbing and engine bay presentation.\nLooking to complete your system? Explore our full range of AN fittings, braided hose, andfitting assembly tools.",https://colorfittings.com/wp-content/uploads/2018/06/Gold-WormClamp.png,Gold,CF-WCF-16-000-000-GD,Hex / Worm-Clamp Hose Finishers Ends,True,"Target AN Size (-6, -8, -10)"
6.99,-10 AN Hex/Worm-Clamp Hose Finisher,"ColorFittings Worm Clamp Hose End Finishers are designed to transform ordinary worm gear hose clamps into a clean, show-quality detail for your engine bay. Perfect for coolant, vacuum, intercooler, breather, and other rubber hose applications, these finishers provide a sleek, professional appearance while concealing the industrial look of standard hose clamps.\nPrecision CNC-machined from 6061-T6 billet aluminum and finished with ColorFittings’ proprietary anodizing process, these one-piece beauty covers offer exceptional durability, corrosion resistance, and long-lasting color retention. Whether you’re building a race car, show car, or street vehicle, they add the finishing touch that elevates your plumbing and engine bay presentation.\nLooking to complete your system? Explore our full range of AN fittings, braided hose, andfitting assembly tools.",https://colorfittings.com/wp-content/uploads/2018/06/Gold-WormClamp.png,Gold,CF-WCF-10-000-000-GD,Hex / Worm-Clamp Hose Finishers Ends,True,"Target AN Size (-6, -8, -10)"
6.99,-8 AN Hex/Worm-Clamp Hose Finisher,"ColorFittings Worm Clamp Hose End Finishers are designed to transform ordinary worm gear hose clamps into a clean, show-quality detail for your engine bay. Perfect for coolant, vacuum, intercooler, breather, and other rubber hose applications, these finishers provide a sleek, professional appearance while concealing the industrial look of standard hose clamps.\nPrecision CNC-machined from 6061-T6 billet aluminum and finished with ColorFittings’ proprietary anodizing process, these one-piece beauty covers offer exceptional durability, corrosion resistance, and long-lasting color retention. Whether you’re building a race car, show car, or street vehicle, they add the finishing touch that elevates your plumbing and engine bay presentation.\nLooking to complete your system? Explore our full range of AN fittings, braided hose, andfitting assembly tools.",https://colorfittings.com/wp-content/uploads/2018/06/Gold-WormClamp.png,Gold,CF-WCF-08-000-000-GD,Hex / Worm-Clamp Hose Finishers Ends,True,"Target AN Size (-6, -8, -10)"
6.99,-6 AN Hex/Worm-Clamp Hose Finisher,"ColorFittings Worm Clamp Hose End Finishers are designed to transform ordinary worm gear hose clamps into a clean, show-quality detail for your engine bay. Perfect for coolant, vacuum, intercooler, breather, and other rubber hose applications, these finishers provide a sleek, professional appearance while concealing the industrial look of standard hose clamps.\nPrecision CNC-machined from 6061-T6 billet aluminum and finished with ColorFittings’ proprietary anodizing process, these one-piece beauty covers offer exceptional durability, corrosion resistance, and long-lasting color retention. Whether you’re building a race car, show car, or street vehicle, they add the finishing touch that elevates your plumbing and engine bay presentation.\nLooking to complete your system? Explore our full range of AN fittings, braided hose, andfitting assembly tools.",https://colorfittings.com/wp-content/uploads/2018/06/Gold-WormClamp.png,Gold,CF-WCF-06-000-000-GD,Hex / Worm-Clamp Hose Finishers Ends,True,"Target AN Size (-6, -8, -10)"
34.98,-16 AN Straight Female Aluminum Hose End Fitting,"ColorFittings Standard AN Hose Ends are precision-engineered for high-pressure fuel, oil, coolant, brake, clutch, and power steering applications. Designed for use with nylon or stainless steel braided hose, these AN fittings provide a secure, leak-free 37-degree flare seal for street performance, racing, marine, and motorsport plumbing systems.\n\nEach hose end is CNC-machined from aerospace-grade 6061-T6 billet aluminum and finished with ColorFittings' proprietary polishing and anodizing process for superior strength, corrosion resistance, and long-term durability. Compatible with E85, ethanol, race fuel, pump gas, oil, coolant, brake fluid, transmission fluid, and hydraulic systems, these fittings are built to handle high-pressure, high-temperature environments.\n\nLooking to complete your setup? Check out our full range of Standard Hose, Hose Separators, and AN Fitting Assembly Tools.",https://colorfittings.com/wp-content/uploads/2026/04/Gold-Straight-Female-Hose-End.png,Gold,CF-FHE-16-000-000-GD,Hose Fittings,True,"Target AN Size (-6, -8, -10)"
42.86,-16 AN 90 Degree Female Aluminum Hose End Fitting,"ColorFittings Standard AN Hose Ends are precision-engineered for high-pressure fuel, oil, coolant, brake, clutch, and power steering applications. Designed for use with nylon or stainless steel braided hose, these AN fittings provide a secure, leak-free 37-degree flare seal for street performance, racing, marine, and motorsport plumbing systems.\n\nEach hose end is CNC-machined from aerospace-grade 6061-T6 billet aluminum and finished with ColorFittings' proprietary polishing and anodizing process for superior strength, corrosion resistance, and long-term durability. Compatible with E85, ethanol, race fuel, pump gas, oil, coolant, brake fluid, transmission fluid, and hydraulic systems, these fittings are built to handle high-pressure, high-temperature environments.\n\nLooking to complete your setup? Check out our full range of Standard Hose, Hose Separators, and AN Fitting Assembly Tools.",https://colorfittings.com/wp-content/uploads/2026/04/Gold-90-Degree-Female-Hose-End.png,Gold,CF-FHE-16-090-000-GD,Hose Fittings,True,"Target AN Size (-6, -8, -10)"
42.86,-16 AN 45 Degree Female Aluminum Hose End Fitting,"ColorFittings Standard AN Hose Ends are precision-engineered for high-pressure fuel, oil, coolant, brake, clutch, and power steering applications. Designed for use with nylon or stainless steel braided hose, these AN fittings provide a secure, leak-free 37-degree flare seal for street performance, racing, marine, and motorsport plumbing systems.\n\nEach hose end is CNC-machined from aerospace-grade 6061-T6 billet aluminum and finished with ColorFittings' proprietary polishing and anodizing process for superior strength, corrosion resistance, and long-term durability. Compatible with E85, ethanol, race fuel, pump gas, oil, coolant, brake fluid, transmission fluid, and hydraulic systems, these fittings are built to handle high-pressure, high-temperature environments.\n\nLooking to complete your setup? Check out our full range of Standard Hose, Hose Separators, and AN Fitting Assembly Tools.",https://colorfittings.com/wp-content/uploads/2026/04/Gold-45-Degree-Female-Hose-End.png,Gold,CF-FHE-16-045-000-GD,Hose Fittings,True,"Target AN Size (-6, -8, -10)"
22.75,-10 AN Straight Female Aluminum Hose End Fitting,"ColorFittings Standard AN Hose Ends are precision-engineered for high-pressure fuel, oil, coolant, brake, clutch, and power steering applications. Designed for use with nylon or stainless steel braided hose, these AN fittings provide a secure, leak-free 37-degree flare seal for street performance, racing, marine, and motorsport plumbing systems.\n\nEach hose end is CNC-machined from aerospace-grade 6061-T6 billet aluminum and finished with ColorFittings' proprietary polishing and anodizing process for superior strength, corrosion resistance, and long-term durability. Compatible with E85, ethanol, race fuel, pump gas, oil, coolant, brake fluid, transmission fluid, and hydraulic systems, these fittings are built to handle high-pressure, high-temperature environments.\n\nLooking to complete your setup? Check out our full range of Standard Hose, Hose Separators, and AN Fitting Assembly Tools.",https://colorfittings.com/wp-content/uploads/2026/04/Gold-Straight-Female-Hose-End.png,Gold,CF-FHE-10-000-000-GD,Hose Fittings,True,"Target AN Size (-6, -8, -10)"
27.28,-10 AN 90 Degree Female Aluminum Hose End Fitting,"ColorFittings Standard AN Hose Ends are precision-engineered for high-pressure fuel, oil, coolant, brake, clutch, and power steering applications. Designed for use with nylon or stainless steel braided hose, these AN fittings provide a secure, leak-free 37-degree flare seal for street performance, racing, marine, and motorsport plumbing systems.\n\nEach hose end is CNC-machined from aerospace-grade 6061-T6 billet aluminum and finished with ColorFittings' proprietary polishing and anodizing process for superior strength, corrosion resistance, and long-term durability. Compatible with E85, ethanol, race fuel, pump gas, oil, coolant, brake fluid, transmission fluid, and hydraulic systems, these fittings are built to handle high-pressure, high-temperature environments.\n\nLooking to complete your setup? Check out our full range of Standard Hose, Hose Separators, and AN Fitting Assembly Tools.",https://colorfittings.com/wp-content/uploads/2026/04/Gold-90-Degree-Female-Hose-End.png,Gold,CF-FHE-10-090-000-GD,Hose Fittings,True,"Target AN Size (-6, -8, -10)"
27.28,-10 AN 45 Degree Female Aluminum Hose End Fitting,"ColorFittings Standard AN Hose Ends are precision-engineered for high-pressure fuel, oil, coolant, brake, clutch, and power steering applications. Designed for use with nylon or stainless steel braided hose, these AN fittings provide a secure, leak-free 37-degree flare seal for street performance, racing, marine, and motorsport plumbing systems.\n\nEach hose end is CNC-machined from aerospace-grade 6061-T6 billet aluminum and finished with ColorFittings' proprietary polishing and anodizing process for superior strength, corrosion resistance, and long-term durability. Compatible with E85, ethanol, race fuel, pump gas, oil, coolant, brake fluid, transmission fluid, and hydraulic systems, these fittings are built to handle high-pressure, high-temperature environments.\n\nLooking to complete your setup? Check out our full range of Standard Hose, Hose Separators, and AN Fitting Assembly Tools.",https://colorfittings.com/wp-content/uploads/2026/04/Gold-45-Degree-Female-Hose-End.png,Gold,CF-FHE-10-045-000-GD,Hose Fittings,True,"Target AN Size (-6, -8, -10)"
31.28,-10 AN 180 Degree Female Aluminum Hose End Fitting,"ColorFittings Standard AN Hose Ends are precision-engineered for high-pressure fuel, oil, coolant, brake, clutch, and power steering applications. Designed for use with nylon or stainless steel braided hose, these AN fittings provide a secure, leak-free 37-degree flare seal for street performance, racing, marine, and motorsport plumbing systems.\n\nEach hose end is CNC-machined from aerospace-grade 6061-T6 billet aluminum and finished with ColorFittings' proprietary polishing and anodizing process for superior strength, corrosion resistance, and long-term durability. Compatible with E85, ethanol, race fuel, pump gas, oil, coolant, brake fluid, transmission fluid, and hydraulic systems, these fittings are built to handle high-pressure, high-temperature environments.\n\nLooking to complete your setup? Check out our full range of Standard Hose, Hose Separators, and AN Fitting Assembly Tools.",https://colorfittings.com/wp-content/uploads/2026/04/Gold-180-Degree-Female-Hose-End.png,Gold,CF-FHE-10-180-000-GD,Hose Fittings,True,"Target AN Size (-6, -8, -10)"
18.96,-8 AN Straight Female Aluminum Hose End Fitting,"ColorFittings Standard AN Hose Ends are precision-engineered for high-pressure fuel, oil, coolant, brake, clutch, and power steering applications. Designed for use with nylon or stainless steel braided hose, these AN fittings provide a secure, leak-free 37-degree flare seal for street performance, racing, marine, and motorsport plumbing systems.\n\nEach hose end is CNC-machined from aerospace-grade 6061-T6 billet aluminum and finished with ColorFittings' proprietary polishing and anodizing process for superior strength, corrosion resistance, and long-term durability. Compatible with E85, ethanol, race fuel, pump gas, oil, coolant, brake fluid, transmission fluid, and hydraulic systems, these fittings are built to handle high-pressure, high-temperature environments.\n\nLooking to complete your setup? Check out our full range of Standard Hose, Hose Separators, and AN Fitting Assembly Tools.",https://colorfittings.com/wp-content/uploads/2026/04/Gold-Straight-Female-Hose-End.png,Gold,CF-FHE-08-000-000-GD,Hose Fittings,True,"Target AN Size (-6, -8, -10)"
25.59,-8 AN 90 Degree Female Aluminum Hose End Fitting,"ColorFittings Standard AN Hose Ends are precision-engineered for high-pressure fuel, oil, coolant, brake, clutch, and power steering applications. Designed for use with nylon or stainless steel braided hose, these AN fittings provide a secure, leak-free 37-degree flare seal for street performance, racing, marine, and motorsport plumbing systems.\n\nEach hose end is CNC-machined from aerospace-grade 6061-T6 billet aluminum and finished with ColorFittings' proprietary polishing and anodizing process for superior strength, corrosion resistance, and long-term durability. Compatible with E85, ethanol, race fuel, pump gas, oil, coolant, brake fluid, transmission fluid, and hydraulic systems, these fittings are built to handle high-pressure, high-temperature environments.\n\nLooking to complete your setup? Check out our full range of Standard Hose, Hose Separators, and AN Fitting Assembly Tools.",https://colorfittings.com/wp-content/uploads/2026/04/Gold-90-Degree-Female-Hose-End.png,Gold,CF-FHE-08-090-000-GD,Hose Fittings,True,"Target AN Size (-6, -8, -10)"
25.59,-8 AN 45 Degree Female Aluminum Hose End Fitting,"ColorFittings Standard AN Hose Ends are precision-engineered for high-pressure fuel, oil, coolant, brake, clutch, and power steering applications. Designed for use with nylon or stainless steel braided hose, these AN fittings provide a secure, leak-free 37-degree flare seal for street performance, racing, marine, and motorsport plumbing systems.\n\nEach hose end is CNC-machined from aerospace-grade 6061-T6 billet aluminum and finished with ColorFittings' proprietary polishing and anodizing process for superior strength, corrosion resistance, and long-term durability. Compatible with E85, ethanol, race fuel, pump gas, oil, coolant, brake fluid, transmission fluid, and hydraulic systems, these fittings are built to handle high-pressure, high-temperature environments.\n\nLooking to complete your setup? Check out our full range of Standard Hose, Hose Separators, and AN Fitting Assembly Tools.",https://colorfittings.com/wp-content/uploads/2026/04/Gold-45-Degree-Female-Hose-End.png,Gold,CF-FHE-08-045-000-GD,Hose Fittings,True,"Target AN Size (-6, -8, -10)"
15.78,-6 AN Straight Female Aluminum Hose End Fitting,"ColorFittings Standard AN Hose Ends are precision-engineered for high-pressure fuel, oil, coolant, brake, clutch, and power steering applications. Designed for use with nylon or stainless steel braided hose, these AN fittings provide a secure, leak-free 37-degree flare seal for street performance, racing, marine, and motorsport plumbing systems.\n\nEach hose end is CNC-machined from aerospace-grade 6061-T6 billet aluminum and finished with ColorFittings' proprietary polishing and anodizing process for superior strength, corrosion resistance, and long-term durability. Compatible with E85, ethanol, race fuel, pump gas, oil, coolant, brake fluid, transmission fluid, and hydraulic systems, these fittings are built to handle high-pressure, high-temperature environments.\n\nLooking to complete your setup? Check out our full range of Standard Hose, Hose Separators, and AN Fitting Assembly Tools.",https://colorfittings.com/wp-content/uploads/2026/04/Gold-Straight-Female-Hose-End.png,Gold,CF-FHE-06-000-000-GD,Hose Fittings,True,"Target AN Size (-6, -8, -10)"
19.69,-6 AN 90 Degree Female Aluminum Hose End Fitting,"ColorFittings Standard AN Hose Ends are precision-engineered for high-pressure fuel, oil, coolant, brake, clutch, and power steering applications. Designed for use with nylon or stainless steel braided hose, these AN fittings provide a secure, leak-free 37-degree flare seal for street performance, racing, marine, and motorsport plumbing systems.\n\nEach hose end is CNC-machined from aerospace-grade 6061-T6 billet aluminum and finished with ColorFittings' proprietary polishing and anodizing process for superior strength, corrosion resistance, and long-term durability. Compatible with E85, ethanol, race fuel, pump gas, oil, coolant, brake fluid, transmission fluid, and hydraulic systems, these fittings are built to handle high-pressure, high-temperature environments.\n\nLooking to complete your setup? Check out our full range of Standard Hose, Hose Separators, and AN Fitting Assembly Tools.",https://colorfittings.com/wp-content/uploads/2026/04/Gold-90-Degree-Female-Hose-End.png,Gold,CF-FHE-06-090-000-GD,Hose Fittings,True,"Target AN Size (-6, -8, -10)"
19.69,-6 AN 45 Degree Female Aluminum Hose End Fitting,"ColorFittings Standard AN Hose Ends are precision-engineered for high-pressure fuel, oil, coolant, brake, clutch, and power steering applications. Designed for use with nylon or stainless steel braided hose, these AN fittings provide a secure, leak-free 37-degree flare seal for street performance, racing, marine, and motorsport plumbing systems.\n\nEach hose end is CNC-machined from aerospace-grade 6061-T6 billet aluminum and finished with ColorFittings' proprietary polishing and anodizing process for superior strength, corrosion resistance, and long-term durability. Compatible with E85, ethanol, race fuel, pump gas, oil, coolant, brake fluid, transmission fluid, and hydraulic systems, these fittings are built to handle high-pressure, high-temperature environments.\n\nLooking to complete your setup? Check out our full range of Standard Hose, Hose Separators, and AN Fitting Assembly Tools.",https://colorfittings.com/wp-content/uploads/2026/04/Gold-45-Degree-Female-Hose-End.png,Gold,CF-FHE-06-045-000-GD,Hose Fittings,True,"Target AN Size (-6, -8, -10)"
23.69,-6 AN 180 Degree Female Aluminum Hose End Fitting,"ColorFittings Standard AN Hose Ends are precision-engineered for high-pressure fuel, oil, coolant, brake, clutch, and power steering applications. Designed for use with nylon or stainless steel braided hose, these AN fittings provide a secure, leak-free 37-degree flare seal for street performance, racing, marine, and motorsport plumbing systems.\n\nEach hose end is CNC-machined from aerospace-grade 6061-T6 billet aluminum and finished with ColorFittings' proprietary polishing and anodizing process for superior strength, corrosion resistance, and long-term durability. Compatible with E85, ethanol, race fuel, pump gas, oil, coolant, brake fluid, transmission fluid, and hydraulic systems, these fittings are built to handle high-pressure, high-temperature environments.\n\nLooking to complete your setup? Check out our full range of Standard Hose, Hose Separators, and AN Fitting Assembly Tools.",https://colorfittings.com/wp-content/uploads/2026/04/Gold-180-Degree-Female-Hose-End.png,Gold,CF-FHE-06-180-000-GD,Hose Fittings,True,"Target AN Size (-6, -8, -10)"
23.69,-6 AN 180 Degree Female Aluminum Hose End (PTFE),"ColorFittings 180 Degree PTFE Female Aluminum Hose Ends are precision-engineered for high-pressure fuel, oil, coolant, brake, clutch, power steering, and E85 applications. Designed specifically for PTFE (Teflon-lined) braided hose, these PTFE fittings provide a secure, leak-free 37-degree flare seal for demanding street performance, racing, marine, and motorsport plumbing systems.\n\nEach PTFE female hose end is CNC machined from aerospace-grade 6061-T6 billet aluminum and finished with ColorFittings’ proprietary polishing and anodizing process for superior corrosion resistance, strength, and long-term durability. Built to handle high temperature and high-pressure environments, these fittings are fully compatible with E85, ethanol, race fuel, pump gas, brake fluid, transmission fluid, oil, coolant, and hydraulic systems.\n\nLooking to complete your system? Explore our full range of PTFE Hose, Hose Separators, and Fitting Assembly Tools.",https://colorfittings.com/wp-content/uploads/2026/02/red-ptfe-180-degree-swivel-hose-end.png,Red,CF-FPE-06-180-000-RD,PTFE Hose Fittings,True,"Target AN Size (-6, -8, -10)"
23.69,-6 AN 180 Degree Female Aluminum Hose End (PTFE),"ColorFittings 180 Degree PTFE Female Aluminum Hose Ends are precision-engineered for high-pressure fuel, oil, coolant, brake, clutch, power steering, and E85 applications. Designed specifically for PTFE (Teflon-lined) braided hose, these PTFE fittings provide a secure, leak-free 37-degree flare seal for demanding street performance, racing, marine, and motorsport plumbing systems.\n\nEach PTFE female hose end is CNC machined from aerospace-grade 6061-T6 billet aluminum and finished with ColorFittings’ proprietary polishing and anodizing process for superior corrosion resistance, strength, and long-term durability. Built to handle high temperature and high-pressure environments, these fittings are fully compatible with E85, ethanol, race fuel, pump gas, brake fluid, transmission fluid, oil, coolant, and hydraulic systems.\n\nLooking to complete your system? Explore our full range of PTFE Hose, Hose Separators, and Fitting Assembly Tools.",https://colorfittings.com/wp-content/uploads/2026/02/orange-ptfe-180-degree-swivel-hose-end.png,Orange,CF-FPE-06-180-000-OR,PTFE Hose Fittings,True,"Target AN Size (-6, -8, -10)"
23.69,-6 AN 180 Degree Female Aluminum Hose End (PTFE),"ColorFittings 180 Degree PTFE Female Aluminum Hose Ends are precision-engineered for high-pressure fuel, oil, coolant, brake, clutch, power steering, and E85 applications. Designed specifically for PTFE (Teflon-lined) braided hose, these PTFE fittings provide a secure, leak-free 37-degree flare seal for demanding street performance, racing, marine, and motorsport plumbing systems.\n\nEach PTFE female hose end is CNC machined from aerospace-grade 6061-T6 billet aluminum and finished with ColorFittings’ proprietary polishing and anodizing process for superior corrosion resistance, strength, and long-term durability. Built to handle high temperature and high-pressure environments, these fittings are fully compatible with E85, ethanol, race fuel, pump gas, brake fluid, transmission fluid, oil, coolant, and hydraulic systems.\n\nLooking to complete your system? Explore our full range of PTFE Hose, Hose Separators, and Fitting Assembly Tools.",https://colorfittings.com/wp-content/uploads/2026/02/green-ptfe-180-degree-swivel-hose-end.png,Lime Green,CF-FPE-06-180-000-GR,PTFE Hose Fittings,True,"Target AN Size (-6, -8, -10)"
23.69,-6 AN 180 Degree Female Aluminum Hose End (PTFE),"ColorFittings 180 Degree PTFE Female Aluminum Hose Ends are precision-engineered for high-pressure fuel, oil, coolant, brake, clutch, power steering, and E85 applications. Designed specifically for PTFE (Teflon-lined) braided hose, these PTFE fittings provide a secure, leak-free 37-degree flare seal for demanding street performance, racing, marine, and motorsport plumbing systems.\n\nEach PTFE female hose end is CNC machined from aerospace-grade 6061-T6 billet aluminum and finished with ColorFittings’ proprietary polishing and anodizing process for superior corrosion resistance, strength, and long-term durability. Built to handle high temperature and high-pressure environments, these fittings are fully compatible with E85, ethanol, race fuel, pump gas, brake fluid, transmission fluid, oil, coolant, and hydraulic systems.\n\nLooking to complete your system? Explore our full range of PTFE Hose, Hose Separators, and Fitting Assembly Tools.",https://colorfittings.com/wp-content/uploads/2026/02/teal-ptfe-180-degree-swivel-hose-end.png,Teal,CF-FPE-06-180-000-TL,PTFE Hose Fittings,True,"Target AN Size (-6, -8, -10)"
23.69,-6 AN 180 Degree Female Aluminum Hose End (PTFE),"ColorFittings 180 Degree PTFE Female Aluminum Hose Ends are precision-engineered for high-pressure fuel, oil, coolant, brake, clutch, power steering, and E85 applications. Designed specifically for PTFE (Teflon-lined) braided hose, these PTFE fittings provide a secure, leak-free 37-degree flare seal for demanding street performance, racing, marine, and motorsport plumbing systems.\n\nEach PTFE female hose end is CNC machined from aerospace-grade 6061-T6 billet aluminum and finished with ColorFittings’ proprietary polishing and anodizing process for superior corrosion resistance, strength, and long-term durability. Built to handle high temperature and high-pressure environments, these fittings are fully compatible with E85, ethanol, race fuel, pump gas, brake fluid, transmission fluid, oil, coolant, and hydraulic systems.\n\nLooking to complete your system? Explore our full range of PTFE Hose, Hose Separators, and Fitting Assembly Tools.",https://colorfittings.com/wp-content/uploads/2026/02/black-ptfe-180-degree-swivel-hose-end.png,Black,CF-FPE-06-180-000-BL,PTFE Hose Fittings,True,"Target AN Size (-6, -8, -10)"
23.69,-6 AN 180 Degree Female Aluminum Hose End (PTFE),"ColorFittings 180 Degree PTFE Female Aluminum Hose Ends are precision-engineered for high-pressure fuel, oil, coolant, brake, clutch, power steering, and E85 applications. Designed specifically for PTFE (Teflon-lined) braided hose, these PTFE fittings provide a secure, leak-free 37-degree flare seal for demanding street performance, racing, marine, and motorsport plumbing systems.\n\nEach PTFE female hose end is CNC machined from aerospace-grade 6061-T6 billet aluminum and finished with ColorFittings’ proprietary polishing and anodizing process for superior corrosion resistance, strength, and long-term durability. Built to handle high temperature and high-pressure environments, these fittings are fully compatible with E85, ethanol, race fuel, pump gas, brake fluid, transmission fluid, oil, coolant, and hydraulic systems.\n\nLooking to complete your system? Explore our full range of PTFE Hose, Hose Separators, and Fitting Assembly Tools.",https://colorfittings.com/wp-content/uploads/2026/02/purple-ptfe-180-degree-swivel-hose-end.png,Purple,CF-FPE-06-180-000-PU,PTFE Hose Fittings,True,"Target AN Size (-6, -8, -10)"
31.28,-10 AN 180 Degree Female Aluminum Hose End (PTFE),"ColorFittings 180 Degree PTFE Female Aluminum Hose Ends are precision-engineered for high-pressure fuel, oil, coolant, brake, clutch, power steering, and E85 applications. Designed specifically for PTFE (Teflon-lined) braided hose, these PTFE fittings provide a secure, leak-free 37-degree flare seal for demanding street performance, racing, marine, and motorsport plumbing systems.\n\nEach PTFE female hose end is CNC machined from aerospace-grade 6061-T6 billet aluminum and finished with ColorFittings’ proprietary polishing and anodizing process for superior corrosion resistance, strength, and long-term durability. Built to handle high temperature and high-pressure environments, these fittings are fully compatible with E85, ethanol, race fuel, pump gas, brake fluid, transmission fluid, oil, coolant, and hydraulic systems.\n\nLooking to complete your system? Explore our full range of PTFE Hose, Hose Separators, and Fitting Assembly Tools.",https://colorfittings.com/wp-content/uploads/2026/02/black-ptfe-180-degree-swivel-hose-end.png,Black,CF-FPE-10-180-000-BL,PTFE Hose Fittings,True,"Target AN Size (-6, -8, -10)"
31.28,-10 AN 180 Degree Female Aluminum Hose End (PTFE),"ColorFittings 180 Degree PTFE Female Aluminum Hose Ends are precision-engineered for high-pressure fuel, oil, coolant, brake, clutch, power steering, and E85 applications. Designed specifically for PTFE (Teflon-lined) braided hose, these PTFE fittings provide a secure, leak-free 37-degree flare seal for demanding street performance, racing, marine, and motorsport plumbing systems.\n\nEach PTFE female hose end is CNC machined from aerospace-grade 6061-T6 billet aluminum and finished with ColorFittings’ proprietary polishing and anodizing process for superior corrosion resistance, strength, and long-term durability. Built to handle high temperature and high-pressure environments, these fittings are fully compatible with E85, ethanol, race fuel, pump gas, brake fluid, transmission fluid, oil, coolant, and hydraulic systems.\n\nLooking to complete your system? Explore our full range of PTFE Hose, Hose Separators, and Fitting Assembly Tools.",https://colorfittings.com/wp-content/uploads/2026/02/purple-ptfe-180-degree-swivel-hose-end.png,Purple,CF-FPE-10-180-000-PU,PTFE Hose Fittings,True,"Target AN Size (-6, -8, -10)"
39.99,-10 AN Fitting Y Block Union,This AN Fitting is available in the following colors: Purple and Black,https://colorfittings.com/wp-content/uploads/2018/06/cf-an-y-block-union-fitting-purple.png,Purple,CF-YBU-10-010-010-PU,Adapters and Unions,True,"Target AN Size (-6, -8, -10)"
34.99,-08 AN Fitting Y Block Union,This AN Fitting is available in the following colors: Purple and Black,https://colorfittings.com/wp-content/uploads/2018/06/cf-an-y-block-union-fitting-purple.png,Purple,CF-YBU-08-008-008-PU,Adapters and Unions,True,"Target AN Size (-6, -8, -10)"
22.75,-10 AN Straight Female Aluminum Hose End (PTFE),"ColorFittings Straight PTFE Female Aluminum Hose Ends are precision-engineered for high-pressure fuel, oil, coolant, brake, clutch, power steering, and E85 applications. Designed specifically for PTFE (Teflon-lined) braided hose, these PTFE fittings provide a secure, leak-free 37-degree flare seal for demanding street performance, racing, marine, and motorsport plumbing systems.\n\nEach PTFE female hose end is CNC machined from aerospace-grade 6061-T6 billet aluminum and finished with ColorFittings’ proprietary polishing and anodizing process for superior corrosion resistance, strength, and long-term durability. Built to handle high temperature and high-pressure environments, these fittings are fully compatible with E85, ethanol, race fuel, pump gas, brake fluid, transmission fluid, oil, coolant, and hydraulic systems.\n\nLooking to complete your system? Explore our full range of PTFE Hose, Hose Separators, and Fitting Assembly Tools.",https://colorfittings.com/wp-content/uploads/2026/02/red-ptfe-0-degree-swivel-hose-end.png,Red,CF-FPE-10-000-000-RD,PTFE Hose Fittings,True,"Target AN Size (-6, -8, -10)"
22.75,-10 AN Straight Female Aluminum Hose End (PTFE),"ColorFittings Straight PTFE Female Aluminum Hose Ends are precision-engineered for high-pressure fuel, oil, coolant, brake, clutch, power steering, and E85 applications. Designed specifically for PTFE (Teflon-lined) braided hose, these PTFE fittings provide a secure, leak-free 37-degree flare seal for demanding street performance, racing, marine, and motorsport plumbing systems.\n\nEach PTFE female hose end is CNC machined from aerospace-grade 6061-T6 billet aluminum and finished with ColorFittings’ proprietary polishing and anodizing process for superior corrosion resistance, strength, and long-term durability. Built to handle high temperature and high-pressure environments, these fittings are fully compatible with E85, ethanol, race fuel, pump gas, brake fluid, transmission fluid, oil, coolant, and hydraulic systems.\n\nLooking to complete your system? Explore our full range of PTFE Hose, Hose Separators, and Fitting Assembly Tools.",https://colorfittings.com/wp-content/uploads/2026/02/orange-ptfe-0-degree-swivel-hose-end.png,Orange,CF-FPE-10-000-000-OR,PTFE Hose Fittings,True,"Target AN Size (-6, -8, -10)"
22.75,-10 AN Straight Female Aluminum Hose End (PTFE),"ColorFittings Straight PTFE Female Aluminum Hose Ends are precision-engineered for high-pressure fuel, oil, coolant, brake, clutch, power steering, and E85 applications. Designed specifically for PTFE (Teflon-lined) braided hose, these PTFE fittings provide a secure, leak-free 37-degree flare seal for demanding street performance, racing, marine, and motorsport plumbing systems.\n\nEach PTFE female hose end is CNC machined from aerospace-grade 6061-T6 billet aluminum and finished with ColorFittings’ proprietary polishing and anodizing process for superior corrosion resistance, strength, and long-term durability. Built to handle high temperature and high-pressure environments, these fittings are fully compatible with E85, ethanol, race fuel, pump gas, brake fluid, transmission fluid, oil, coolant, and hydraulic systems.\n\nLooking to complete your system? Explore our full range of PTFE Hose, Hose Separators, and Fitting Assembly Tools.",https://colorfittings.com/wp-content/uploads/2026/02/green-ptfe-0-degree-swivel-hose-end.png,Lime Green,CF-FPE-10-000-000-GR,PTFE Hose Fittings,True,"Target AN Size (-6, -8, -10)"
27.28,-10 AN 90 Degree Female Aluminum Hose End (PTFE),"ColorFittings 90 Degree PTFE Female Aluminum Hose Ends are precision-engineered for high-pressure fuel, oil, coolant, brake, clutch, power steering, and E85 applications. Designed specifically for PTFE (Teflon-lined) braided hose, these PTFE fittings provide a secure, leak-free 37-degree flare seal for demanding street performance, racing, marine, and motorsport plumbing systems.\n\nEach PTFE female hose end is CNC machined from aerospace-grade 6061-T6 billet aluminum and finished with ColorFittings’ proprietary polishing and anodizing process for superior corrosion resistance, strength, and long-term durability. Built to handle high temperature and high-pressure environments, these fittings are fully compatible with E85, ethanol, race fuel, pump gas, brake fluid, transmission fluid, oil, coolant, and hydraulic systems.\n\nLooking to complete your system? Explore our full range of PTFE Hose, Hose Separators, and Fitting Assembly Tools.",https://colorfittings.com/wp-content/uploads/2026/02/red-ptfe-90-degree-swivel-hose-end.png,Red,CF-FPE-10-090-000-RD,PTFE Hose Fittings,True,"Target AN Size (-6, -8, -10)"
22.75,-10 AN Straight Female Aluminum Hose End (PTFE),"ColorFittings Straight PTFE Female Aluminum Hose Ends are precision-engineered for high-pressure fuel, oil, coolant, brake, clutch, power steering, and E85 applications. Designed specifically for PTFE (Teflon-lined) braided hose, these PTFE fittings provide a secure, leak-free 37-degree flare seal for demanding street performance, racing, marine, and motorsport plumbing systems.\n\nEach PTFE female hose end is CNC machined from aerospace-grade 6061-T6 billet aluminum and finished with ColorFittings’ proprietary polishing and anodizing process for superior corrosion resistance, strength, and long-term durability. Built to handle high temperature and high-pressure environments, these fittings are fully compatible with E85, ethanol, race fuel, pump gas, brake fluid, transmission fluid, oil, coolant, and hydraulic systems.\n\nLooking to complete your system? Explore our full range of PTFE Hose, Hose Separators, and Fitting Assembly Tools.",https://colorfittings.com/wp-content/uploads/2026/02/teal-ptfe-0-degree-swivel-hose-end.png,Teal,CF-FPE-10-000-000-TL,PTFE Hose Fittings,True,"Target AN Size (-6, -8, -10)"
22.75,-10 AN Straight Female Aluminum Hose End (PTFE),"ColorFittings Straight PTFE Female Aluminum Hose Ends are precision-engineered for high-pressure fuel, oil, coolant, brake, clutch, power steering, and E85 applications. Designed specifically for PTFE (Teflon-lined) braided hose, these PTFE fittings provide a secure, leak-free 37-degree flare seal for demanding street performance, racing, marine, and motorsport plumbing systems.\n\nEach PTFE female hose end is CNC machined from aerospace-grade 6061-T6 billet aluminum and finished with ColorFittings’ proprietary polishing and anodizing process for superior corrosion resistance, strength, and long-term durability. Built to handle high temperature and high-pressure environments, these fittings are fully compatible with E85, ethanol, race fuel, pump gas, brake fluid, transmission fluid, oil, coolant, and hydraulic systems.\n\nLooking to complete your system? Explore our full range of PTFE Hose, Hose Separators, and Fitting Assembly Tools.",https://colorfittings.com/wp-content/uploads/2026/02/black-ptfe-0-degree-swivel-hose-end.png,Black,CF-FPE-10-000-000-BL,PTFE Hose Fittings,True,"Target AN Size (-6, -8, -10)"
27.28,-10 AN 90 Degree Female Aluminum Hose End (PTFE),"ColorFittings 90 Degree PTFE Female Aluminum Hose Ends are precision-engineered for high-pressure fuel, oil, coolant, brake, clutch, power steering, and E85 applications. Designed specifically for PTFE (Teflon-lined) braided hose, these PTFE fittings provide a secure, leak-free 37-degree flare seal for demanding street performance, racing, marine, and motorsport plumbing systems.\n\nEach PTFE female hose end is CNC machined from aerospace-grade 6061-T6 billet aluminum and finished with ColorFittings’ proprietary polishing and anodizing process for superior corrosion resistance, strength, and long-term durability. Built to handle high temperature and high-pressure environments, these fittings are fully compatible with E85, ethanol, race fuel, pump gas, brake fluid, transmission fluid, oil, coolant, and hydraulic systems.\n\nLooking to complete your system? Explore our full range of PTFE Hose, Hose Separators, and Fitting Assembly Tools.",https://colorfittings.com/wp-content/uploads/2026/02/orange-ptfe-90-degree-swivel-hose-end.png,Orange,CF-FPE-10-090-000-OR,PTFE Hose Fittings,True,"Target AN Size (-6, -8, -10)"
27.28,-10 AN 90 Degree Female Aluminum Hose End (PTFE),"ColorFittings 90 Degree PTFE Female Aluminum Hose Ends are precision-engineered for high-pressure fuel, oil, coolant, brake, clutch, power steering, and E85 applications. Designed specifically for PTFE (Teflon-lined) braided hose, these PTFE fittings provide a secure, leak-free 37-degree flare seal for demanding street performance, racing, marine, and motorsport plumbing systems.\n\nEach PTFE female hose end is CNC machined from aerospace-grade 6061-T6 billet aluminum and finished with ColorFittings’ proprietary polishing and anodizing process for superior corrosion resistance, strength, and long-term durability. Built to handle high temperature and high-pressure environments, these fittings are fully compatible with E85, ethanol, race fuel, pump gas, brake fluid, transmission fluid, oil, coolant, and hydraulic systems.\n\nLooking to complete your system? Explore our full range of PTFE Hose, Hose Separators, and Fitting Assembly Tools.",https://colorfittings.com/wp-content/uploads/2026/02/green-ptfe-90-degree-swivel-hose-end.png,Lime Green,CF-FPE-10-090-000-GR,PTFE Hose Fittings,True,"Target AN Size (-6, -8, -10)"
22.75,-10 AN Straight Female Aluminum Hose End (PTFE),"ColorFittings Straight PTFE Female Aluminum Hose Ends are precision-engineered for high-pressure fuel, oil, coolant, brake, clutch, power steering, and E85 applications. Designed specifically for PTFE (Teflon-lined) braided hose, these PTFE fittings provide a secure, leak-free 37-degree flare seal for demanding street performance, racing, marine, and motorsport plumbing systems.\n\nEach PTFE female hose end is CNC machined from aerospace-grade 6061-T6 billet aluminum and finished with ColorFittings’ proprietary polishing and anodizing process for superior corrosion resistance, strength, and long-term durability. Built to handle high temperature and high-pressure environments, these fittings are fully compatible with E85, ethanol, race fuel, pump gas, brake fluid, transmission fluid, oil, coolant, and hydraulic systems.\n\nLooking to complete your system? Explore our full range of PTFE Hose, Hose Separators, and Fitting Assembly Tools.",https://colorfittings.com/wp-content/uploads/2026/02/purple-ptfe-0-degree-swivel-hose-end.png,Purple,CF-FPE-10-000-000-PU,PTFE Hose Fittings,True,"Target AN Size (-6, -8, -10)"
27.28,-10 AN 90 Degree Female Aluminum Hose End (PTFE),"ColorFittings 90 Degree PTFE Female Aluminum Hose Ends are precision-engineered for high-pressure fuel, oil, coolant, brake, clutch, power steering, and E85 applications. Designed specifically for PTFE (Teflon-lined) braided hose, these PTFE fittings provide a secure, leak-free 37-degree flare seal for demanding street performance, racing, marine, and motorsport plumbing systems.\n\nEach PTFE female hose end is CNC machined from aerospace-grade 6061-T6 billet aluminum and finished with ColorFittings’ proprietary polishing and anodizing process for superior corrosion resistance, strength, and long-term durability. Built to handle high temperature and high-pressure environments, these fittings are fully compatible with E85, ethanol, race fuel, pump gas, brake fluid, transmission fluid, oil, coolant, and hydraulic systems.\n\nLooking to complete your system? Explore our full range of PTFE Hose, Hose Separators, and Fitting Assembly Tools.",https://colorfittings.com/wp-content/uploads/2026/02/teal-ptfe-90-degree-swivel-hose-end.png,Teal,CF-FPE-10-090-000-TL,PTFE Hose Fittings,True,"Target AN Size (-6, -8, -10)"
27.28,-10 AN 90 Degree Female Aluminum Hose End (PTFE),"ColorFittings 90 Degree PTFE Female Aluminum Hose Ends are precision-engineered for high-pressure fuel, oil, coolant, brake, clutch, power steering, and E85 applications. Designed specifically for PTFE (Teflon-lined) braided hose, these PTFE fittings provide a secure, leak-free 37-degree flare seal for demanding street performance, racing, marine, and motorsport plumbing systems.\n\nEach PTFE female hose end is CNC machined from aerospace-grade 6061-T6 billet aluminum and finished with ColorFittings’ proprietary polishing and anodizing process for superior corrosion resistance, strength, and long-term durability. Built to handle high temperature and high-pressure environments, these fittings are fully compatible with E85, ethanol, race fuel, pump gas, brake fluid, transmission fluid, oil, coolant, and hydraulic systems.\n\nLooking to complete your system? Explore our full range of PTFE Hose, Hose Separators, and Fitting Assembly Tools.",https://colorfittings.com/wp-content/uploads/2026/02/black-ptfe-90-degree-swivel-hose-end.png,Black,CF-FPE-10-090-000-BL,PTFE Hose Fittings,True,"Target AN Size (-6, -8, -10)"
27.28,-10 AN 90 Degree Female Aluminum Hose End (PTFE),"ColorFittings 90 Degree PTFE Female Aluminum Hose Ends are precision-engineered for high-pressure fuel, oil, coolant, brake, clutch, power steering, and E85 applications. Designed specifically for PTFE (Teflon-lined) braided hose, these PTFE fittings provide a secure, leak-free 37-degree flare seal for demanding street performance, racing, marine, and motorsport plumbing systems.\n\nEach PTFE female hose end is CNC machined from aerospace-grade 6061-T6 billet aluminum and finished with ColorFittings’ proprietary polishing and anodizing process for superior corrosion resistance, strength, and long-term durability. Built to handle high temperature and high-pressure environments, these fittings are fully compatible with E85, ethanol, race fuel, pump gas, brake fluid, transmission fluid, oil, coolant, and hydraulic systems.\n\nLooking to complete your system? Explore our full range of PTFE Hose, Hose Separators, and Fitting Assembly Tools.",https://colorfittings.com/wp-content/uploads/2026/02/purple-ptfe-90-degree-swivel-hose-end.png,Purple,CF-FPE-10-090-000-PU,PTFE Hose Fittings,True,"Target AN Size (-6, -8, -10)"
27.28,-10 AN 45 Degree Female Aluminum Hose End (PTFE),"ColorFittings 45 Degree PTFE Female Aluminum Hose Ends are precision-engineered for high-pressure fuel, oil, coolant, brake, clutch, power steering, and E85 applications. Designed specifically for PTFE (Teflon-lined) braided hose, these PTFE fittings provide a secure, leak-free 37-degree flare seal for demanding street performance, racing, marine, and motorsport plumbing systems.\n\nEach PTFE female hose end is CNC machined from aerospace-grade 6061-T6 billet aluminum and finished with ColorFittings’ proprietary polishing and anodizing process for superior corrosion resistance, strength, and long-term durability. Built to handle high temperature and high-pressure environments, these fittings are fully compatible with E85, ethanol, race fuel, pump gas, brake fluid, transmission fluid, oil, coolant, and hydraulic systems.\n\nLooking to complete your system? Explore our full range of PTFE Hose, Hose Separators, and Fitting Assembly Tools.",https://colorfittings.com/wp-content/uploads/2026/02/red-ptfe-45-degree-swivel-hose-end.png,Red,CF-FPE-10-045-000-RD,PTFE Hose Fittings,True,"Target AN Size (-6, -8, -10)"
27.28,-10 AN 45 Degree Female Aluminum Hose End (PTFE),"ColorFittings 45 Degree PTFE Female Aluminum Hose Ends are precision-engineered for high-pressure fuel, oil, coolant, brake, clutch, power steering, and E85 applications. Designed specifically for PTFE (Teflon-lined) braided hose, these PTFE fittings provide a secure, leak-free 37-degree flare seal for demanding street performance, racing, marine, and motorsport plumbing systems.\n\nEach PTFE female hose end is CNC machined from aerospace-grade 6061-T6 billet aluminum and finished with ColorFittings’ proprietary polishing and anodizing process for superior corrosion resistance, strength, and long-term durability. Built to handle high temperature and high-pressure environments, these fittings are fully compatible with E85, ethanol, race fuel, pump gas, brake fluid, transmission fluid, oil, coolant, and hydraulic systems.\n\nLooking to complete your system? Explore our full range of PTFE Hose, Hose Separators, and Fitting Assembly Tools.",https://colorfittings.com/wp-content/uploads/2026/02/orange-ptfe-45-degree-swivel-hose-end.png,Orange,CF-FPE-10-045-000-OR,PTFE Hose Fittings,True,"Target AN Size (-6, -8, -10)"
27.28,-10 AN 45 Degree Female Aluminum Hose End (PTFE),"ColorFittings 45 Degree PTFE Female Aluminum Hose Ends are precision-engineered for high-pressure fuel, oil, coolant, brake, clutch, power steering, and E85 applications. Designed specifically for PTFE (Teflon-lined) braided hose, these PTFE fittings provide a secure, leak-free 37-degree flare seal for demanding street performance, racing, marine, and motorsport plumbing systems.\n\nEach PTFE female hose end is CNC machined from aerospace-grade 6061-T6 billet aluminum and finished with ColorFittings’ proprietary polishing and anodizing process for superior corrosion resistance, strength, and long-term durability. Built to handle high temperature and high-pressure environments, these fittings are fully compatible with E85, ethanol, race fuel, pump gas, brake fluid, transmission fluid, oil, coolant, and hydraulic systems.\n\nLooking to complete your system? Explore our full range of PTFE Hose, Hose Separators, and Fitting Assembly Tools.",https://colorfittings.com/wp-content/uploads/2026/02/green-ptfe-45-degree-swivel-hose-end.png,Lime Green,CF-FPE-10-045-000-GR,PTFE Hose Fittings,True,"Target AN Size (-6, -8, -10)"
27.28,-10 AN 45 Degree Female Aluminum Hose End (PTFE),"ColorFittings 45 Degree PTFE Female Aluminum Hose Ends are precision-engineered for high-pressure fuel, oil, coolant, brake, clutch, power steering, and E85 applications. Designed specifically for PTFE (Teflon-lined) braided hose, these PTFE fittings provide a secure, leak-free 37-degree flare seal for demanding street performance, racing, marine, and motorsport plumbing systems.\n\nEach PTFE female hose end is CNC machined from aerospace-grade 6061-T6 billet aluminum and finished with ColorFittings’ proprietary polishing and anodizing process for superior corrosion resistance, strength, and long-term durability. Built to handle high temperature and high-pressure environments, these fittings are fully compatible with E85, ethanol, race fuel, pump gas, brake fluid, transmission fluid, oil, coolant, and hydraulic systems.\n\nLooking to complete your system? Explore our full range of PTFE Hose, Hose Separators, and Fitting Assembly Tools.",https://colorfittings.com/wp-content/uploads/2026/02/teal-ptfe-45-degree-swivel-hose-end.png,Teal,CF-FPE-10-045-000-TL,PTFE Hose Fittings,True,"Target AN Size (-6, -8, -10)"
27.28,-10 AN 45 Degree Female Aluminum Hose End (PTFE),"ColorFittings 45 Degree PTFE Female Aluminum Hose Ends are precision-engineered for high-pressure fuel, oil, coolant, brake, clutch, power steering, and E85 applications. Designed specifically for PTFE (Teflon-lined) braided hose, these PTFE fittings provide a secure, leak-free 37-degree flare seal for demanding street performance, racing, marine, and motorsport plumbing systems.\n\nEach PTFE female hose end is CNC machined from aerospace-grade 6061-T6 billet aluminum and finished with ColorFittings’ proprietary polishing and anodizing process for superior corrosion resistance, strength, and long-term durability. Built to handle high temperature and high-pressure environments, these fittings are fully compatible with E85, ethanol, race fuel, pump gas, brake fluid, transmission fluid, oil, coolant, and hydraulic systems.\n\nLooking to complete your system? Explore our full range of PTFE Hose, Hose Separators, and Fitting Assembly Tools.",https://colorfittings.com/wp-content/uploads/2026/02/black-ptfe-45-degree-swivel-hose-end.png,Black,CF-FPE-10-045-000-BL,PTFE Hose Fittings,True,"Target AN Size (-6, -8, -10)"
27.28,-10 AN 45 Degree Female Aluminum Hose End (PTFE),"ColorFittings 45 Degree PTFE Female Aluminum Hose Ends are precision-engineered for high-pressure fuel, oil, coolant, brake, clutch, power steering, and E85 applications. Designed specifically for PTFE (Teflon-lined) braided hose, these PTFE fittings provide a secure, leak-free 37-degree flare seal for demanding street performance, racing, marine, and motorsport plumbing systems.\n\nEach PTFE female hose end is CNC machined from aerospace-grade 6061-T6 billet aluminum and finished with ColorFittings’ proprietary polishing and anodizing process for superior corrosion resistance, strength, and long-term durability. Built to handle high temperature and high-pressure environments, these fittings are fully compatible with E85, ethanol, race fuel, pump gas, brake fluid, transmission fluid, oil, coolant, and hydraulic systems.\n\nLooking to complete your system? Explore our full range of PTFE Hose, Hose Separators, and Fitting Assembly Tools.",https://colorfittings.com/wp-content/uploads/2026/02/purple-ptfe-45-degree-swivel-hose-end.png,Purple,CF-FPE-10-045-000-PU,PTFE Hose Fittings,True,"Target AN Size (-6, -8, -10)"
18.96,-8 AN Straight Female Aluminum Hose End (PTFE),"ColorFittings Straight PTFE Female Aluminum Hose Ends are precision-engineered for high-pressure fuel, oil, coolant, brake, clutch, power steering, and E85 applications. Designed specifically for PTFE (Teflon-lined) braided hose, these PTFE fittings provide a secure, leak-free 37-degree flare seal for demanding street performance, racing, marine, and motorsport plumbing systems.\n\nEach PTFE female hose end is CNC machined from aerospace-grade 6061-T6 billet aluminum and finished with ColorFittings’ proprietary polishing and anodizing process for superior corrosion resistance, strength, and long-term durability. Built to handle high temperature and high-pressure environments, these fittings are fully compatible with E85, ethanol, race fuel, pump gas, brake fluid, transmission fluid, oil, coolant, and hydraulic systems.\n\nLooking to complete your system? Explore our full range of PTFE Hose, Hose Separators, and Fitting Assembly Tools.",https://colorfittings.com/wp-content/uploads/2026/02/red-ptfe-0-degree-swivel-hose-end.png,Red,CF-FPE-08-000-000-RD,PTFE Hose Fittings,True,"Target AN Size (-6, -8, -10)"
18.96,-8 AN Straight Female Aluminum Hose End (PTFE),"ColorFittings Straight PTFE Female Aluminum Hose Ends are precision-engineered for high-pressure fuel, oil, coolant, brake, clutch, power steering, and E85 applications. Designed specifically for PTFE (Teflon-lined) braided hose, these PTFE fittings provide a secure, leak-free 37-degree flare seal for demanding street performance, racing, marine, and motorsport plumbing systems.\n\nEach PTFE female hose end is CNC machined from aerospace-grade 6061-T6 billet aluminum and finished with ColorFittings’ proprietary polishing and anodizing process for superior corrosion resistance, strength, and long-term durability. Built to handle high temperature and high-pressure environments, these fittings are fully compatible with E85, ethanol, race fuel, pump gas, brake fluid, transmission fluid, oil, coolant, and hydraulic systems.\n\nLooking to complete your system? Explore our full range of PTFE Hose, Hose Separators, and Fitting Assembly Tools.",https://colorfittings.com/wp-content/uploads/2026/02/orange-ptfe-0-degree-swivel-hose-end.png,Orange,CF-FPE-08-000-000-OR,PTFE Hose Fittings,True,"Target AN Size (-6, -8, -10)"
18.96,-8 AN Straight Female Aluminum Hose End (PTFE),"ColorFittings Straight PTFE Female Aluminum Hose Ends are precision-engineered for high-pressure fuel, oil, coolant, brake, clutch, power steering, and E85 applications. Designed specifically for PTFE (Teflon-lined) braided hose, these PTFE fittings provide a secure, leak-free 37-degree flare seal for demanding street performance, racing, marine, and motorsport plumbing systems.\n\nEach PTFE female hose end is CNC machined from aerospace-grade 6061-T6 billet aluminum and finished with ColorFittings’ proprietary polishing and anodizing process for superior corrosion resistance, strength, and long-term durability. Built to handle high temperature and high-pressure environments, these fittings are fully compatible with E85, ethanol, race fuel, pump gas, brake fluid, transmission fluid, oil, coolant, and hydraulic systems.\n\nLooking to complete your system? Explore our full range of PTFE Hose, Hose Separators, and Fitting Assembly Tools.",https://colorfittings.com/wp-content/uploads/2026/02/green-ptfe-0-degree-swivel-hose-end.png,Lime Green,CF-FPE-08-000-000-GR,PTFE Hose Fittings,True,"Target AN Size (-6, -8, -10)"
18.96,-8 AN Straight Female Aluminum Hose End (PTFE),"ColorFittings Straight PTFE Female Aluminum Hose Ends are precision-engineered for high-pressure fuel, oil, coolant, brake, clutch, power steering, and E85 applications. Designed specifically for PTFE (Teflon-lined) braided hose, these PTFE fittings provide a secure, leak-free 37-degree flare seal for demanding street performance, racing, marine, and motorsport plumbing systems.\n\nEach PTFE female hose end is CNC machined from aerospace-grade 6061-T6 billet aluminum and finished with ColorFittings’ proprietary polishing and anodizing process for superior corrosion resistance, strength, and long-term durability. Built to handle high temperature and high-pressure environments, these fittings are fully compatible with E85, ethanol, race fuel, pump gas, brake fluid, transmission fluid, oil, coolant, and hydraulic systems.\n\nLooking to complete your system? Explore our full range of PTFE Hose, Hose Separators, and Fitting Assembly Tools.",https://colorfittings.com/wp-content/uploads/2026/02/black-ptfe-0-degree-swivel-hose-end.png,Black,CF-FPE-08-000-000-BL,PTFE Hose Fittings,True,"Target AN Size (-6, -8, -10)"
18.96,-8 AN Straight Female Aluminum Hose End (PTFE),"ColorFittings Straight PTFE Female Aluminum Hose Ends are precision-engineered for high-pressure fuel, oil, coolant, brake, clutch, power steering, and E85 applications. Designed specifically for PTFE (Teflon-lined) braided hose, these PTFE fittings provide a secure, leak-free 37-degree flare seal for demanding street performance, racing, marine, and motorsport plumbing systems.\n\nEach PTFE female hose end is CNC machined from aerospace-grade 6061-T6 billet aluminum and finished with ColorFittings’ proprietary polishing and anodizing process for superior corrosion resistance, strength, and long-term durability. Built to handle high temperature and high-pressure environments, these fittings are fully compatible with E85, ethanol, race fuel, pump gas, brake fluid, transmission fluid, oil, coolant, and hydraulic systems.\n\nLooking to complete your system? Explore our full range of PTFE Hose, Hose Separators, and Fitting Assembly Tools.",https://colorfittings.com/wp-content/uploads/2026/02/teal-ptfe-0-degree-swivel-hose-end.png,Teal,CF-FPE-08-000-000-TL,PTFE Hose Fittings,True,"Target AN Size (-6, -8, -10)"
18.96,-8 AN Straight Female Aluminum Hose End (PTFE),"ColorFittings Straight PTFE Female Aluminum Hose Ends are precision-engineered for high-pressure fuel, oil, coolant, brake, clutch, power steering, and E85 applications. Designed specifically for PTFE (Teflon-lined) braided hose, these PTFE fittings provide a secure, leak-free 37-degree flare seal for demanding street performance, racing, marine, and motorsport plumbing systems.\n\nEach PTFE female hose end is CNC machined from aerospace-grade 6061-T6 billet aluminum and finished with ColorFittings’ proprietary polishing and anodizing process for superior corrosion resistance, strength, and long-term durability. Built to handle high temperature and high-pressure environments, these fittings are fully compatible with E85, ethanol, race fuel, pump gas, brake fluid, transmission fluid, oil, coolant, and hydraulic systems.\n\nLooking to complete your system? Explore our full range of PTFE Hose, Hose Separators, and Fitting Assembly Tools.",https://colorfittings.com/wp-content/uploads/2026/02/purple-ptfe-0-degree-swivel-hose-end.png,Purple,CF-FPE-08-000-000-PU,PTFE Hose Fittings,True,"Target AN Size (-6, -8, -10)"
25.59,-8 AN 90 Degree Female Aluminum Hose End (PTFE),"ColorFittings 90 Degree PTFE Female Aluminum Hose Ends are precision-engineered for high-pressure fuel, oil, coolant, brake, clutch, power steering, and E85 applications. Designed specifically for PTFE (Teflon-lined) braided hose, these PTFE fittings provide a secure, leak-free 37-degree flare seal for demanding street performance, racing, marine, and motorsport plumbing systems.\n\nEach PTFE female hose end is CNC machined from aerospace-grade 6061-T6 billet aluminum and finished with ColorFittings’ proprietary polishing and anodizing process for superior corrosion resistance, strength, and long-term durability. Built to handle high temperature and high-pressure environments, these fittings are fully compatible with E85, ethanol, race fuel, pump gas, brake fluid, transmission fluid, oil, coolant, and hydraulic systems.\n\nLooking to complete your system? Explore our full range of PTFE Hose, Hose Separators, and Fitting Assembly Tools.",https://colorfittings.com/wp-content/uploads/2026/02/red-ptfe-90-degree-swivel-hose-end.png,Red,CF-FPE-08-090-000-RD,PTFE Hose Fittings,True,"Target AN Size (-6, -8, -10)"
25.59,-8 AN 90 Degree Female Aluminum Hose End (PTFE),"ColorFittings 90 Degree PTFE Female Aluminum Hose Ends are precision-engineered for high-pressure fuel, oil, coolant, brake, clutch, power steering, and E85 applications. Designed specifically for PTFE (Teflon-lined) braided hose, these PTFE fittings provide a secure, leak-free 37-degree flare seal for demanding street performance, racing, marine, and motorsport plumbing systems.\n\nEach PTFE female hose end is CNC machined from aerospace-grade 6061-T6 billet aluminum and finished with ColorFittings’ proprietary polishing and anodizing process for superior corrosion resistance, strength, and long-term durability. Built to handle high temperature and high-pressure environments, these fittings are fully compatible with E85, ethanol, race fuel, pump gas, brake fluid, transmission fluid, oil, coolant, and hydraulic systems.\n\nLooking to complete your system? Explore our full range of PTFE Hose, Hose Separators, and Fitting Assembly Tools.",https://colorfittings.com/wp-content/uploads/2026/02/orange-ptfe-90-degree-swivel-hose-end.png,Orange,CF-FPE-08-090-000-OR,PTFE Hose Fittings,True,"Target AN Size (-6, -8, -10)"
25.59,-8 AN 90 Degree Female Aluminum Hose End (PTFE),"ColorFittings 90 Degree PTFE Female Aluminum Hose Ends are precision-engineered for high-pressure fuel, oil, coolant, brake, clutch, power steering, and E85 applications. Designed specifically for PTFE (Teflon-lined) braided hose, these PTFE fittings provide a secure, leak-free 37-degree flare seal for demanding street performance, racing, marine, and motorsport plumbing systems.\n\nEach PTFE female hose end is CNC machined from aerospace-grade 6061-T6 billet aluminum and finished with ColorFittings’ proprietary polishing and anodizing process for superior corrosion resistance, strength, and long-term durability. Built to handle high temperature and high-pressure environments, these fittings are fully compatible with E85, ethanol, race fuel, pump gas, brake fluid, transmission fluid, oil, coolant, and hydraulic systems.\n\nLooking to complete your system? Explore our full range of PTFE Hose, Hose Separators, and Fitting Assembly Tools.",https://colorfittings.com/wp-content/uploads/2026/02/green-ptfe-90-degree-swivel-hose-end.png,Lime Green,CF-FPE-08-090-000-GR,PTFE Hose Fittings,True,"Target AN Size (-6, -8, -10)"
25.59,-8 AN 90 Degree Female Aluminum Hose End (PTFE),"ColorFittings 90 Degree PTFE Female Aluminum Hose Ends are precision-engineered for high-pressure fuel, oil, coolant, brake, clutch, power steering, and E85 applications. Designed specifically for PTFE (Teflon-lined) braided hose, these PTFE fittings provide a secure, leak-free 37-degree flare seal for demanding street performance, racing, marine, and motorsport plumbing systems.\n\nEach PTFE female hose end is CNC machined from aerospace-grade 6061-T6 billet aluminum and finished with ColorFittings’ proprietary polishing and anodizing process for superior corrosion resistance, strength, and long-term durability. Built to handle high temperature and high-pressure environments, these fittings are fully compatible with E85, ethanol, race fuel, pump gas, brake fluid, transmission fluid, oil, coolant, and hydraulic systems.\n\nLooking to complete your system? Explore our full range of PTFE Hose, Hose Separators, and Fitting Assembly Tools.",https://colorfittings.com/wp-content/uploads/2026/02/teal-ptfe-90-degree-swivel-hose-end.png,Teal,CF-FPE-08-090-000-TL,PTFE Hose Fittings,True,"Target AN Size (-6, -8, -10)"
25.59,-8 AN 90 Degree Female Aluminum Hose End (PTFE),"ColorFittings 90 Degree PTFE Female Aluminum Hose Ends are precision-engineered for high-pressure fuel, oil, coolant, brake, clutch, power steering, and E85 applications. Designed specifically for PTFE (Teflon-lined) braided hose, these PTFE fittings provide a secure, leak-free 37-degree flare seal for demanding street performance, racing, marine, and motorsport plumbing systems.\n\nEach PTFE female hose end is CNC machined from aerospace-grade 6061-T6 billet aluminum and finished with ColorFittings’ proprietary polishing and anodizing process for superior corrosion resistance, strength, and long-term durability. Built to handle high temperature and high-pressure environments, these fittings are fully compatible with E85, ethanol, race fuel, pump gas, brake fluid, transmission fluid, oil, coolant, and hydraulic systems.\n\nLooking to complete your system? Explore our full range of PTFE Hose, Hose Separators, and Fitting Assembly Tools.",https://colorfittings.com/wp-content/uploads/2026/02/black-ptfe-90-degree-swivel-hose-end.png,Black,CF-FPE-08-090-000-BL,PTFE Hose Fittings,True,"Target AN Size (-6, -8, -10)"
25.59,-8 AN 90 Degree Female Aluminum Hose End (PTFE),"ColorFittings 90 Degree PTFE Female Aluminum Hose Ends are precision-engineered for high-pressure fuel, oil, coolant, brake, clutch, power steering, and E85 applications. Designed specifically for PTFE (Teflon-lined) braided hose, these PTFE fittings provide a secure, leak-free 37-degree flare seal for demanding street performance, racing, marine, and motorsport plumbing systems.\n\nEach PTFE female hose end is CNC machined from aerospace-grade 6061-T6 billet aluminum and finished with ColorFittings’ proprietary polishing and anodizing process for superior corrosion resistance, strength, and long-term durability. Built to handle high temperature and high-pressure environments, these fittings are fully compatible with E85, ethanol, race fuel, pump gas, brake fluid, transmission fluid, oil, coolant, and hydraulic systems.\n\nLooking to complete your system? Explore our full range of PTFE Hose, Hose Separators, and Fitting Assembly Tools.",https://colorfittings.com/wp-content/uploads/2026/02/purple-ptfe-90-degree-swivel-hose-end.png,Purple,CF-FPE-08-090-000-PU,PTFE Hose Fittings,True,"Target AN Size (-6, -8, -10)"
25.59,-8 AN 45 Degree Female Aluminum Hose End (PTFE),"ColorFittings 45 Degree PTFE Female Aluminum Hose Ends are precision-engineered for high-pressure fuel, oil, coolant, brake, clutch, power steering, and E85 applications. Designed specifically for PTFE (Teflon-lined) braided hose, these PTFE fittings provide a secure, leak-free 37-degree flare seal for demanding street performance, racing, marine, and motorsport plumbing systems.\n\nEach PTFE female hose end is CNC machined from aerospace-grade 6061-T6 billet aluminum and finished with ColorFittings’ proprietary polishing and anodizing process for superior corrosion resistance, strength, and long-term durability. Built to handle high temperature and high-pressure environments, these fittings are fully compatible with E85, ethanol, race fuel, pump gas, brake fluid, transmission fluid, oil, coolant, and hydraulic systems.\n\nLooking to complete your system? Explore our full range of PTFE Hose, Hose Separators, and Fitting Assembly Tools.",https://colorfittings.com/wp-content/uploads/2026/02/red-ptfe-45-degree-swivel-hose-end.png,Red,CF-FPE-08-045-000-RD,PTFE Hose Fittings,True,"Target AN Size (-6, -8, -10)"
25.59,-8 AN 45 Degree Female Aluminum Hose End (PTFE),"ColorFittings 45 Degree PTFE Female Aluminum Hose Ends are precision-engineered for high-pressure fuel, oil, coolant, brake, clutch, power steering, and E85 applications. Designed specifically for PTFE (Teflon-lined) braided hose, these PTFE fittings provide a secure, leak-free 37-degree flare seal for demanding street performance, racing, marine, and motorsport plumbing systems.\n\nEach PTFE female hose end is CNC machined from aerospace-grade 6061-T6 billet aluminum and finished with ColorFittings’ proprietary polishing and anodizing process for superior corrosion resistance, strength, and long-term durability. Built to handle high temperature and high-pressure environments, these fittings are fully compatible with E85, ethanol, race fuel, pump gas, brake fluid, transmission fluid, oil, coolant, and hydraulic systems.\n\nLooking to complete your system? Explore our full range of PTFE Hose, Hose Separators, and Fitting Assembly Tools.",https://colorfittings.com/wp-content/uploads/2026/02/orange-ptfe-45-degree-swivel-hose-end.png,Orange,CF-FPE-08-045-000-OR,PTFE Hose Fittings,True,"Target AN Size (-6, -8, -10)"
25.59,-8 AN 45 Degree Female Aluminum Hose End (PTFE),"ColorFittings 45 Degree PTFE Female Aluminum Hose Ends are precision-engineered for high-pressure fuel, oil, coolant, brake, clutch, power steering, and E85 applications. Designed specifically for PTFE (Teflon-lined) braided hose, these PTFE fittings provide a secure, leak-free 37-degree flare seal for demanding street performance, racing, marine, and motorsport plumbing systems.\n\nEach PTFE female hose end is CNC machined from aerospace-grade 6061-T6 billet aluminum and finished with ColorFittings’ proprietary polishing and anodizing process for superior corrosion resistance, strength, and long-term durability. Built to handle high temperature and high-pressure environments, these fittings are fully compatible with E85, ethanol, race fuel, pump gas, brake fluid, transmission fluid, oil, coolant, and hydraulic systems.\n\nLooking to complete your system? Explore our full range of PTFE Hose, Hose Separators, and Fitting Assembly Tools.",https://colorfittings.com/wp-content/uploads/2026/02/green-ptfe-45-degree-swivel-hose-end.png,Lime Green,CF-FPE-08-045-000-GR,PTFE Hose Fittings,True,"Target AN Size (-6, -8, -10)"
25.59,-8 AN 45 Degree Female Aluminum Hose End (PTFE),"ColorFittings 45 Degree PTFE Female Aluminum Hose Ends are precision-engineered for high-pressure fuel, oil, coolant, brake, clutch, power steering, and E85 applications. Designed specifically for PTFE (Teflon-lined) braided hose, these PTFE fittings provide a secure, leak-free 37-degree flare seal for demanding street performance, racing, marine, and motorsport plumbing systems.\n\nEach PTFE female hose end is CNC machined from aerospace-grade 6061-T6 billet aluminum and finished with ColorFittings’ proprietary polishing and anodizing process for superior corrosion resistance, strength, and long-term durability. Built to handle high temperature and high-pressure environments, these fittings are fully compatible with E85, ethanol, race fuel, pump gas, brake fluid, transmission fluid, oil, coolant, and hydraulic systems.\n\nLooking to complete your system? Explore our full range of PTFE Hose, Hose Separators, and Fitting Assembly Tools.",https://colorfittings.com/wp-content/uploads/2026/02/black-ptfe-45-degree-swivel-hose-end.png,Black,CF-FPE-08-045-000-BL,PTFE Hose Fittings,True,"Target AN Size (-6, -8, -10)"
25.59,-8 AN 45 Degree Female Aluminum Hose End (PTFE),"ColorFittings 45 Degree PTFE Female Aluminum Hose Ends are precision-engineered for high-pressure fuel, oil, coolant, brake, clutch, power steering, and E85 applications. Designed specifically for PTFE (Teflon-lined) braided hose, these PTFE fittings provide a secure, leak-free 37-degree flare seal for demanding street performance, racing, marine, and motorsport plumbing systems.\n\nEach PTFE female hose end is CNC machined from aerospace-grade 6061-T6 billet aluminum and finished with ColorFittings’ proprietary polishing and anodizing process for superior corrosion resistance, strength, and long-term durability. Built to handle high temperature and high-pressure environments, these fittings are fully compatible with E85, ethanol, race fuel, pump gas, brake fluid, transmission fluid, oil, coolant, and hydraulic systems.\n\nLooking to complete your system? Explore our full range of PTFE Hose, Hose Separators, and Fitting Assembly Tools.",https://colorfittings.com/wp-content/uploads/2026/02/teal-ptfe-45-degree-swivel-hose-end.png,Teal,CF-FPE-08-045-000-TL,PTFE Hose Fittings,True,"Target AN Size (-6, -8, -10)"
25.59,-8 AN 45 Degree Female Aluminum Hose End (PTFE),"ColorFittings 45 Degree PTFE Female Aluminum Hose Ends are precision-engineered for high-pressure fuel, oil, coolant, brake, clutch, power steering, and E85 applications. Designed specifically for PTFE (Teflon-lined) braided hose, these PTFE fittings provide a secure, leak-free 37-degree flare seal for demanding street performance, racing, marine, and motorsport plumbing systems.\n\nEach PTFE female hose end is CNC machined from aerospace-grade 6061-T6 billet aluminum and finished with ColorFittings’ proprietary polishing and anodizing process for superior corrosion resistance, strength, and long-term durability. Built to handle high temperature and high-pressure environments, these fittings are fully compatible with E85, ethanol, race fuel, pump gas, brake fluid, transmission fluid, oil, coolant, and hydraulic systems.\n\nLooking to complete your system? Explore our full range of PTFE Hose, Hose Separators, and Fitting Assembly Tools.",https://colorfittings.com/wp-content/uploads/2026/02/purple-ptfe-45-degree-swivel-hose-end.png,Purple,CF-FPE-08-045-000-PU,PTFE Hose Fittings,True,"Target AN Size (-6, -8, -10)"
28.59,-8 AN 180 Degree Female Aluminum Hose End (PTFE),"ColorFittings 180 Degree PTFE Female Aluminum Hose Ends are precision-engineered for high-pressure fuel, oil, coolant, brake, clutch, power steering, and E85 applications. Designed specifically for PTFE (Teflon-lined) braided hose, these PTFE fittings provide a secure, leak-free 37-degree flare seal for demanding street performance, racing, marine, and motorsport plumbing systems.\n\nEach PTFE female hose end is CNC machined from aerospace-grade 6061-T6 billet aluminum and finished with ColorFittings’ proprietary polishing and anodizing process for superior corrosion resistance, strength, and long-term durability. Built to handle high temperature and high-pressure environments, these fittings are fully compatible with E85, ethanol, race fuel, pump gas, brake fluid, transmission fluid, oil, coolant, and hydraulic systems.\n\nLooking to complete your system? Explore our full range of PTFE Hose, Hose Separators, and Fitting Assembly Tools.",https://colorfittings.com/wp-content/uploads/2026/02/teal-ptfe-180-degree-swivel-hose-end.png,Teal,CF-FPE-08-180-000-TL,PTFE Hose Fittings,True,"Target AN Size (-6, -8, -10)"
28.59,-8 AN 180 Degree Female Aluminum Hose End (PTFE),"ColorFittings 180 Degree PTFE Female Aluminum Hose Ends are precision-engineered for high-pressure fuel, oil, coolant, brake, clutch, power steering, and E85 applications. Designed specifically for PTFE (Teflon-lined) braided hose, these PTFE fittings provide a secure, leak-free 37-degree flare seal for demanding street performance, racing, marine, and motorsport plumbing systems.\n\nEach PTFE female hose end is CNC machined from aerospace-grade 6061-T6 billet aluminum and finished with ColorFittings’ proprietary polishing and anodizing process for superior corrosion resistance, strength, and long-term durability. Built to handle high temperature and high-pressure environments, these fittings are fully compatible with E85, ethanol, race fuel, pump gas, brake fluid, transmission fluid, oil, coolant, and hydraulic systems.\n\nLooking to complete your system? Explore our full range of PTFE Hose, Hose Separators, and Fitting Assembly Tools.",https://colorfittings.com/wp-content/uploads/2026/02/green-ptfe-180-degree-swivel-hose-end.png,Lime Green,CF-FPE-08-180-000-GR,PTFE Hose Fittings,True,"Target AN Size (-6, -8, -10)"
28.59,-8 AN 180 Degree Female Aluminum Hose End (PTFE),"ColorFittings 180 Degree PTFE Female Aluminum Hose Ends are precision-engineered for high-pressure fuel, oil, coolant, brake, clutch, power steering, and E85 applications. Designed specifically for PTFE (Teflon-lined) braided hose, these PTFE fittings provide a secure, leak-free 37-degree flare seal for demanding street performance, racing, marine, and motorsport plumbing systems.\n\nEach PTFE female hose end is CNC machined from aerospace-grade 6061-T6 billet aluminum and finished with ColorFittings’ proprietary polishing and anodizing process for superior corrosion resistance, strength, and long-term durability. Built to handle high temperature and high-pressure environments, these fittings are fully compatible with E85, ethanol, race fuel, pump gas, brake fluid, transmission fluid, oil, coolant, and hydraulic systems.\n\nLooking to complete your system? Explore our full range of PTFE Hose, Hose Separators, and Fitting Assembly Tools.",https://colorfittings.com/wp-content/uploads/2026/02/red-ptfe-180-degree-swivel-hose-end.png,Red,CF-FPE-08-180-000-RD,PTFE Hose Fittings,True,"Target AN Size (-6, -8, -10)"
28.59,-8 AN 180 Degree Female Aluminum Hose End (PTFE),"ColorFittings 180 Degree PTFE Female Aluminum Hose Ends are precision-engineered for high-pressure fuel, oil, coolant, brake, clutch, power steering, and E85 applications. Designed specifically for PTFE (Teflon-lined) braided hose, these PTFE fittings provide a secure, leak-free 37-degree flare seal for demanding street performance, racing, marine, and motorsport plumbing systems.\n\nEach PTFE female hose end is CNC machined from aerospace-grade 6061-T6 billet aluminum and finished with ColorFittings’ proprietary polishing and anodizing process for superior corrosion resistance, strength, and long-term durability. Built to handle high temperature and high-pressure environments, these fittings are fully compatible with E85, ethanol, race fuel, pump gas, brake fluid, transmission fluid, oil, coolant, and hydraulic systems.\n\nLooking to complete your system? Explore our full range of PTFE Hose, Hose Separators, and Fitting Assembly Tools.",https://colorfittings.com/wp-content/uploads/2026/02/black-ptfe-180-degree-swivel-hose-end.png,Black,CF-FPE-08-180-000-BL,PTFE Hose Fittings,True,"Target AN Size (-6, -8, -10)"
28.59,-8 AN 180 Degree Female Aluminum Hose End (PTFE),"ColorFittings 180 Degree PTFE Female Aluminum Hose Ends are precision-engineered for high-pressure fuel, oil, coolant, brake, clutch, power steering, and E85 applications. Designed specifically for PTFE (Teflon-lined) braided hose, these PTFE fittings provide a secure, leak-free 37-degree flare seal for demanding street performance, racing, marine, and motorsport plumbing systems.\n\nEach PTFE female hose end is CNC machined from aerospace-grade 6061-T6 billet aluminum and finished with ColorFittings’ proprietary polishing and anodizing process for superior corrosion resistance, strength, and long-term durability. Built to handle high temperature and high-pressure environments, these fittings are fully compatible with E85, ethanol, race fuel, pump gas, brake fluid, transmission fluid, oil, coolant, and hydraulic systems.\n\nLooking to complete your system? Explore our full range of PTFE Hose, Hose Separators, and Fitting Assembly Tools.",https://colorfittings.com/wp-content/uploads/2026/02/purple-ptfe-180-degree-swivel-hose-end.png,Purple,CF-FPE-08-180-000-PU,PTFE Hose Fittings,True,"Target AN Size (-6, -8, -10)"
15.78,-6 AN Straight Female Aluminum Hose End (PTFE),"ColorFittings Straight PTFE Female Aluminum Hose Ends are precision-engineered for high-pressure fuel, oil, coolant, brake, clutch, power steering, and E85 applications. Designed specifically for PTFE (Teflon-lined) braided hose, these PTFE fittings provide a secure, leak-free 37-degree flare seal for demanding street performance, racing, marine, and motorsport plumbing systems.\n\nEach PTFE female hose end is CNC machined from aerospace-grade 6061-T6 billet aluminum and finished with ColorFittings’ proprietary polishing and anodizing process for superior corrosion resistance, strength, and long-term durability. Built to handle high temperature and high-pressure environments, these fittings are fully compatible with E85, ethanol, race fuel, pump gas, brake fluid, transmission fluid, oil, coolant, and hydraulic systems.\n\nLooking to complete your system? Explore our full range of PTFE Hose, Hose Separators, and Fitting Assembly Tools.",https://colorfittings.com/wp-content/uploads/2026/02/red-ptfe-0-degree-swivel-hose-end.png,Red,CF-FPE-06-000-000-RD,PTFE Hose Fittings,True,"Target AN Size (-6, -8, -10)"
15.78,-6 AN Straight Female Aluminum Hose End (PTFE),"ColorFittings Straight PTFE Female Aluminum Hose Ends are precision-engineered for high-pressure fuel, oil, coolant, brake, clutch, power steering, and E85 applications. Designed specifically for PTFE (Teflon-lined) braided hose, these PTFE fittings provide a secure, leak-free 37-degree flare seal for demanding street performance, racing, marine, and motorsport plumbing systems.\n\nEach PTFE female hose end is CNC machined from aerospace-grade 6061-T6 billet aluminum and finished with ColorFittings’ proprietary polishing and anodizing process for superior corrosion resistance, strength, and long-term durability. Built to handle high temperature and high-pressure environments, these fittings are fully compatible with E85, ethanol, race fuel, pump gas, brake fluid, transmission fluid, oil, coolant, and hydraulic systems.\n\nLooking to complete your system? Explore our full range of PTFE Hose, Hose Separators, and Fitting Assembly Tools.",https://colorfittings.com/wp-content/uploads/2026/02/orange-ptfe-0-degree-swivel-hose-end.png,Orange,CF-FPE-06-000-000-OR,PTFE Hose Fittings,True,"Target AN Size (-6, -8, -10)"
15.78,-6 AN Straight Female Aluminum Hose End (PTFE),"ColorFittings Straight PTFE Female Aluminum Hose Ends are precision-engineered for high-pressure fuel, oil, coolant, brake, clutch, power steering, and E85 applications. Designed specifically for PTFE (Teflon-lined) braided hose, these PTFE fittings provide a secure, leak-free 37-degree flare seal for demanding street performance, racing, marine, and motorsport plumbing systems.\n\nEach PTFE female hose end is CNC machined from aerospace-grade 6061-T6 billet aluminum and finished with ColorFittings’ proprietary polishing and anodizing process for superior corrosion resistance, strength, and long-term durability. Built to handle high temperature and high-pressure environments, these fittings are fully compatible with E85, ethanol, race fuel, pump gas, brake fluid, transmission fluid, oil, coolant, and hydraulic systems.\n\nLooking to complete your system? Explore our full range of PTFE Hose, Hose Separators, and Fitting Assembly Tools.",https://colorfittings.com/wp-content/uploads/2026/02/green-ptfe-0-degree-swivel-hose-end.png,Lime Green,CF-FPE-06-000-000-GR,PTFE Hose Fittings,True,"Target AN Size (-6, -8, -10)"
15.78,-6 AN Straight Female Aluminum Hose End (PTFE),"ColorFittings Straight PTFE Female Aluminum Hose Ends are precision-engineered for high-pressure fuel, oil, coolant, brake, clutch, power steering, and E85 applications. Designed specifically for PTFE (Teflon-lined) braided hose, these PTFE fittings provide a secure, leak-free 37-degree flare seal for demanding street performance, racing, marine, and motorsport plumbing systems.\n\nEach PTFE female hose end is CNC machined from aerospace-grade 6061-T6 billet aluminum and finished with ColorFittings’ proprietary polishing and anodizing process for superior corrosion resistance, strength, and long-term durability. Built to handle high temperature and high-pressure environments, these fittings are fully compatible with E85, ethanol, race fuel, pump gas, brake fluid, transmission fluid, oil, coolant, and hydraulic systems.\n\nLooking to complete your system? Explore our full range of PTFE Hose, Hose Separators, and Fitting Assembly Tools.",https://colorfittings.com/wp-content/uploads/2026/02/black-ptfe-0-degree-swivel-hose-end.png,Black,CF-FPE-06-000-000-BL,PTFE Hose Fittings,True,"Target AN Size (-6, -8, -10)"
15.78,-6 AN Straight Female Aluminum Hose End (PTFE),"ColorFittings Straight PTFE Female Aluminum Hose Ends are precision-engineered for high-pressure fuel, oil, coolant, brake, clutch, power steering, and E85 applications. Designed specifically for PTFE (Teflon-lined) braided hose, these PTFE fittings provide a secure, leak-free 37-degree flare seal for demanding street performance, racing, marine, and motorsport plumbing systems.\n\nEach PTFE female hose end is CNC machined from aerospace-grade 6061-T6 billet aluminum and finished with ColorFittings’ proprietary polishing and anodizing process for superior corrosion resistance, strength, and long-term durability. Built to handle high temperature and high-pressure environments, these fittings are fully compatible with E85, ethanol, race fuel, pump gas, brake fluid, transmission fluid, oil, coolant, and hydraulic systems.\n\nLooking to complete your system? Explore our full range of PTFE Hose, Hose Separators, and Fitting Assembly Tools.",https://colorfittings.com/wp-content/uploads/2026/02/teal-ptfe-0-degree-swivel-hose-end.png,Teal,CF-FPE-06-000-000-TL,PTFE Hose Fittings,True,"Target AN Size (-6, -8, -10)"
15.78,-6 AN Straight Female Aluminum Hose End (PTFE),"ColorFittings Straight PTFE Female Aluminum Hose Ends are precision-engineered for high-pressure fuel, oil, coolant, brake, clutch, power steering, and E85 applications. Designed specifically for PTFE (Teflon-lined) braided hose, these PTFE fittings provide a secure, leak-free 37-degree flare seal for demanding street performance, racing, marine, and motorsport plumbing systems.\n\nEach PTFE female hose end is CNC machined from aerospace-grade 6061-T6 billet aluminum and finished with ColorFittings’ proprietary polishing and anodizing process for superior corrosion resistance, strength, and long-term durability. Built to handle high temperature and high-pressure environments, these fittings are fully compatible with E85, ethanol, race fuel, pump gas, brake fluid, transmission fluid, oil, coolant, and hydraulic systems.\n\nLooking to complete your system? Explore our full range of PTFE Hose, Hose Separators, and Fitting Assembly Tools.",https://colorfittings.com/wp-content/uploads/2026/02/purple-ptfe-0-degree-swivel-hose-end.png,Purple,CF-FPE-06-000-000-PU,PTFE Hose Fittings,True,"Target AN Size (-6, -8, -10)"
19.69,-6 AN 90 Degree Female Aluminum Hose End (PTFE),"ColorFittings 90 Degree PTFE Female Aluminum Hose Ends are precision-engineered for high-pressure fuel, oil, coolant, brake, clutch, power steering, and E85 applications. Designed specifically for PTFE (Teflon-lined) braided hose, these PTFE fittings provide a secure, leak-free 37-degree flare seal for demanding street performance, racing, marine, and motorsport plumbing systems.\n\nEach PTFE female hose end is CNC machined from aerospace-grade 6061-T6 billet aluminum and finished with ColorFittings’ proprietary polishing and anodizing process for superior corrosion resistance, strength, and long-term durability. Built to handle high temperature and high-pressure environments, these fittings are fully compatible with E85, ethanol, race fuel, pump gas, brake fluid, transmission fluid, oil, coolant, and hydraulic systems.\n\nLooking to complete your system? Explore our full range of PTFE Hose, Hose Separators, and Fitting Assembly Tools.",https://colorfittings.com/wp-content/uploads/2026/02/red-ptfe-90-degree-swivel-hose-end.png,Red,CF-FPE-06-090-000-RD,PTFE Hose Fittings,True,"Target AN Size (-6, -8, -10)"
19.69,-6 AN 90 Degree Female Aluminum Hose End (PTFE),"ColorFittings 90 Degree PTFE Female Aluminum Hose Ends are precision-engineered for high-pressure fuel, oil, coolant, brake, clutch, power steering, and E85 applications. Designed specifically for PTFE (Teflon-lined) braided hose, these PTFE fittings provide a secure, leak-free 37-degree flare seal for demanding street performance, racing, marine, and motorsport plumbing systems.\n\nEach PTFE female hose end is CNC machined from aerospace-grade 6061-T6 billet aluminum and finished with ColorFittings’ proprietary polishing and anodizing process for superior corrosion resistance, strength, and long-term durability. Built to handle high temperature and high-pressure environments, these fittings are fully compatible with E85, ethanol, race fuel, pump gas, brake fluid, transmission fluid, oil, coolant, and hydraulic systems.\n\nLooking to complete your system? Explore our full range of PTFE Hose, Hose Separators, and Fitting Assembly Tools.",https://colorfittings.com/wp-content/uploads/2026/02/orange-ptfe-90-degree-swivel-hose-end.png,Orange,CF-FPE-06-090-000-OR,PTFE Hose Fittings,True,"Target AN Size (-6, -8, -10)"
19.69,-6 AN 90 Degree Female Aluminum Hose End (PTFE),"ColorFittings 90 Degree PTFE Female Aluminum Hose Ends are precision-engineered for high-pressure fuel, oil, coolant, brake, clutch, power steering, and E85 applications. Designed specifically for PTFE (Teflon-lined) braided hose, these PTFE fittings provide a secure, leak-free 37-degree flare seal for demanding street performance, racing, marine, and motorsport plumbing systems.\n\nEach PTFE female hose end is CNC machined from aerospace-grade 6061-T6 billet aluminum and finished with ColorFittings’ proprietary polishing and anodizing process for superior corrosion resistance, strength, and long-term durability. Built to handle high temperature and high-pressure environments, these fittings are fully compatible with E85, ethanol, race fuel, pump gas, brake fluid, transmission fluid, oil, coolant, and hydraulic systems.\n\nLooking to complete your system? Explore our full range of PTFE Hose, Hose Separators, and Fitting Assembly Tools.",https://colorfittings.com/wp-content/uploads/2026/02/green-ptfe-90-degree-swivel-hose-end.png,Lime Green,CF-FPE-06-090-000-GR,PTFE Hose Fittings,True,"Target AN Size (-6, -8, -10)"
19.69,-6 AN 90 Degree Female Aluminum Hose End (PTFE),"ColorFittings 90 Degree PTFE Female Aluminum Hose Ends are precision-engineered for high-pressure fuel, oil, coolant, brake, clutch, power steering, and E85 applications. Designed specifically for PTFE (Teflon-lined) braided hose, these PTFE fittings provide a secure, leak-free 37-degree flare seal for demanding street performance, racing, marine, and motorsport plumbing systems.\n\nEach PTFE female hose end is CNC machined from aerospace-grade 6061-T6 billet aluminum and finished with ColorFittings’ proprietary polishing and anodizing process for superior corrosion resistance, strength, and long-term durability. Built to handle high temperature and high-pressure environments, these fittings are fully compatible with E85, ethanol, race fuel, pump gas, brake fluid, transmission fluid, oil, coolant, and hydraulic systems.\n\nLooking to complete your system? Explore our full range of PTFE Hose, Hose Separators, and Fitting Assembly Tools.",https://colorfittings.com/wp-content/uploads/2026/02/black-ptfe-90-degree-swivel-hose-end.png,Black,CF-FPE-06-090-000-BL,PTFE Hose Fittings,True,"Target AN Size (-6, -8, -10)"
19.69,-6 AN 90 Degree Female Aluminum Hose End (PTFE),"ColorFittings 90 Degree PTFE Female Aluminum Hose Ends are precision-engineered for high-pressure fuel, oil, coolant, brake, clutch, power steering, and E85 applications. Designed specifically for PTFE (Teflon-lined) braided hose, these PTFE fittings provide a secure, leak-free 37-degree flare seal for demanding street performance, racing, marine, and motorsport plumbing systems.\n\nEach PTFE female hose end is CNC machined from aerospace-grade 6061-T6 billet aluminum and finished with ColorFittings’ proprietary polishing and anodizing process for superior corrosion resistance, strength, and long-term durability. Built to handle high temperature and high-pressure environments, these fittings are fully compatible with E85, ethanol, race fuel, pump gas, brake fluid, transmission fluid, oil, coolant, and hydraulic systems.\n\nLooking to complete your system? Explore our full range of PTFE Hose, Hose Separators, and Fitting Assembly Tools.",https://colorfittings.com/wp-content/uploads/2026/02/teal-ptfe-90-degree-swivel-hose-end.png,Teal,CF-FPE-06-090-000-TL,PTFE Hose Fittings,True,"Target AN Size (-6, -8, -10)"
19.69,-6 AN 90 Degree Female Aluminum Hose End (PTFE),"ColorFittings 90 Degree PTFE Female Aluminum Hose Ends are precision-engineered for high-pressure fuel, oil, coolant, brake, clutch, power steering, and E85 applications. Designed specifically for PTFE (Teflon-lined) braided hose, these PTFE fittings provide a secure, leak-free 37-degree flare seal for demanding street performance, racing, marine, and motorsport plumbing systems.\n\nEach PTFE female hose end is CNC machined from aerospace-grade 6061-T6 billet aluminum and finished with ColorFittings’ proprietary polishing and anodizing process for superior corrosion resistance, strength, and long-term durability. Built to handle high temperature and high-pressure environments, these fittings are fully compatible with E85, ethanol, race fuel, pump gas, brake fluid, transmission fluid, oil, coolant, and hydraulic systems.\n\nLooking to complete your system? Explore our full range of PTFE Hose, Hose Separators, and Fitting Assembly Tools.",https://colorfittings.com/wp-content/uploads/2026/02/purple-ptfe-90-degree-swivel-hose-end.png,Purple,CF-FPE-06-090-000-PU,PTFE Hose Fittings,True,"Target AN Size (-6, -8, -10)"
19.69,-6 AN 45 Degree Female Aluminum Hose End (PTFE),"ColorFittings 45 Degree PTFE Female Aluminum Hose Ends are precision-engineered for high-pressure fuel, oil, coolant, brake, clutch, power steering, and E85 applications. Designed specifically for PTFE (Teflon-lined) braided hose, these PTFE fittings provide a secure, leak-free 37-degree flare seal for demanding street performance, racing, marine, and motorsport plumbing systems.\n\nEach PTFE female hose end is CNC machined from aerospace-grade 6061-T6 billet aluminum and finished with ColorFittings’ proprietary polishing and anodizing process for superior corrosion resistance, strength, and long-term durability. Built to handle high temperature and high-pressure environments, these fittings are fully compatible with E85, ethanol, race fuel, pump gas, brake fluid, transmission fluid, oil, coolant, and hydraulic systems.\n\nLooking to complete your system? Explore our full range of PTFE Hose, Hose Separators, and Fitting Assembly Tools.",https://colorfittings.com/wp-content/uploads/2026/02/red-ptfe-45-degree-swivel-hose-end.png,Red,CF-FPE-06-045-000-RD,PTFE Hose Fittings,True,"Target AN Size (-6, -8, -10)"
19.69,-6 AN 45 Degree Female Aluminum Hose End (PTFE),"ColorFittings 45 Degree PTFE Female Aluminum Hose Ends are precision-engineered for high-pressure fuel, oil, coolant, brake, clutch, power steering, and E85 applications. Designed specifically for PTFE (Teflon-lined) braided hose, these PTFE fittings provide a secure, leak-free 37-degree flare seal for demanding street performance, racing, marine, and motorsport plumbing systems.\n\nEach PTFE female hose end is CNC machined from aerospace-grade 6061-T6 billet aluminum and finished with ColorFittings’ proprietary polishing and anodizing process for superior corrosion resistance, strength, and long-term durability. Built to handle high temperature and high-pressure environments, these fittings are fully compatible with E85, ethanol, race fuel, pump gas, brake fluid, transmission fluid, oil, coolant, and hydraulic systems.\n\nLooking to complete your system? Explore our full range of PTFE Hose, Hose Separators, and Fitting Assembly Tools.",https://colorfittings.com/wp-content/uploads/2026/02/orange-ptfe-45-degree-swivel-hose-end.png,Orange,CF-FPE-06-045-000-OR,PTFE Hose Fittings,True,"Target AN Size (-6, -8, -10)"
19.69,-6 AN 45 Degree Female Aluminum Hose End (PTFE),"ColorFittings 45 Degree PTFE Female Aluminum Hose Ends are precision-engineered for high-pressure fuel, oil, coolant, brake, clutch, power steering, and E85 applications. Designed specifically for PTFE (Teflon-lined) braided hose, these PTFE fittings provide a secure, leak-free 37-degree flare seal for demanding street performance, racing, marine, and motorsport plumbing systems.\n\nEach PTFE female hose end is CNC machined from aerospace-grade 6061-T6 billet aluminum and finished with ColorFittings’ proprietary polishing and anodizing process for superior corrosion resistance, strength, and long-term durability. Built to handle high temperature and high-pressure environments, these fittings are fully compatible with E85, ethanol, race fuel, pump gas, brake fluid, transmission fluid, oil, coolant, and hydraulic systems.\n\nLooking to complete your system? Explore our full range of PTFE Hose, Hose Separators, and Fitting Assembly Tools.",https://colorfittings.com/wp-content/uploads/2026/02/green-ptfe-45-degree-swivel-hose-end.png,Lime Green,CF-FPE-06-045-000-GR,PTFE Hose Fittings,True,"Target AN Size (-6, -8, -10)"
19.69,-6 AN 45 Degree Female Aluminum Hose End (PTFE),"ColorFittings 45 Degree PTFE Female Aluminum Hose Ends are precision-engineered for high-pressure fuel, oil, coolant, brake, clutch, power steering, and E85 applications. Designed specifically for PTFE (Teflon-lined) braided hose, these PTFE fittings provide a secure, leak-free 37-degree flare seal for demanding street performance, racing, marine, and motorsport plumbing systems.\n\nEach PTFE female hose end is CNC machined from aerospace-grade 6061-T6 billet aluminum and finished with ColorFittings’ proprietary polishing and anodizing process for superior corrosion resistance, strength, and long-term durability. Built to handle high temperature and high-pressure environments, these fittings are fully compatible with E85, ethanol, race fuel, pump gas, brake fluid, transmission fluid, oil, coolant, and hydraulic systems.\n\nLooking to complete your system? Explore our full range of PTFE Hose, Hose Separators, and Fitting Assembly Tools.",https://colorfittings.com/wp-content/uploads/2026/02/black-ptfe-45-degree-swivel-hose-end.png,Black,CF-FPE-06-045-000-BL,PTFE Hose Fittings,True,"Target AN Size (-6, -8, -10)"
19.69,-6 AN 45 Degree Female Aluminum Hose End (PTFE),"ColorFittings 45 Degree PTFE Female Aluminum Hose Ends are precision-engineered for high-pressure fuel, oil, coolant, brake, clutch, power steering, and E85 applications. Designed specifically for PTFE (Teflon-lined) braided hose, these PTFE fittings provide a secure, leak-free 37-degree flare seal for demanding street performance, racing, marine, and motorsport plumbing systems.\n\nEach PTFE female hose end is CNC machined from aerospace-grade 6061-T6 billet aluminum and finished with ColorFittings’ proprietary polishing and anodizing process for superior corrosion resistance, strength, and long-term durability. Built to handle high temperature and high-pressure environments, these fittings are fully compatible with E85, ethanol, race fuel, pump gas, brake fluid, transmission fluid, oil, coolant, and hydraulic systems.\n\nLooking to complete your system? Explore our full range of PTFE Hose, Hose Separators, and Fitting Assembly Tools.",https://colorfittings.com/wp-content/uploads/2026/02/teal-ptfe-45-degree-swivel-hose-end.png,Teal,CF-FPE-06-045-000-TL,PTFE Hose Fittings,True,"Target AN Size (-6, -8, -10)"
19.69,-6 AN 45 Degree Female Aluminum Hose End (PTFE),"ColorFittings 45 Degree PTFE Female Aluminum Hose Ends are precision-engineered for high-pressure fuel, oil, coolant, brake, clutch, power steering, and E85 applications. Designed specifically for PTFE (Teflon-lined) braided hose, these PTFE fittings provide a secure, leak-free 37-degree flare seal for demanding street performance, racing, marine, and motorsport plumbing systems.\n\nEach PTFE female hose end is CNC machined from aerospace-grade 6061-T6 billet aluminum and finished with ColorFittings’ proprietary polishing and anodizing process for superior corrosion resistance, strength, and long-term durability. Built to handle high temperature and high-pressure environments, these fittings are fully compatible with E85, ethanol, race fuel, pump gas, brake fluid, transmission fluid, oil, coolant, and hydraulic systems.\n\nLooking to complete your system? Explore our full range of PTFE Hose, Hose Separators, and Fitting Assembly Tools.",https://colorfittings.com/wp-content/uploads/2026/02/purple-ptfe-45-degree-swivel-hose-end.png,Purple,CF-FPE-06-045-000-PU,PTFE Hose Fittings,True,"Target AN Size (-6, -8, -10)"
8.99,-16 AN Hex/Worm-Clamp Hose Finisher,"ColorFittings Worm Clamp Hose End Finishers are designed to transform ordinary worm gear hose clamps into a clean, show-quality detail for your engine bay. Perfect for coolant, vacuum, intercooler, breather, and other rubber hose applications, these finishers provide a sleek, professional appearance while concealing the industrial look of standard hose clamps.\nPrecision CNC-machined from 6061-T6 billet aluminum and finished with ColorFittings’ proprietary anodizing process, these one-piece beauty covers offer exceptional durability, corrosion resistance, and long-lasting color retention. Whether you’re building a race car, show car, or street vehicle, they add the finishing touch that elevates your plumbing and engine bay presentation.\nLooking to complete your system? Explore our full range of AN fittings, braided hose, andfitting assembly tools.",https://colorfittings.com/wp-content/uploads/2018/06/Orange-WormClamp.png,Orange,CF-WCF-16-000-000-OR,Hex / Worm-Clamp Hose Finishers Ends,True,"Target AN Size (-6, -8, -10)"
8.99,-16 AN Hex/Worm-Clamp Hose Finisher,"ColorFittings Worm Clamp Hose End Finishers are designed to transform ordinary worm gear hose clamps into a clean, show-quality detail for your engine bay. Perfect for coolant, vacuum, intercooler, breather, and other rubber hose applications, these finishers provide a sleek, professional appearance while concealing the industrial look of standard hose clamps.\nPrecision CNC-machined from 6061-T6 billet aluminum and finished with ColorFittings’ proprietary anodizing process, these one-piece beauty covers offer exceptional durability, corrosion resistance, and long-lasting color retention. Whether you’re building a race car, show car, or street vehicle, they add the finishing touch that elevates your plumbing and engine bay presentation.\nLooking to complete your system? Explore our full range of AN fittings, braided hose, andfitting assembly tools.",https://colorfittings.com/wp-content/uploads/2018/06/Green-WormClamp.png,Green,CF-WCF-16-000-000-GR,Hex / Worm-Clamp Hose Finishers Ends,True,"Target AN Size (-6, -8, -10)"
8.99,-16 AN Hex/Worm-Clamp Hose Finisher,"ColorFittings Worm Clamp Hose End Finishers are designed to transform ordinary worm gear hose clamps into a clean, show-quality detail for your engine bay. Perfect for coolant, vacuum, intercooler, breather, and other rubber hose applications, these finishers provide a sleek, professional appearance while concealing the industrial look of standard hose clamps.\nPrecision CNC-machined from 6061-T6 billet aluminum and finished with ColorFittings’ proprietary anodizing process, these one-piece beauty covers offer exceptional durability, corrosion resistance, and long-lasting color retention. Whether you’re building a race car, show car, or street vehicle, they add the finishing touch that elevates your plumbing and engine bay presentation.\nLooking to complete your system? Explore our full range of AN fittings, braided hose, andfitting assembly tools.",https://colorfittings.com/wp-content/uploads/2018/06/Red-WormClamp.png,Red,CF-WCF-16-000-000-RD,Hex / Worm-Clamp Hose Finishers Ends,True,"Target AN Size (-6, -8, -10)"
6.99,-10 AN Hex/Worm-Clamp Hose Finisher,"ColorFittings Worm Clamp Hose End Finishers are designed to transform ordinary worm gear hose clamps into a clean, show-quality detail for your engine bay. Perfect for coolant, vacuum, intercooler, breather, and other rubber hose applications, these finishers provide a sleek, professional appearance while concealing the industrial look of standard hose clamps.\nPrecision CNC-machined from 6061-T6 billet aluminum and finished with ColorFittings’ proprietary anodizing process, these one-piece beauty covers offer exceptional durability, corrosion resistance, and long-lasting color retention. Whether you’re building a race car, show car, or street vehicle, they add the finishing touch that elevates your plumbing and engine bay presentation.\nLooking to complete your system? Explore our full range of AN fittings, braided hose, andfitting assembly tools.",https://colorfittings.com/wp-content/uploads/2018/06/Red-WormClamp.png,Red,CF-WCF-10-000-000-RD,Hex / Worm-Clamp Hose Finishers Ends,True,"Target AN Size (-6, -8, -10)"
6.99,-10 AN Hex/Worm-Clamp Hose Finisher,"ColorFittings Worm Clamp Hose End Finishers are designed to transform ordinary worm gear hose clamps into a clean, show-quality detail for your engine bay. Perfect for coolant, vacuum, intercooler, breather, and other rubber hose applications, these finishers provide a sleek, professional appearance while concealing the industrial look of standard hose clamps.\nPrecision CNC-machined from 6061-T6 billet aluminum and finished with ColorFittings’ proprietary anodizing process, these one-piece beauty covers offer exceptional durability, corrosion resistance, and long-lasting color retention. Whether you’re building a race car, show car, or street vehicle, they add the finishing touch that elevates your plumbing and engine bay presentation.\nLooking to complete your system? Explore our full range of AN fittings, braided hose, andfitting assembly tools.",https://colorfittings.com/wp-content/uploads/2018/06/Green-WormClamp.png,Green,CF-WCF-10-000-000-GR,Hex / Worm-Clamp Hose Finishers Ends,True,"Target AN Size (-6, -8, -10)"
6.99,-10 AN Hex/Worm-Clamp Hose Finisher,"ColorFittings Worm Clamp Hose End Finishers are designed to transform ordinary worm gear hose clamps into a clean, show-quality detail for your engine bay. Perfect for coolant, vacuum, intercooler, breather, and other rubber hose applications, these finishers provide a sleek, professional appearance while concealing the industrial look of standard hose clamps.\nPrecision CNC-machined from 6061-T6 billet aluminum and finished with ColorFittings’ proprietary anodizing process, these one-piece beauty covers offer exceptional durability, corrosion resistance, and long-lasting color retention. Whether you’re building a race car, show car, or street vehicle, they add the finishing touch that elevates your plumbing and engine bay presentation.\nLooking to complete your system? Explore our full range of AN fittings, braided hose, andfitting assembly tools.",https://colorfittings.com/wp-content/uploads/2018/06/Orange-WormClamp.png,Orange,CF-WCF-10-000-000-OR,Hex / Worm-Clamp Hose Finishers Ends,True,"Target AN Size (-6, -8, -10)"
6.99,-8 AN Hex/Worm-Clamp Hose Finisher,"ColorFittings Worm Clamp Hose End Finishers are designed to transform ordinary worm gear hose clamps into a clean, show-quality detail for your engine bay. Perfect for coolant, vacuum, intercooler, breather, and other rubber hose applications, these finishers provide a sleek, professional appearance while concealing the industrial look of standard hose clamps.\nPrecision CNC-machined from 6061-T6 billet aluminum and finished with ColorFittings’ proprietary anodizing process, these one-piece beauty covers offer exceptional durability, corrosion resistance, and long-lasting color retention. Whether you’re building a race car, show car, or street vehicle, they add the finishing touch that elevates your plumbing and engine bay presentation.\nLooking to complete your system? Explore our full range of AN fittings, braided hose, andfitting assembly tools.",https://colorfittings.com/wp-content/uploads/2018/06/Orange-WormClamp.png,Orange,CF-WCF-08-000-000-OR,Hex / Worm-Clamp Hose Finishers Ends,True,"Target AN Size (-6, -8, -10)"
6.99,-8 AN Hex/Worm-Clamp Hose Finisher,"ColorFittings Worm Clamp Hose End Finishers are designed to transform ordinary worm gear hose clamps into a clean, show-quality detail for your engine bay. Perfect for coolant, vacuum, intercooler, breather, and other rubber hose applications, these finishers provide a sleek, professional appearance while concealing the industrial look of standard hose clamps.\nPrecision CNC-machined from 6061-T6 billet aluminum and finished with ColorFittings’ proprietary anodizing process, these one-piece beauty covers offer exceptional durability, corrosion resistance, and long-lasting color retention. Whether you’re building a race car, show car, or street vehicle, they add the finishing touch that elevates your plumbing and engine bay presentation.\nLooking to complete your system? Explore our full range of AN fittings, braided hose, andfitting assembly tools.",https://colorfittings.com/wp-content/uploads/2018/06/Green-WormClamp.png,Green,CF-WCF-08-000-000-GR,Hex / Worm-Clamp Hose Finishers Ends,True,"Target AN Size (-6, -8, -10)"
6.99,-8 AN Hex/Worm-Clamp Hose Finisher,"ColorFittings Worm Clamp Hose End Finishers are designed to transform ordinary worm gear hose clamps into a clean, show-quality detail for your engine bay. Perfect for coolant, vacuum, intercooler, breather, and other rubber hose applications, these finishers provide a sleek, professional appearance while concealing the industrial look of standard hose clamps.\nPrecision CNC-machined from 6061-T6 billet aluminum and finished with ColorFittings’ proprietary anodizing process, these one-piece beauty covers offer exceptional durability, corrosion resistance, and long-lasting color retention. Whether you’re building a race car, show car, or street vehicle, they add the finishing touch that elevates your plumbing and engine bay presentation.\nLooking to complete your system? Explore our full range of AN fittings, braided hose, andfitting assembly tools.",https://colorfittings.com/wp-content/uploads/2018/06/Red-WormClamp.png,Red,CF-WCF-08-000-000-RD,Hex / Worm-Clamp Hose Finishers Ends,True,"Target AN Size (-6, -8, -10)"
6.99,-6 AN Hex/Worm-Clamp Hose Finisher,"ColorFittings Worm Clamp Hose End Finishers are designed to transform ordinary worm gear hose clamps into a clean, show-quality detail for your engine bay. Perfect for coolant, vacuum, intercooler, breather, and other rubber hose applications, these finishers provide a sleek, professional appearance while concealing the industrial look of standard hose clamps.\nPrecision CNC-machined from 6061-T6 billet aluminum and finished with ColorFittings’ proprietary anodizing process, these one-piece beauty covers offer exceptional durability, corrosion resistance, and long-lasting color retention. Whether you’re building a race car, show car, or street vehicle, they add the finishing touch that elevates your plumbing and engine bay presentation.\nLooking to complete your system? Explore our full range of AN fittings, braided hose, andfitting assembly tools.",https://colorfittings.com/wp-content/uploads/2018/06/Red-WormClamp.png,Red,CF-WCF-06-000-000-RD,Hex / Worm-Clamp Hose Finishers Ends,True,"Target AN Size (-6, -8, -10)"
6.99,-6 AN Hex/Worm-Clamp Hose Finisher,"ColorFittings Worm Clamp Hose End Finishers are designed to transform ordinary worm gear hose clamps into a clean, show-quality detail for your engine bay. Perfect for coolant, vacuum, intercooler, breather, and other rubber hose applications, these finishers provide a sleek, professional appearance while concealing the industrial look of standard hose clamps.\nPrecision CNC-machined from 6061-T6 billet aluminum and finished with ColorFittings’ proprietary anodizing process, these one-piece beauty covers offer exceptional durability, corrosion resistance, and long-lasting color retention. Whether you’re building a race car, show car, or street vehicle, they add the finishing touch that elevates your plumbing and engine bay presentation.\nLooking to complete your system? Explore our full range of AN fittings, braided hose, andfitting assembly tools.",https://colorfittings.com/wp-content/uploads/2018/06/Green-WormClamp.png,Green,CF-WCF-06-000-000-GR,Hex / Worm-Clamp Hose Finishers Ends,True,"Target AN Size (-6, -8, -10)"
6.99,-6 AN Hex/Worm-Clamp Hose Finisher,"ColorFittings Worm Clamp Hose End Finishers are designed to transform ordinary worm gear hose clamps into a clean, show-quality detail for your engine bay. Perfect for coolant, vacuum, intercooler, breather, and other rubber hose applications, these finishers provide a sleek, professional appearance while concealing the industrial look of standard hose clamps.\nPrecision CNC-machined from 6061-T6 billet aluminum and finished with ColorFittings’ proprietary anodizing process, these one-piece beauty covers offer exceptional durability, corrosion resistance, and long-lasting color retention. Whether you’re building a race car, show car, or street vehicle, they add the finishing touch that elevates your plumbing and engine bay presentation.\nLooking to complete your system? Explore our full range of AN fittings, braided hose, andfitting assembly tools.",https://colorfittings.com/wp-content/uploads/2018/06/Orange-WormClamp.png,Orange,CF-WCF-06-000-000-OR,Hex / Worm-Clamp Hose Finishers Ends,True,"Target AN Size (-6, -8, -10)"
38.99,-16 AN Fitting 90 Degree Female to Male Union,"ColorFittings 90 Degree Female to Male Union Adapters are precision CNC-machined to provide a compact 90-degree connection between AN fittings, improving hose routing and clearance in tight engine bays. Designed with a true 37-degree AN flare on both ends, these adapters deliver a secure, leak-free seal for fuel, oil, coolant, transmission, brake, and power steering systems.\nManufactured from aerospace-grade 6061-T6 billet aluminum and finished with ColorFittings' proprietary polishing and anodizing process, these adapters offer exceptional strength, corrosion resistance, and long-term durability. Built for high-pressure and high-temperature environments, they are compatible with E85, ethanol-based fuels, race fuel, pump gas, diesel, oil, coolant, transmission fluid, hydraulic fluid, and air systems.\nPerfect for street performance, racing, off-road, marine, and custom fabrication projects, these 90-degree AN unions provide clean hose routing without sacrificing flow or reliability.\nLooking to complete your system? Explore our full range of AN fittings, adapters, braided hose, and fitting assembly tools.",https://colorfittings.com/wp-content/uploads/2021/02/AN-fitting-90-union-adaptor-black.png,Black,CF-FMS-16-090-000-BL,Adapters and Unions,True,"Target AN Size (-6, -8, -10)"
38.99,-16 AN Fitting 90 Degree Female to Male Union,"ColorFittings 90 Degree Female to Male Union Adapters are precision CNC-machined to provide a compact 90-degree connection between AN fittings, improving hose routing and clearance in tight engine bays. Designed with a true 37-degree AN flare on both ends, these adapters deliver a secure, leak-free seal for fuel, oil, coolant, transmission, brake, and power steering systems.\nManufactured from aerospace-grade 6061-T6 billet aluminum and finished with ColorFittings' proprietary polishing and anodizing process, these adapters offer exceptional strength, corrosion resistance, and long-term durability. Built for high-pressure and high-temperature environments, they are compatible with E85, ethanol-based fuels, race fuel, pump gas, diesel, oil, coolant, transmission fluid, hydraulic fluid, and air systems.\nPerfect for street performance, racing, off-road, marine, and custom fabrication projects, these 90-degree AN unions provide clean hose routing without sacrificing flow or reliability.\nLooking to complete your system? Explore our full range of AN fittings, adapters, braided hose, and fitting assembly tools.",https://colorfittings.com/wp-content/uploads/2021/02/AN-fitting-90-union-adaptor-purple-scaled.jpg,Purple,CF-FMS-16-090-000-PU,Adapters and Unions,True,"Target AN Size (-6, -8, -10)"
29.99,-10 AN Fitting 90 Degree Female to Male Union,"ColorFittings 90 Degree Female to Male Union Adapters are precision CNC-machined to provide a compact 90-degree connection between AN fittings, improving hose routing and clearance in tight engine bays. Designed with a true 37-degree AN flare on both ends, these adapters deliver a secure, leak-free seal for fuel, oil, coolant, transmission, brake, and power steering systems.\nManufactured from aerospace-grade 6061-T6 billet aluminum and finished with ColorFittings' proprietary polishing and anodizing process, these adapters offer exceptional strength, corrosion resistance, and long-term durability. Built for high-pressure and high-temperature environments, they are compatible with E85, ethanol-based fuels, race fuel, pump gas, diesel, oil, coolant, transmission fluid, hydraulic fluid, and air systems.\nPerfect for street performance, racing, off-road, marine, and custom fabrication projects, these 90-degree AN unions provide clean hose routing without sacrificing flow or reliability.\nLooking to complete your system? Explore our full range of AN fittings, adapters, braided hose, and fitting assembly tools.",https://colorfittings.com/wp-content/uploads/2021/02/AN-fitting-90-union-adaptor-black.png,Black,CF-FMS-10-090-000-BL,Adapters and Unions,True,"Target AN Size (-6, -8, -10)"
29.99,-10 AN Fitting 90 Degree Female to Male Union,"ColorFittings 90 Degree Female to Male Union Adapters are precision CNC-machined to provide a compact 90-degree connection between AN fittings, improving hose routing and clearance in tight engine bays. Designed with a true 37-degree AN flare on both ends, these adapters deliver a secure, leak-free seal for fuel, oil, coolant, transmission, brake, and power steering systems.\nManufactured from aerospace-grade 6061-T6 billet aluminum and finished with ColorFittings' proprietary polishing and anodizing process, these adapters offer exceptional strength, corrosion resistance, and long-term durability. Built for high-pressure and high-temperature environments, they are compatible with E85, ethanol-based fuels, race fuel, pump gas, diesel, oil, coolant, transmission fluid, hydraulic fluid, and air systems.\nPerfect for street performance, racing, off-road, marine, and custom fabrication projects, these 90-degree AN unions provide clean hose routing without sacrificing flow or reliability.\nLooking to complete your system? Explore our full range of AN fittings, adapters, braided hose, and fitting assembly tools.",https://colorfittings.com/wp-content/uploads/2021/02/AN-fitting-90-union-adaptor-purple-scaled.jpg,Purple,CF-FMS-10-090-000-PU,Adapters and Unions,True,"Target AN Size (-6, -8, -10)"
24.99,-8 AN Fitting 90 Degree Female to Male Union,"ColorFittings 90 Degree Female to Male Union Adapters are precision CNC-machined to provide a compact 90-degree connection between AN fittings, improving hose routing and clearance in tight engine bays. Designed with a true 37-degree AN flare on both ends, these adapters deliver a secure, leak-free seal for fuel, oil, coolant, transmission, brake, and power steering systems.\nManufactured from aerospace-grade 6061-T6 billet aluminum and finished with ColorFittings' proprietary polishing and anodizing process, these adapters offer exceptional strength, corrosion resistance, and long-term durability. Built for high-pressure and high-temperature environments, they are compatible with E85, ethanol-based fuels, race fuel, pump gas, diesel, oil, coolant, transmission fluid, hydraulic fluid, and air systems.\nPerfect for street performance, racing, off-road, marine, and custom fabrication projects, these 90-degree AN unions provide clean hose routing without sacrificing flow or reliability.\nLooking to complete your system? Explore our full range of AN fittings, adapters, braided hose, and fitting assembly tools.",https://colorfittings.com/wp-content/uploads/2021/02/AN-fitting-90-union-adaptor-black.png,Black,CF-FMS-08-090-000-BL,Adapters and Unions,True,"Target AN Size (-6, -8, -10)"
24.99,-8 AN Fitting 90 Degree Female to Male Union,"ColorFittings 90 Degree Female to Male Union Adapters are precision CNC-machined to provide a compact 90-degree connection between AN fittings, improving hose routing and clearance in tight engine bays. Designed with a true 37-degree AN flare on both ends, these adapters deliver a secure, leak-free seal for fuel, oil, coolant, transmission, brake, and power steering systems.\nManufactured from aerospace-grade 6061-T6 billet aluminum and finished with ColorFittings' proprietary polishing and anodizing process, these adapters offer exceptional strength, corrosion resistance, and long-term durability. Built for high-pressure and high-temperature environments, they are compatible with E85, ethanol-based fuels, race fuel, pump gas, diesel, oil, coolant, transmission fluid, hydraulic fluid, and air systems.\nPerfect for street performance, racing, off-road, marine, and custom fabrication projects, these 90-degree AN unions provide clean hose routing without sacrificing flow or reliability.\nLooking to complete your system? Explore our full range of AN fittings, adapters, braided hose, and fitting assembly tools.",https://colorfittings.com/wp-content/uploads/2021/02/AN-fitting-90-union-adaptor-purple-scaled.jpg,Purple,CF-FMS-08-090-000-PU,Adapters and Unions,True,"Target AN Size (-6, -8, -10)"
19.99,-6 AN Fitting 90 Degree Female to Male Union,"ColorFittings 90 Degree Female to Male Union Adapters are precision CNC-machined to provide a compact 90-degree connection between AN fittings, improving hose routing and clearance in tight engine bays. Designed with a true 37-degree AN flare on both ends, these adapters deliver a secure, leak-free seal for fuel, oil, coolant, transmission, brake, and power steering systems.\nManufactured from aerospace-grade 6061-T6 billet aluminum and finished with ColorFittings' proprietary polishing and anodizing process, these adapters offer exceptional strength, corrosion resistance, and long-term durability. Built for high-pressure and high-temperature environments, they are compatible with E85, ethanol-based fuels, race fuel, pump gas, diesel, oil, coolant, transmission fluid, hydraulic fluid, and air systems.\nPerfect for street performance, racing, off-road, marine, and custom fabrication projects, these 90-degree AN unions provide clean hose routing without sacrificing flow or reliability.\nLooking to complete your system? Explore our full range of AN fittings, adapters, braided hose, and fitting assembly tools.",https://colorfittings.com/wp-content/uploads/2021/02/AN-fitting-90-union-adaptor-black.png,Black,CF-FMS-06-090-000-BL,Adapters and Unions,True,"Target AN Size (-6, -8, -10)"
19.99,-6 AN Fitting 90 Degree Female to Male Union,"ColorFittings 90 Degree Female to Male Union Adapters are precision CNC-machined to provide a compact 90-degree connection between AN fittings, improving hose routing and clearance in tight engine bays. Designed with a true 37-degree AN flare on both ends, these adapters deliver a secure, leak-free seal for fuel, oil, coolant, transmission, brake, and power steering systems.\nManufactured from aerospace-grade 6061-T6 billet aluminum and finished with ColorFittings' proprietary polishing and anodizing process, these adapters offer exceptional strength, corrosion resistance, and long-term durability. Built for high-pressure and high-temperature environments, they are compatible with E85, ethanol-based fuels, race fuel, pump gas, diesel, oil, coolant, transmission fluid, hydraulic fluid, and air systems.\nPerfect for street performance, racing, off-road, marine, and custom fabrication projects, these 90-degree AN unions provide clean hose routing without sacrificing flow or reliability.\nLooking to complete your system? Explore our full range of AN fittings, adapters, braided hose, and fitting assembly tools.",https://colorfittings.com/wp-content/uploads/2021/02/AN-fitting-90-union-adaptor-purple-scaled.jpg,Purple,CF-FMS-06-090-000-PU,Adapters and Unions,True,"Target AN Size (-6, -8, -10)"
144.0,6AN Braided Black Nylon Hose / Line (E85 + Race Fuel Safe) - 20ft roll,"Founded in 2008, ColorFittings is an industry leader in premium automotive, marine, and aviation plumbing products. \n\nWhether you’re a professional building a 6-second NHRA bracket car, a perfectionist designing the ultimate engine bay for a SEMA car, or an HPDE enthusiast looking to improve your oil temps, our products are designed for all flavors of motorsports.\n\nColorFittings Nylon and Stainless-steel Braided AN Hose is universally compatible. Common uses include motor oil, gas, E85, race-fuel, and coolant. For more detail about ColorFittings AN Hose, refer here.\n\nThe 6AN diameter Nylon &amp; Stainless-steel braided AN Hose operates at a 500PSI threshold, and boasts a 2000PSI burst threshold. \n\nFor a hassle-free installation process, we strongly recommend using our Fitting Assembly Tools. \n\nOur Nylon &amp; Stainless-steel braided AN Hose makes an excellent pair with our lightweight Hose Separators, which are available in unique gloss-finish colors. \n\nWant to learn more about how our products apply to your vehicle? Read our handy guide here.",https://colorfittings.com/wp-content/uploads/2019/10/AN-Fitting-Nylon-Braided-Hose-Black-lowrez.jpg,Black,CF-BNH-06-000-020-BL,Hose &amp; Line,True,"Target AN Size (-6, -8, -10)"
5.49,-16 AN Fitting Bulkhead Nut,"ColorFittings AN Bulkhead Lock Nuts are precision CNC-machined to securely fasten AN bulkhead fittings through firewalls, chassis panels, fuel cells, and custom fabrication projects. Designed to provide a tight, vibration-resistant hold, these bulkhead nuts ensure proper alignment and a secure mounting surface for leak-free AN plumbing systems.\n\nManufactured from aerospace-grade 6061-T6 billet aluminum and finished with ColorFittings’ proprietary anodizing process, these AN bulkhead nuts deliver superior strength, corrosion resistance, and long-term durability in high-heat, high-vibration racing and street performance environments.\n\nEngineered for use with ColorFittings AN Union Bulkhead Fittings, these lock nuts provide the secure clamping force needed for fuel, oil, coolant, brake, transmission, and power steering applications. Ideal for motorsport builds, off-road vehicles, marine systems, and custom engine bay fabrication.\n\nComplete your install with our matching AN Bulkheads, AN Fittings, and AN Assembly Tools for a clean, professional-grade plumbing solution built to perform.",https://colorfittings.com/wp-content/uploads/2026/02/Bulkhead-Nut-Black.png,Black,CF-BHF-16-N00-000-BL,Brake Fittings,True,"Target AN Size (-6, -8, -10)"
14.99,-10 AN to M22x1.5mm Metric Adapter,"ColorFittings AN to Metric Adapter and Union Fittings are precision-engineered to connect metric female ports to AN flare fittings, providing a secure, leak-free solution for fuel, oil, coolant, and power steering plumbing systems.\nEach adapter is CNC machined from 6061-T6 billet aluminum and finished with ColorFittings' proprietary polishing and anodizing process for maximum strength, corrosion resistance, and long-term durability. These fittings are designed to withstand high pressure and high temperature environments commonly found in racing, street performance, marine, and aviation applications.\nOur AN to Metric Adapters are manufactured to provide a perfect fit and seal when paired with ColorFittings AN fittings, which are specifically engineered for use with E85, ethanol-based fuels, and race fuels. When combined with our nylon or stainless steel braided hose, these adapters deliver reliable performance and clean routing for any high-performance plumbing system.\nLooking to complete your system? Explore our full range of AN fittings, metric adapters, braided hose, and fitting assembly tools.",https://colorfittings.com/wp-content/uploads/2026/04/Flare-To-Metric-Adapter-Purple-18.png,Purple,CF-F2M-10-022-015-PU,Adapters and Unions,True,"Target AN Size (-6, -8, -10)"
9.99,-10 AN ORB Plug w/ O-Ring,"ColorFittings AN ORB Plugs are precision CNC-machined to securely seal unused O-Ring Boss (ORB) ports in fuel, oil, coolant, transmission, hydraulic, and power steering systems. Designed with straight-thread ORB connections and an integrated O-ring sealing surface, these plugs provide a reliable, leak-free solution for closing unused ports in high-performance fluid systems.\nManufactured from aerospace-grade 6061-T6 billet aluminum and finished with ColorFittings' proprietary polishing and anodizing process, these ORB plugs deliver exceptional strength, corrosion resistance, and long-term durability. The O-ring sealing design provides consistent performance in high-pressure and high-temperature environments without relying on thread sealant.\nCompatible with E85, ethanol-based fuels, race fuel, pump gas, oil, coolant, transmission fluid, hydraulic fluid, and air systems, ColorFittings ORB Plugs are ideal for street performance, racing, off-road, marine, and custom fabrication applications.\nFinish your system with our AN fittings, adapters, braided hose, and fitting assembly tools.",https://colorfittings.com/wp-content/uploads/2024/01/10AN-ORB-Plug-Purple-1.png,Purple,CF-FPO-10-000-000-PU,"Caps, Plugs, and Blockoffs",True,"Target AN Size (-6, -8, -10)"
9.99,"1/8"" NPT to 3/16"" Barb",This Barb Fitting is available in the following color: Purple,https://colorfittings.com/wp-content/uploads/2019/10/14npt38barb-purple.png,Purple,CF-BNF-18-000-316-PU,Barb Fittings,True,Hose & Line / Hardware
10.99,-10 AN to -8 AN ORB Adapter,"ColorFittings ORB Adapter Fittings are precision-engineered to connect AN flare fittings to O-Ring Boss (ORB) ports, providing a secure, leak-free solution for fuel, oil, coolant, power steering, and transmission plumbing systems. ORB ports are found on engine blocks, transmissions, power steering pumps, oil coolers, and other OEM components — making these adapters essential for any AN plumbing conversion.\n\nOur AN to ORB Adapters are manufactured to provide a perfect fit and seal when paired with ColorFittings AN fittings, which are specifically engineered for use with E85, ethanol-based fuels, and race fuels. The O-ring face seal design eliminates the need for thread sealant and provides a more reliable, vibration-resistant connection compared to NPT threads. When combined with our nylon or stainless steel braided hose, these adapters deliver reliable performance and clean routing for any high-performance plumbing system.\n\nFor best installation results, we strongly recommend using our AN Fitting Assembly Tools, which help prevent fitting damage and ensure proper hose and fitting alignment. Please reference our installation video and fitting guide for proper assembly techniques and torque recommendations.\n\nLooking to complete your system? Explore our full range of AN fittings, ORB adapters, braided hose, and fitting assembly tools.",https://colorfittings.com/wp-content/uploads/2026/04/ORB-Purple-Fitting-Adapter-18.png,Purple,CF-F2S-10-008-000-PU,ORB Adapters,True,"Target AN Size (-6, -8, -10)"
14.99,-10 AN to M16x1.0mm Metric Adapter,"ColorFittings AN to Metric Adapter and Union Fittings are precision-engineered to connect metric female ports to AN flare fittings, providing a secure, leak-free solution for fuel, oil, coolant, and power steering plumbing systems.\nEach adapter is CNC machined from 6061-T6 billet aluminum and finished with ColorFittings' proprietary polishing and anodizing process for maximum strength, corrosion resistance, and long-term durability. These fittings are designed to withstand high pressure and high temperature environments commonly found in racing, street performance, marine, and aviation applications.\nOur AN to Metric Adapters are manufactured to provide a perfect fit and seal when paired with ColorFittings AN fittings, which are specifically engineered for use with E85, ethanol-based fuels, and race fuels. When combined with our nylon or stainless steel braided hose, these adapters deliver reliable performance and clean routing for any high-performance plumbing system.\nLooking to complete your system? Explore our full range of AN fittings, metric adapters, braided hose, and fitting assembly tools.",https://colorfittings.com/wp-content/uploads/2026/04/Flare-To-Metric-Adapter-Black-124.png,Black,CF-F2M-10-016-010-BL,Adapters and Unions,True,"Target AN Size (-6, -8, -10)"
14.99,-10 AN to M16x1.0mm Metric Adapter,"ColorFittings AN to Metric Adapter and Union Fittings are precision-engineered to connect metric female ports to AN flare fittings, providing a secure, leak-free solution for fuel, oil, coolant, and power steering plumbing systems.\nEach adapter is CNC machined from 6061-T6 billet aluminum and finished with ColorFittings' proprietary polishing and anodizing process for maximum strength, corrosion resistance, and long-term durability. These fittings are designed to withstand high pressure and high temperature environments commonly found in racing, street performance, marine, and aviation applications.\nOur AN to Metric Adapters are manufactured to provide a perfect fit and seal when paired with ColorFittings AN fittings, which are specifically engineered for use with E85, ethanol-based fuels, and race fuels. When combined with our nylon or stainless steel braided hose, these adapters deliver reliable performance and clean routing for any high-performance plumbing system.\nLooking to complete your system? Explore our full range of AN fittings, metric adapters, braided hose, and fitting assembly tools.",https://colorfittings.com/wp-content/uploads/2026/04/Flare-To-Metric-Adapter-Purple-16.png,Purple,CF-F2M-10-016-010-PU,Adapters and Unions,True,"Target AN Size (-6, -8, -10)"
14.99,-8 AN to M16x1.0mm Metric Adapter,"ColorFittings AN to Metric Adapter and Union Fittings are precision-engineered to connect metric female ports to AN flare fittings, providing a secure, leak-free solution for fuel, oil, coolant, and power steering plumbing systems.\nEach adapter is CNC machined from 6061-T6 billet aluminum and finished with ColorFittings' proprietary polishing and anodizing process for maximum strength, corrosion resistance, and long-term durability. These fittings are designed to withstand high pressure and high temperature environments commonly found in racing, street performance, marine, and aviation applications.\nOur AN to Metric Adapters are manufactured to provide a perfect fit and seal when paired with ColorFittings AN fittings, which are specifically engineered for use with E85, ethanol-based fuels, and race fuels. When combined with our nylon or stainless steel braided hose, these adapters deliver reliable performance and clean routing for any high-performance plumbing system.\nLooking to complete your system? Explore our full range of AN fittings, metric adapters, braided hose, and fitting assembly tools.",https://colorfittings.com/wp-content/uploads/2026/04/Flare-To-Metric-Adapter-Black-115.png,Black,CF-F2M-08-016-010-BL,Adapters and Unions,True,"Target AN Size (-6, -8, -10)"
14.99,-8 AN to M16x1.0mm Metric Adapter,"ColorFittings AN to Metric Adapter and Union Fittings are precision-engineered to connect metric female ports to AN flare fittings, providing a secure, leak-free solution for fuel, oil, coolant, and power steering plumbing systems.\nEach adapter is CNC machined from 6061-T6 billet aluminum and finished with ColorFittings' proprietary polishing and anodizing process for maximum strength, corrosion resistance, and long-term durability. These fittings are designed to withstand high pressure and high temperature environments commonly found in racing, street performance, marine, and aviation applications.\nOur AN to Metric Adapters are manufactured to provide a perfect fit and seal when paired with ColorFittings AN fittings, which are specifically engineered for use with E85, ethanol-based fuels, and race fuels. When combined with our nylon or stainless steel braided hose, these adapters deliver reliable performance and clean routing for any high-performance plumbing system.\nLooking to complete your system? Explore our full range of AN fittings, metric adapters, braided hose, and fitting assembly tools.",https://colorfittings.com/wp-content/uploads/2026/04/Flare-To-Metric-Adapter-Purple-7.png,Purple,CF-F2M-08-016-010-PU,Adapters and Unions,True,"Target AN Size (-6, -8, -10)"
14.99,-10 AN to M18x1.5mm Metric Adapter,"ColorFittings AN to Metric Adapter and Union Fittings are precision-engineered to connect metric female ports to AN flare fittings, providing a secure, leak-free solution for fuel, oil, coolant, and power steering plumbing systems.\nEach adapter is CNC machined from 6061-T6 billet aluminum and finished with ColorFittings' proprietary polishing and anodizing process for maximum strength, corrosion resistance, and long-term durability. These fittings are designed to withstand high pressure and high temperature environments commonly found in racing, street performance, marine, and aviation applications.\nOur AN to Metric Adapters are manufactured to provide a perfect fit and seal when paired with ColorFittings AN fittings, which are specifically engineered for use with E85, ethanol-based fuels, and race fuels. When combined with our nylon or stainless steel braided hose, these adapters deliver reliable performance and clean routing for any high-performance plumbing system.\nLooking to complete your system? Explore our full range of AN fittings, metric adapters, braided hose, and fitting assembly tools.",https://colorfittings.com/wp-content/uploads/2026/04/Flare-To-Metric-Adapter-Purple-14.png,Purple,CF-F2M-10-018-015-PU,Adapters and Unions,True,"Target AN Size (-6, -8, -10)"
14.99,-10 AN to M16x1.5mm Metric Adapter,"ColorFittings AN to Metric Adapter and Union Fittings are precision-engineered to connect metric female ports to AN flare fittings, providing a secure, leak-free solution for fuel, oil, coolant, and power steering plumbing systems.\nEach adapter is CNC machined from 6061-T6 billet aluminum and finished with ColorFittings' proprietary polishing and anodizing process for maximum strength, corrosion resistance, and long-term durability. These fittings are designed to withstand high pressure and high temperature environments commonly found in racing, street performance, marine, and aviation applications.\nOur AN to Metric Adapters are manufactured to provide a perfect fit and seal when paired with ColorFittings AN fittings, which are specifically engineered for use with E85, ethanol-based fuels, and race fuels. When combined with our nylon or stainless steel braided hose, these adapters deliver reliable performance and clean routing for any high-performance plumbing system.\nLooking to complete your system? Explore our full range of AN fittings, metric adapters, braided hose, and fitting assembly tools.",https://colorfittings.com/wp-content/uploads/2026/04/Flare-To-Metric-Adapter-Purple-12.png,Purple,CF-F2M-10-016-015-PU,Adapters and Unions,True,"Target AN Size (-6, -8, -10)"
14.99,-6 AN to M12x1.25mm Metric Adapter,"ColorFittings AN to Metric Adapter and Union Fittings are precision-engineered to connect metric female ports to AN flare fittings, providing a secure, leak-free solution for fuel, oil, coolant, and power steering plumbing systems.\nEach adapter is CNC machined from 6061-T6 billet aluminum and finished with ColorFittings' proprietary polishing and anodizing process for maximum strength, corrosion resistance, and long-term durability. These fittings are designed to withstand high pressure and high temperature environments commonly found in racing, street performance, marine, and aviation applications.\nOur AN to Metric Adapters are manufactured to provide a perfect fit and seal when paired with ColorFittings AN fittings, which are specifically engineered for use with E85, ethanol-based fuels, and race fuels. When combined with our nylon or stainless steel braided hose, these adapters deliver reliable performance and clean routing for any high-performance plumbing system.\nLooking to complete your system? Explore our full range of AN fittings, metric adapters, braided hose, and fitting assembly tools.",https://colorfittings.com/wp-content/uploads/2026/04/Flare-To-Metric-Adapter-Black-41.png,Black,CF-F2M-06-012-125-BL,Adapters and Unions,True,"Target AN Size (-6, -8, -10)"
14.99,-10 AN to M14x1.5mm Metric Adapter,"ColorFittings AN to Metric Adapter and Union Fittings are precision-engineered to connect metric female ports to AN flare fittings, providing a secure, leak-free solution for fuel, oil, coolant, and power steering plumbing systems.\nEach adapter is CNC machined from 6061-T6 billet aluminum and finished with ColorFittings' proprietary polishing and anodizing process for maximum strength, corrosion resistance, and long-term durability. These fittings are designed to withstand high pressure and high temperature environments commonly found in racing, street performance, marine, and aviation applications.\nOur AN to Metric Adapters are manufactured to provide a perfect fit and seal when paired with ColorFittings AN fittings, which are specifically engineered for use with E85, ethanol-based fuels, and race fuels. When combined with our nylon or stainless steel braided hose, these adapters deliver reliable performance and clean routing for any high-performance plumbing system.\nLooking to complete your system? Explore our full range of AN fittings, metric adapters, braided hose, and fitting assembly tools.",https://colorfittings.com/wp-content/uploads/2026/04/Flare-To-Metric-Adapter-Black-117.png,Black,CF-F2M-10-014-015-BL,Adapters and Unions,True,"Target AN Size (-6, -8, -10)"
18.99,Plastic Vice Jaw Inserts for AN Fitting Assembly,"Founded in 2008, ColorFittings is an industry leader in premium automotive, marine, and aviation plumbing products. \n\nWhether you’re a professional building a 6-second NHRA bracket car, a perfectionist designing the ultimate engine bay for a SEMA car, or an HPDE enthusiast looking to improve your oil temps, our products are designed for all flavors of motorsports. \n\nThe anodized finish provides an additional layer of protection to ColorFittings products, but using the wrong tools may damage the finish. It is critical to use the correct tools and follow the proper assembly procedure to ensure that the anodized finish is preserved. For this, we strongly advise the usage of our Plastic Vice Jaws during assembly. \n\nWant to learn more about how our products apply to your vehicle? Read our handy guide here.",https://colorfittings.com/wp-content/uploads/2020/11/plastic-vice-inserts-black.png,black,CF-VJW-00-000-001-BL,Fitting Assembly Tools,True,Assembly Tools & Sockets
24.99,-16 AN Fitting Bulkhead Straight,"ColorFittings AN Union Bulkhead Fittings are precision CNC-machined adapters designed to pass AN lines securely through firewalls, panels, fuel cells, and chassis components. Engineered for high-performance fuel, oil, coolant, transmission, brake, and power steering systems, these AN bulkhead unions provide a secure, leak-free 37-degree flare seal on both sides of the panel.\n\nManufactured from aerospace-grade 6061-T6 billet aluminum and finished with ColorFittings’ proprietary anodizing process, these bulkhead fittings offer superior strength, corrosion resistance, and durability in high-pressure and high-temperature environments. Compatible with E85, ethanol-based fuels, race fuel, pump gas, oil, coolant, hydraulic fluid, and air systems, they are ideal for street performance, drag racing, road racing, off-road, and marine applications.\n\nThe threaded bulkhead design with included locking nut ensures a tight, secure mount through sheet metal, carbon fiber, aluminum panels, or firewalls while maintaining proper AN flare alignment for consistent sealing performance.\n\nComplete your install with our matching AN Bulkhead Nuts, AN Fittings, and AN Assembly Tools for a clean, professional-grade plumbing solution built to perform.",https://colorfittings.com/wp-content/uploads/2026/02/Bulkhead-Fitting-Straight-Black.png,Black,CF-BHF-16-000-000-BL,Brake Fittings,True,"Target AN Size (-6, -8, -10)"
13.99,-12AN Hose Separator,"This product is designed for and sized to be used with our Standard Nylon Braided Hose.\n\nThis Hose Separator is available in the following colors: Purple, Black, Teal, Red, Green, Orange, and Gold",https://colorfittings.com/wp-content/uploads/2022/11/AN-Fitting-Purple-Hose-Separator.png,purple,CF-AHS-12-000-000-PU,Hose Separators,True,Hose & Line / Hardware
12.99,-10AN Hose Separator,"This product is designed for and sized to be used with our Standard Nylon Braided Hose.\n\nFor use with our PTFE Hose, you must use a hose separator one size smaller than the hose (difference of -2AN).\n\nI.e. For a 10AN PTFE Hose, the best fitting hose separator will be 8AN.\n\nThis Hose Separator is available in the following colors: Purple, Black, Teal, Red, Green, Orange, and Gold",https://colorfittings.com/wp-content/uploads/2022/11/AN-Fitting-Purple-Hose-Separator.png,purple,CF-AHS-10-000-000-PU,Hose Separators,True,"Target AN Size (-6, -8, -10)"
11.99,-8AN Hose Separator,"This product is designed for and sized to be used with our Standard Nylon Braided Hose.\n\nFor use with our PTFE Hose, you must use a hose separator one size smaller than the hose (difference of -2AN).\n\nI.e. For an 8AN PTFE Hose, the best fitting hose separator will be 6AN.\n\nThis Hose Separator is available in the following colors: Purple, Black, Teal, Red, Green, Orange, and Gold",https://colorfittings.com/wp-content/uploads/2022/11/AN-Fitting-Purple-Hose-Separator.png,purple,CF-AHS-08-000-000-PU,Hose Separators,True,"Target AN Size (-6, -8, -10)"
10.99,-6AN Hose Separator,"This product is designed for and sized to be used with our Standard Nylon Braided Hose.\n\nFor use with our PTFE Hose, you must use a hose separator one size smaller than the hose (difference of -2AN).\n\nI.e. For a 6AN PTFE Hose, the best fitting hose separator will be 4AN.\n\nThis Hose Separator is available in the following colors: Purple, Black, Teal, Red, Green, Orange, and Gold",https://colorfittings.com/wp-content/uploads/2022/11/AN-Fitting-Purple-Hose-Separator.png,purple,CF-AHS-06-000-000-PU,Hose Separators,True,"Target AN Size (-6, -8, -10)"
9.99,-4AN Hose Separator,"This product is designed for and sized to be used with our Standard Nylon Braided Hose.\n\nFor use with our PTFE Hose, you must use a hose separator one size smaller than the hose (difference of -2AN).\n\nThis 4AN hose separator will not create an ideal fit with 4AN PTFE Hose.\n\nThis Hose Separator is available in the following colors: Purple, Black, Teal, Red, Green, Orange, and Gold",https://colorfittings.com/wp-content/uploads/2022/11/AN-Fitting-Purple-Hose-Separator.png,purple,CF-AHS-04-000-000-PU,Hose Separators,True,Hose & Line / Hardware
6.99,-20 AN Hose Fitting End Socket,This AN Fitting is available in the following color: Purple,https://colorfittings.com/wp-content/uploads/2020/11/AN-fitting-hose-fitting-end-socket-purple_2.png,purple,CF-FHS-20-000-000-PU,Fitting Sockets,True,Assembly Tools & Sockets
6.99,-16 AN Hose Fitting End Socket,This AN Fitting is available in the following color: Purple,https://colorfittings.com/wp-content/uploads/2020/11/AN-fitting-hose-fitting-end-socket-purple_2.png,purple,CF-FHS-16-000-000-PU,Fitting Sockets,True,Assembly Tools & Sockets
5.99,-12 AN Hose Fitting End Socket,This AN Fitting is available in the following color: Purple,https://colorfittings.com/wp-content/uploads/2020/11/AN-fitting-hose-fitting-end-socket-purple_2.png,purple,CF-FHS-12-000-000-PU,Fitting Sockets,True,Assembly Tools & Sockets
5.99,-10 AN Hose Fitting End Socket,This AN Fitting is available in the following color: Purple,https://colorfittings.com/wp-content/uploads/2020/11/AN-fitting-hose-fitting-end-socket-purple_2.png,purple,CF-FHS-10-000-000-PU,Fitting Sockets,True,Assembly Tools & Sockets
4.99,-8 AN Hose Fitting End Socket,This AN Fitting is available in the following color: Purple,https://colorfittings.com/wp-content/uploads/2020/11/AN-fitting-hose-fitting-end-socket-purple_2.png,purple,CF-FHS-08-000-000-PU,Fitting Sockets,True,Assembly Tools & Sockets
4.99,-6 AN Hose Fitting End Socket,This AN Fitting is available in the following color: Purple,https://colorfittings.com/wp-content/uploads/2020/11/AN-fitting-hose-fitting-end-socket-purple_2.png,purple,CF-FHS-06-000-000-PU,Fitting Sockets,True,Assembly Tools & Sockets
3.99,-4 AN Hose Fitting End Socket,This AN Fitting is available in the following color: Purple,https://colorfittings.com/wp-content/uploads/2020/11/AN-fitting-hose-fitting-end-socket-purple_2.png,purple,CF-FHS-04-000-000-PU,Fitting Sockets,True,Assembly Tools & Sockets
17.99,-10 AN 90 Degree Female Push-Loc Fitting,"Founded in 2008, ColorFittings is an industry leader in premium automotive, marine, and aviation plumbing products. \n\nWhether you’re a professional building a 6-second NHRA bracket car, a perfectionist designing the ultimate engine bay for a SEMA car, or an HPDE enthusiast looking to improve your oil temps, our products are designed for all flavors of motorsports. \n\nColorFittings products are carefully machined from 6061-T6 Billet Aluminum and finished with our proprietary polish and anodizing process. \n\nAvailable in unique gloss-finish colors, Push-Loc AN Fittings are designed specifically for use with high-quality Push-Loc hose, and to accept a male AN Flare Fitting.\n\nWant to learn more about how our products apply to your vehicle? Read our handy guide here.",https://colorfittings.com/wp-content/uploads/2024/08/Hose-Barb-AN-push-lock-fitting-90-teal.png,Teal,CF-PLF-10-090-000-TL,Push-Loc Hose Ends,True,"Target AN Size (-6, -8, -10)"
17.99,-10 AN 90 Degree Female Push-Loc Fitting,"Founded in 2008, ColorFittings is an industry leader in premium automotive, marine, and aviation plumbing products. \n\nWhether you’re a professional building a 6-second NHRA bracket car, a perfectionist designing the ultimate engine bay for a SEMA car, or an HPDE enthusiast looking to improve your oil temps, our products are designed for all flavors of motorsports. \n\nColorFittings products are carefully machined from 6061-T6 Billet Aluminum and finished with our proprietary polish and anodizing process. \n\nAvailable in unique gloss-finish colors, Push-Loc AN Fittings are designed specifically for use with high-quality Push-Loc hose, and to accept a male AN Flare Fitting.\n\nWant to learn more about how our products apply to your vehicle? Read our handy guide here.",https://colorfittings.com/wp-content/uploads/2024/08/Hose-Barb-AN-push-lock-fitting-90-green.png,Green,CF-PLF-10-090-000-GR,Push-Loc Hose Ends,True,"Target AN Size (-6, -8, -10)"
17.99,-10 AN 90 Degree Female Push-Loc Fitting,"Founded in 2008, ColorFittings is an industry leader in premium automotive, marine, and aviation plumbing products. \n\nWhether you’re a professional building a 6-second NHRA bracket car, a perfectionist designing the ultimate engine bay for a SEMA car, or an HPDE enthusiast looking to improve your oil temps, our products are designed for all flavors of motorsports. \n\nColorFittings products are carefully machined from 6061-T6 Billet Aluminum and finished with our proprietary polish and anodizing process. \n\nAvailable in unique gloss-finish colors, Push-Loc AN Fittings are designed specifically for use with high-quality Push-Loc hose, and to accept a male AN Flare Fitting.\n\nWant to learn more about how our products apply to your vehicle? Read our handy guide here.",https://colorfittings.com/wp-content/uploads/2024/08/Hose-Barb-AN-push-lock-fitting-90-orange.png,Orange,CF-PLF-10-090-000-OR,Push-Loc Hose Ends,True,"Target AN Size (-6, -8, -10)"
15.99,-10 AN Straight Female Push-Loc Fitting,"Founded in 2008, ColorFittings is an industry leader in premium automotive, marine, and aviation plumbing products. \n\nWhether you’re a professional building a 6-second NHRA bracket car, a perfectionist designing the ultimate engine bay for a SEMA car, or an HPDE enthusiast looking to improve your oil temps, our products are designed for all flavors of motorsports. \n\nColorFittings products are carefully machined from 6061-T6 Billet Aluminum and finished with our proprietary polish and anodizing process. \n\nAvailable in unique gloss-finish colors, Push-Loc AN Fittings are designed specifically for use with high-quality Push-Loc hose, and to accept a male AN Flare Fitting.\n\nWant to learn more about how our products apply to your vehicle? Read our handy guide here.",https://colorfittings.com/wp-content/uploads/2024/08/Hose-Barb-AN-push-lock-fitting-teal.png,Teal,CF-PLF-10-000-000-TL,Push-Loc Hose Ends,True,"Target AN Size (-6, -8, -10)"
15.99,-10 AN Straight Female Push-Loc Fitting,"Founded in 2008, ColorFittings is an industry leader in premium automotive, marine, and aviation plumbing products. \n\nWhether you’re a professional building a 6-second NHRA bracket car, a perfectionist designing the ultimate engine bay for a SEMA car, or an HPDE enthusiast looking to improve your oil temps, our products are designed for all flavors of motorsports. \n\nColorFittings products are carefully machined from 6061-T6 Billet Aluminum and finished with our proprietary polish and anodizing process. \n\nAvailable in unique gloss-finish colors, Push-Loc AN Fittings are designed specifically for use with high-quality Push-Loc hose, and to accept a male AN Flare Fitting.\n\nWant to learn more about how our products apply to your vehicle? Read our handy guide here.",https://colorfittings.com/wp-content/uploads/2024/08/Hose-Barb-AN-push-lock-fitting-green.png,Green,CF-PLF-10-000-000-GR,Push-Loc Hose Ends,True,"Target AN Size (-6, -8, -10)"
15.99,-10 AN Straight Female Push-Loc Fitting,"Founded in 2008, ColorFittings is an industry leader in premium automotive, marine, and aviation plumbing products. \n\nWhether you’re a professional building a 6-second NHRA bracket car, a perfectionist designing the ultimate engine bay for a SEMA car, or an HPDE enthusiast looking to improve your oil temps, our products are designed for all flavors of motorsports. \n\nColorFittings products are carefully machined from 6061-T6 Billet Aluminum and finished with our proprietary polish and anodizing process. \n\nAvailable in unique gloss-finish colors, Push-Loc AN Fittings are designed specifically for use with high-quality Push-Loc hose, and to accept a male AN Flare Fitting.\n\nWant to learn more about how our products apply to your vehicle? Read our handy guide here.",https://colorfittings.com/wp-content/uploads/2024/08/Hose-Barb-AN-push-lock-fitting-orange.png,Orange,CF-PLF-10-000-000-OR,Push-Loc Hose Ends,True,"Target AN Size (-6, -8, -10)"
12.99,-6 AN 90 Degree Female Push-Loc Fitting,"ColorFittings Push-Loc Hose End Fittings are precision CNC-machined for secure, clamp-free connections in low- to medium-pressure fuel, oil, coolant, PCV, vacuum, and air systems. Designed specifically for Push-Loc (barbed) hose, these fittings provide a tight, leak-resistant seal without the need for hose clamps in most applications, making them ideal for clean, efficient engine bay plumbing.\n\nManufactured from aerospace-grade 6061-T6 billet aluminum and finished with ColorFittings’ proprietary polishing and anodizing process, our Push-Loc fittings deliver superior strength, corrosion resistance, and long-term durability. The multi-barb design ensures maximum hose retention while maintaining smooth flow characteristics for consistent performance.\n\nCompatible with fuel (including E85 and ethanol blends), oil, coolant, and air systems, these Push-Loc hose ends are perfect for street performance, racing, off-road, marine, and custom fabrication projects where flexibility and ease of installation are key.\n\nLooking to complete your system? Explore our full range of Push-Loc Fittings, Push-Loc Hose, and Fitting Assembly Tools.",https://colorfittings.com/wp-content/uploads/2024/08/Hose-Barb-AN-push-lock-fitting-90-teal.png,Teal,CF-PLF-06-090-000-TL,Push-Loc Hose Ends,True,"Target AN Size (-6, -8, -10)"
12.99,-6 AN 90 Degree Female Push-Loc Fitting,"ColorFittings Push-Loc Hose End Fittings are precision CNC-machined for secure, clamp-free connections in low- to medium-pressure fuel, oil, coolant, PCV, vacuum, and air systems. Designed specifically for Push-Loc (barbed) hose, these fittings provide a tight, leak-resistant seal without the need for hose clamps in most applications, making them ideal for clean, efficient engine bay plumbing.\n\nManufactured from aerospace-grade 6061-T6 billet aluminum and finished with ColorFittings’ proprietary polishing and anodizing process, our Push-Loc fittings deliver superior strength, corrosion resistance, and long-term durability. The multi-barb design ensures maximum hose retention while maintaining smooth flow characteristics for consistent performance.\n\nCompatible with fuel (including E85 and ethanol blends), oil, coolant, and air systems, these Push-Loc hose ends are perfect for street performance, racing, off-road, marine, and custom fabrication projects where flexibility and ease of installation are key.\n\nLooking to complete your system? Explore our full range of Push-Loc Fittings, Push-Loc Hose, and Fitting Assembly Tools.",https://colorfittings.com/wp-content/uploads/2024/08/Hose-Barb-AN-push-lock-fitting-90-green.png,Green,CF-PLF-06-090-000-GR,Push-Loc Hose Ends,True,"Target AN Size (-6, -8, -10)"
12.99,-6 AN 90 Degree Female Push-Loc Fitting,"ColorFittings Push-Loc Hose End Fittings are precision CNC-machined for secure, clamp-free connections in low- to medium-pressure fuel, oil, coolant, PCV, vacuum, and air systems. Designed specifically for Push-Loc (barbed) hose, these fittings provide a tight, leak-resistant seal without the need for hose clamps in most applications, making them ideal for clean, efficient engine bay plumbing.\n\nManufactured from aerospace-grade 6061-T6 billet aluminum and finished with ColorFittings’ proprietary polishing and anodizing process, our Push-Loc fittings deliver superior strength, corrosion resistance, and long-term durability. The multi-barb design ensures maximum hose retention while maintaining smooth flow characteristics for consistent performance.\n\nCompatible with fuel (including E85 and ethanol blends), oil, coolant, and air systems, these Push-Loc hose ends are perfect for street performance, racing, off-road, marine, and custom fabrication projects where flexibility and ease of installation are key.\n\nLooking to complete your system? Explore our full range of Push-Loc Fittings, Push-Loc Hose, and Fitting Assembly Tools.",https://colorfittings.com/wp-content/uploads/2024/08/Hose-Barb-AN-push-lock-fitting-90-orange.png,Orange,CF-PLF-06-090-000-OR,Push-Loc Hose Ends,True,"Target AN Size (-6, -8, -10)"
9.99,-06 AN Straight Female Push-Loc Fitting,"Founded in 2008, ColorFittings is an industry leader in premium automotive, marine, and aviation plumbing products. \n\nWhether you’re a professional building a 6-second NHRA bracket car, a perfectionist designing the ultimate engine bay for a SEMA car, or an HPDE enthusiast looking to improve your oil temps, our products are designed for all flavors of motorsports. \n\nColorFittings products are carefully machined from 6061-T6 Billet Aluminum and finished with our proprietary polish and anodizing process. \n\nAvailable in unique gloss-finish colors, Push-Loc AN Fittings are designed specifically for use with high-quality Push-Loc hose, and to accept a male AN Flare Fitting.\n\nWant to learn more about how our products apply to your vehicle? Read our handy guide here.",https://colorfittings.com/wp-content/uploads/2024/08/Hose-Barb-AN-push-lock-fitting-orange.png,Orange,CF-PLF-06-000-000-OR,Push-Loc Hose Ends,True,"Target AN Size (-6, -8, -10)"
9.99,-06 AN Straight Female Push-Loc Fitting,"Founded in 2008, ColorFittings is an industry leader in premium automotive, marine, and aviation plumbing products. \n\nWhether you’re a professional building a 6-second NHRA bracket car, a perfectionist designing the ultimate engine bay for a SEMA car, or an HPDE enthusiast looking to improve your oil temps, our products are designed for all flavors of motorsports. \n\nColorFittings products are carefully machined from 6061-T6 Billet Aluminum and finished with our proprietary polish and anodizing process. \n\nAvailable in unique gloss-finish colors, Push-Loc AN Fittings are designed specifically for use with high-quality Push-Loc hose, and to accept a male AN Flare Fitting.\n\nWant to learn more about how our products apply to your vehicle? Read our handy guide here.",https://colorfittings.com/wp-content/uploads/2024/08/Hose-Barb-AN-push-lock-fitting-green.png,Green,CF-PLF-06-000-000-GR,Push-Loc Hose Ends,True,"Target AN Size (-6, -8, -10)"
9.99,-06 AN Straight Female Push-Loc Fitting,"Founded in 2008, ColorFittings is an industry leader in premium automotive, marine, and aviation plumbing products. \n\nWhether you’re a professional building a 6-second NHRA bracket car, a perfectionist designing the ultimate engine bay for a SEMA car, or an HPDE enthusiast looking to improve your oil temps, our products are designed for all flavors of motorsports. \n\nColorFittings products are carefully machined from 6061-T6 Billet Aluminum and finished with our proprietary polish and anodizing process. \n\nAvailable in unique gloss-finish colors, Push-Loc AN Fittings are designed specifically for use with high-quality Push-Loc hose, and to accept a male AN Flare Fitting.\n\nWant to learn more about how our products apply to your vehicle? Read our handy guide here.",https://colorfittings.com/wp-content/uploads/2024/08/Hose-Barb-AN-push-lock-fitting-teal.png,Teal,CF-PLF-06-000-000-TL,Push-Loc Hose Ends,True,"Target AN Size (-6, -8, -10)"
31.28,-10 AN 180 Degree Female Aluminum Hose End Fitting,"ColorFittings Standard AN Hose Ends are precision-engineered for high-pressure fuel, oil, coolant, brake, clutch, and power steering applications. Designed for use with nylon or stainless steel braided hose, these AN fittings provide a secure, leak-free 37-degree flare seal for street performance, racing, marine, and motorsport plumbing systems.\n\nEach hose end is CNC-machined from aerospace-grade 6061-T6 billet aluminum and finished with ColorFittings' proprietary polishing and anodizing process for superior strength, corrosion resistance, and long-term durability. Compatible with E85, ethanol, race fuel, pump gas, oil, coolant, brake fluid, transmission fluid, and hydraulic systems, these fittings are built to handle high-pressure, high-temperature environments.\n\nLooking to complete your setup? Check out our full range of Standard Hose, Hose Separators, and AN Fitting Assembly Tools.",https://colorfittings.com/wp-content/uploads/2026/04/Teal-180-Degree-Female-Hose-End.png,Teal,CF-FHE-10-180-000-TL,Hose Fittings,True,"Target AN Size (-6, -8, -10)"
9.99,"8 AN to 3/4"" NPT Adapter","ColorFittings AN to NPT Adapter Fittings are precision-engineered to connect AN flare fittings to NPT ports, providing a secure, leak-free solution for fuel, oil, coolant, and power steering plumbing systems.\n\nOur AN to NPT Adapters are manufactured to provide a perfect fit and seal when paired with ColorFittings AN fittings, which are specifically engineered for use with E85, ethanol-based fuels, and race fuels. When combined with our nylon or stainless steel braided hose, these adapters deliver reliable performance and clean routing for any high-performance plumbing system.\n\nFor best installation results, we strongly recommend using our AN Fitting Assembly Tools, which help prevent fitting damage and ensure proper hose and fitting alignment. Please reference our installation video and fitting guide for proper assembly techniques and torque recommendations.\n\nLooking to complete your system? Explore our full range of AN fittings, NPT adapters, braided hose, and fitting assembly tools.",https://colorfittings.com/wp-content/uploads/2026/04/Flare-To-NPT-Adapter-Purple-21.png,Purple,CF-F2N-08-034-000-PU,NPT Adapters,True,"Target AN Size (-6, -8, -10)"
9.99,"8 AN to 1/2"" NPT Adapter","ColorFittings AN to NPT Adapter Fittings are precision-engineered to connect AN flare fittings to NPT ports, providing a secure, leak-free solution for fuel, oil, coolant, and power steering plumbing systems.\n\nOur AN to NPT Adapters are manufactured to provide a perfect fit and seal when paired with ColorFittings AN fittings, which are specifically engineered for use with E85, ethanol-based fuels, and race fuels. When combined with our nylon or stainless steel braided hose, these adapters deliver reliable performance and clean routing for any high-performance plumbing system.\n\nFor best installation results, we strongly recommend using our AN Fitting Assembly Tools, which help prevent fitting damage and ensure proper hose and fitting alignment. Please reference our installation video and fitting guide for proper assembly techniques and torque recommendations.\n\nLooking to complete your system? Explore our full range of AN fittings, NPT adapters, braided hose, and fitting assembly tools.",https://colorfittings.com/wp-content/uploads/2026/04/Flare-To-NPT-Adapter-Purple-19.png,Purple,CF-F2N-08-012-000-PU,NPT Adapters,True,"Target AN Size (-6, -8, -10)"
9.99,"8 AN to 1/4"" NPT Adapter","ColorFittings AN to NPT Adapter Fittings are precision-engineered to connect AN flare fittings to NPT ports, providing a secure, leak-free solution for fuel, oil, coolant, and power steering plumbing systems.\n\nOur AN to NPT Adapters are manufactured to provide a perfect fit and seal when paired with ColorFittings AN fittings, which are specifically engineered for use with E85, ethanol-based fuels, and race fuels. When combined with our nylon or stainless steel braided hose, these adapters deliver reliable performance and clean routing for any high-performance plumbing system.\n\nFor best installation results, we strongly recommend using our AN Fitting Assembly Tools, which help prevent fitting damage and ensure proper hose and fitting alignment. Please reference our installation video and fitting guide for proper assembly techniques and torque recommendations.\n\nLooking to complete your system? Explore our full range of AN fittings, NPT adapters, braided hose, and fitting assembly tools.",https://colorfittings.com/wp-content/uploads/2026/02/Flare-To-NPT-Adapter-Purple.png,Purple,CF-F2N-08-014-000-PU,NPT Adapters,True,"Target AN Size (-6, -8, -10)"
9.99,"8 AN to 3/8"" NPT Adapter","ColorFittings AN to NPT Adapter Fittings are precision-engineered to connect AN flare fittings to NPT ports, providing a secure, leak-free solution for fuel, oil, coolant, and power steering plumbing systems.\n\nOur AN to NPT Adapters are manufactured to provide a perfect fit and seal when paired with ColorFittings AN fittings, which are specifically engineered for use with E85, ethanol-based fuels, and race fuels. When combined with our nylon or stainless steel braided hose, these adapters deliver reliable performance and clean routing for any high-performance plumbing system.\n\nFor best installation results, we strongly recommend using our AN Fitting Assembly Tools, which help prevent fitting damage and ensure proper hose and fitting alignment. Please reference our installation video and fitting guide for proper assembly techniques and torque recommendations.\n\nLooking to complete your system? Explore our full range of AN fittings, NPT adapters, braided hose, and fitting assembly tools.",https://colorfittings.com/wp-content/uploads/2026/04/Flare-To-NPT-Adapter-Purple-17.png,Purple,CF-F2N-08-038-000-PU,NPT Adapters,True,"Target AN Size (-6, -8, -10)"
28.59,-8 AN 180 Degree Female Aluminum Hose End Fitting,"ColorFittings Standard AN Hose Ends are precision-engineered for high-pressure fuel, oil, coolant, brake, clutch, and power steering applications. Designed for use with nylon or stainless steel braided hose, these AN fittings provide a secure, leak-free 37-degree flare seal for street performance, racing, marine, and motorsport plumbing systems.\n\nEach hose end is CNC-machined from aerospace-grade 6061-T6 billet aluminum and finished with ColorFittings' proprietary polishing and anodizing process for superior strength, corrosion resistance, and long-term durability. Compatible with E85, ethanol, race fuel, pump gas, oil, coolant, brake fluid, transmission fluid, and hydraulic systems, these fittings are built to handle high-pressure, high-temperature environments.\n\nLooking to complete your setup? Check out our full range of Standard Hose, Hose Separators, and AN Fitting Assembly Tools.",https://colorfittings.com/wp-content/uploads/2026/04/Red-180-Degree-Female-Hose-End.png,Red,CF-FHE-08-180-000-RD,Hose Fittings,True,"Target AN Size (-6, -8, -10)"
28.59,-8 AN 180 Degree Female Aluminum Hose End Fitting,"ColorFittings Standard AN Hose Ends are precision-engineered for high-pressure fuel, oil, coolant, brake, clutch, and power steering applications. Designed for use with nylon or stainless steel braided hose, these AN fittings provide a secure, leak-free 37-degree flare seal for street performance, racing, marine, and motorsport plumbing systems.\n\nEach hose end is CNC-machined from aerospace-grade 6061-T6 billet aluminum and finished with ColorFittings' proprietary polishing and anodizing process for superior strength, corrosion resistance, and long-term durability. Compatible with E85, ethanol, race fuel, pump gas, oil, coolant, brake fluid, transmission fluid, and hydraulic systems, these fittings are built to handle high-pressure, high-temperature environments.\n\nLooking to complete your setup? Check out our full range of Standard Hose, Hose Separators, and AN Fitting Assembly Tools.",https://colorfittings.com/wp-content/uploads/2026/04/Black-180-Degree-Female-Hose-End.png,Black,CF-FHE-08-180-000-BL,Hose Fittings,True,"Target AN Size (-6, -8, -10)"
28.59,-8 AN 180 Degree Female Aluminum Hose End Fitting,"ColorFittings Standard AN Hose Ends are precision-engineered for high-pressure fuel, oil, coolant, brake, clutch, and power steering applications. Designed for use with nylon or stainless steel braided hose, these AN fittings provide a secure, leak-free 37-degree flare seal for street performance, racing, marine, and motorsport plumbing systems.\n\nEach hose end is CNC-machined from aerospace-grade 6061-T6 billet aluminum and finished with ColorFittings' proprietary polishing and anodizing process for superior strength, corrosion resistance, and long-term durability. Compatible with E85, ethanol, race fuel, pump gas, oil, coolant, brake fluid, transmission fluid, and hydraulic systems, these fittings are built to handle high-pressure, high-temperature environments.\n\nLooking to complete your setup? Check out our full range of Standard Hose, Hose Separators, and AN Fitting Assembly Tools.",https://colorfittings.com/wp-content/uploads/2026/04/Teal-180-Degree-Female-Hose-End.png,Teal,CF-FHE-08-180-000-TL,Hose Fittings,True,"Target AN Size (-6, -8, -10)"
23.69,-6 AN 180 Degree Female Aluminum Hose End Fitting,"ColorFittings Standard AN Hose Ends are precision-engineered for high-pressure fuel, oil, coolant, brake, clutch, and power steering applications. Designed for use with nylon or stainless steel braided hose, these AN fittings provide a secure, leak-free 37-degree flare seal for street performance, racing, marine, and motorsport plumbing systems.\n\nEach hose end is CNC-machined from aerospace-grade 6061-T6 billet aluminum and finished with ColorFittings' proprietary polishing and anodizing process for superior strength, corrosion resistance, and long-term durability. Compatible with E85, ethanol, race fuel, pump gas, oil, coolant, brake fluid, transmission fluid, and hydraulic systems, these fittings are built to handle high-pressure, high-temperature environments.\n\nLooking to complete your setup? Check out our full range of Standard Hose, Hose Separators, and AN Fitting Assembly Tools.",https://colorfittings.com/wp-content/uploads/2026/04/Teal-180-Degree-Female-Hose-End.png,Teal,CF-FHE-06-180-000-TL,Hose Fittings,True,"Target AN Size (-6, -8, -10)"
12.99,"-06 AN Fitting Female to 5/16"" Tube Compression Fitting","Designed for use with our 5/16"" Hardline.\n\nThis Adapter is available in the following colors: Purple, Black",https://colorfittings.com/wp-content/uploads/2020/04/colorfittings-female-to-tube-compression-fitting_purple.png,Black,CF-FHL-06-516-000-BL,Hardline Adapters,True,"Target AN Size (-6, -8, -10)"
8.99,-16 AN Hex/Worm-Clamp Hose Finisher,"ColorFittings Worm Clamp Hose End Finishers are designed to transform ordinary worm gear hose clamps into a clean, show-quality detail for your engine bay. Perfect for coolant, vacuum, intercooler, breather, and other rubber hose applications, these finishers provide a sleek, professional appearance while concealing the industrial look of standard hose clamps.\nPrecision CNC-machined from 6061-T6 billet aluminum and finished with ColorFittings’ proprietary anodizing process, these one-piece beauty covers offer exceptional durability, corrosion resistance, and long-lasting color retention. Whether you’re building a race car, show car, or street vehicle, they add the finishing touch that elevates your plumbing and engine bay presentation.\nLooking to complete your system? Explore our full range of AN fittings, braided hose, andfitting assembly tools.",https://colorfittings.com/wp-content/uploads/2018/06/Black-WormClamp.png,Black,CF-WCF-16-000-000-BL,Hex / Worm-Clamp Hose Finishers Ends,True,"Target AN Size (-6, -8, -10)"
6.99,-10 AN Hex/Worm-Clamp Hose Finisher,"ColorFittings Worm Clamp Hose End Finishers are designed to transform ordinary worm gear hose clamps into a clean, show-quality detail for your engine bay. Perfect for coolant, vacuum, intercooler, breather, and other rubber hose applications, these finishers provide a sleek, professional appearance while concealing the industrial look of standard hose clamps.\nPrecision CNC-machined from 6061-T6 billet aluminum and finished with ColorFittings’ proprietary anodizing process, these one-piece beauty covers offer exceptional durability, corrosion resistance, and long-lasting color retention. Whether you’re building a race car, show car, or street vehicle, they add the finishing touch that elevates your plumbing and engine bay presentation.\nLooking to complete your system? Explore our full range of AN fittings, braided hose, andfitting assembly tools.",https://colorfittings.com/wp-content/uploads/2018/06/Black-WormClamp.png,Black,CF-WCF-10-000-000-BL,Hex / Worm-Clamp Hose Finishers Ends,True,"Target AN Size (-6, -8, -10)"
6.99,-8 AN Hex/Worm-Clamp Hose Finisher,"ColorFittings Worm Clamp Hose End Finishers are designed to transform ordinary worm gear hose clamps into a clean, show-quality detail for your engine bay. Perfect for coolant, vacuum, intercooler, breather, and other rubber hose applications, these finishers provide a sleek, professional appearance while concealing the industrial look of standard hose clamps.\nPrecision CNC-machined from 6061-T6 billet aluminum and finished with ColorFittings’ proprietary anodizing process, these one-piece beauty covers offer exceptional durability, corrosion resistance, and long-lasting color retention. Whether you’re building a race car, show car, or street vehicle, they add the finishing touch that elevates your plumbing and engine bay presentation.\nLooking to complete your system? Explore our full range of AN fittings, braided hose, andfitting assembly tools.",https://colorfittings.com/wp-content/uploads/2018/06/Black-WormClamp.png,Black,CF-WCF-08-000-000-BL,Hex / Worm-Clamp Hose Finishers Ends,True,"Target AN Size (-6, -8, -10)"
6.99,-6 AN Hex/Worm-Clamp Hose Finisher,"ColorFittings Worm Clamp Hose End Finishers are designed to transform ordinary worm gear hose clamps into a clean, show-quality detail for your engine bay. Perfect for coolant, vacuum, intercooler, breather, and other rubber hose applications, these finishers provide a sleek, professional appearance while concealing the industrial look of standard hose clamps.\nPrecision CNC-machined from 6061-T6 billet aluminum and finished with ColorFittings’ proprietary anodizing process, these one-piece beauty covers offer exceptional durability, corrosion resistance, and long-lasting color retention. Whether you’re building a race car, show car, or street vehicle, they add the finishing touch that elevates your plumbing and engine bay presentation.\nLooking to complete your system? Explore our full range of AN fittings, braided hose, andfitting assembly tools.",https://colorfittings.com/wp-content/uploads/2018/06/Black-WormClamp.png,Black,CF-WCF-06-000-000-BL,Hex / Worm-Clamp Hose Finishers Ends,True,"Target AN Size (-6, -8, -10)"
19.99,"Pressure Gauge Adapter, 10AN to 10AN w/ 1/8"" port","This Adapter is available in the following colors: Purple, Black",https://colorfittings.com/wp-content/uploads/2020/05/male-flare-to-female-flare-npt-port-purple.png,Purple,CF-PGA-10-010-018-PU,Adapters and Unions,True,"Target AN Size (-6, -8, -10)"
19.99,"Pressure Gauge Adapter, 10AN to 10AN w/ 1/8"" port","This Adapter is available in the following colors: Purple, Black",https://colorfittings.com/wp-content/uploads/2020/05/male-flare-to-female-flare-npt-port-black.png,Black,CF-PGA-10-010-018-BL,Adapters and Unions,True,"Target AN Size (-6, -8, -10)"
19.99,"Pressure Gauge Adapter, 8AN to 8AN w/ 1/8"" port","This Adapter is available in the following colors: Purple, Black",https://colorfittings.com/wp-content/uploads/2020/05/male-flare-to-female-flare-npt-port-black.png,Black,CF-PGA-08-008-018-BL,Adapters and Unions,True,"Target AN Size (-6, -8, -10)"
19.99,"Pressure Gauge Adapter, 8AN to 8AN w/ 1/8"" port","This Adapter is available in the following colors: Purple, Black",https://colorfittings.com/wp-content/uploads/2020/05/male-flare-to-female-flare-npt-port-purple.png,Purple,CF-PGA-08-008-018-PU,Adapters and Unions,True,"Target AN Size (-6, -8, -10)"
12.99,"-06 AN Fitting Female to 5/16"" Tube Compression Fitting","Designed for use with our 5/16"" Hardline.\n\nThis Adapter is available in the following colors: Purple, Black",https://colorfittings.com/wp-content/uploads/2020/04/colorfittings-female-to-tube-compression-fitting_purple.png,Purple,CF-FHL-06-516-000-PU,Hardline Adapters,True,"Target AN Size (-6, -8, -10)"
42.86,-16 AN 45 Degree Female Aluminum Hose End Fitting,"ColorFittings Standard AN Hose Ends are precision-engineered for high-pressure fuel, oil, coolant, brake, clutch, and power steering applications. Designed for use with nylon or stainless steel braided hose, these AN fittings provide a secure, leak-free 37-degree flare seal for street performance, racing, marine, and motorsport plumbing systems.\n\nEach hose end is CNC-machined from aerospace-grade 6061-T6 billet aluminum and finished with ColorFittings' proprietary polishing and anodizing process for superior strength, corrosion resistance, and long-term durability. Compatible with E85, ethanol, race fuel, pump gas, oil, coolant, brake fluid, transmission fluid, and hydraulic systems, these fittings are built to handle high-pressure, high-temperature environments.\n\nLooking to complete your setup? Check out our full range of Standard Hose, Hose Separators, and AN Fitting Assembly Tools.",https://colorfittings.com/wp-content/uploads/2026/04/Black-45-Degree-Female-Hose-End.png,Black,CF-FHE-16-045-000-BL,Hose Fittings,True,"Target AN Size (-6, -8, -10)"
34.98,-16 AN Straight Female Aluminum Hose End Fitting,"ColorFittings Standard AN Hose Ends are precision-engineered for high-pressure fuel, oil, coolant, brake, clutch, and power steering applications. Designed for use with nylon or stainless steel braided hose, these AN fittings provide a secure, leak-free 37-degree flare seal for street performance, racing, marine, and motorsport plumbing systems.\n\nEach hose end is CNC-machined from aerospace-grade 6061-T6 billet aluminum and finished with ColorFittings' proprietary polishing and anodizing process for superior strength, corrosion resistance, and long-term durability. Compatible with E85, ethanol, race fuel, pump gas, oil, coolant, brake fluid, transmission fluid, and hydraulic systems, these fittings are built to handle high-pressure, high-temperature environments.\n\nLooking to complete your setup? Check out our full range of Standard Hose, Hose Separators, and AN Fitting Assembly Tools.",https://colorfittings.com/wp-content/uploads/2026/04/Orange-Straight-Female-Hose-End.png,Orange,CF-FHE-16-000-000-OR,Hose Fittings,True,"Target AN Size (-6, -8, -10)"
42.86,-16 AN 90 Degree Female Aluminum Hose End Fitting,"ColorFittings Standard AN Hose Ends are precision-engineered for high-pressure fuel, oil, coolant, brake, clutch, and power steering applications. Designed for use with nylon or stainless steel braided hose, these AN fittings provide a secure, leak-free 37-degree flare seal for street performance, racing, marine, and motorsport plumbing systems.\n\nEach hose end is CNC-machined from aerospace-grade 6061-T6 billet aluminum and finished with ColorFittings' proprietary polishing and anodizing process for superior strength, corrosion resistance, and long-term durability. Compatible with E85, ethanol, race fuel, pump gas, oil, coolant, brake fluid, transmission fluid, and hydraulic systems, these fittings are built to handle high-pressure, high-temperature environments.\n\nLooking to complete your setup? Check out our full range of Standard Hose, Hose Separators, and AN Fitting Assembly Tools.",https://colorfittings.com/wp-content/uploads/2026/04/Orange-90-Degree-Female-Hose-End.png,Orange,CF-FHE-16-090-000-OR,Hose Fittings,True,"Target AN Size (-6, -8, -10)"
42.86,-16 AN 45 Degree Female Aluminum Hose End Fitting,"ColorFittings Standard AN Hose Ends are precision-engineered for high-pressure fuel, oil, coolant, brake, clutch, and power steering applications. Designed for use with nylon or stainless steel braided hose, these AN fittings provide a secure, leak-free 37-degree flare seal for street performance, racing, marine, and motorsport plumbing systems.\n\nEach hose end is CNC-machined from aerospace-grade 6061-T6 billet aluminum and finished with ColorFittings' proprietary polishing and anodizing process for superior strength, corrosion resistance, and long-term durability. Compatible with E85, ethanol, race fuel, pump gas, oil, coolant, brake fluid, transmission fluid, and hydraulic systems, these fittings are built to handle high-pressure, high-temperature environments.\n\nLooking to complete your setup? Check out our full range of Standard Hose, Hose Separators, and AN Fitting Assembly Tools.",https://colorfittings.com/wp-content/uploads/2026/04/Orange-45-Degree-Female-Hose-End.png,Orange,CF-FHE-16-045-000-OR,Hose Fittings,True,"Target AN Size (-6, -8, -10)"
22.75,-10 AN Straight Female Aluminum Hose End Fitting,"ColorFittings Standard AN Hose Ends are precision-engineered for high-pressure fuel, oil, coolant, brake, clutch, and power steering applications. Designed for use with nylon or stainless steel braided hose, these AN fittings provide a secure, leak-free 37-degree flare seal for street performance, racing, marine, and motorsport plumbing systems.\n\nEach hose end is CNC-machined from aerospace-grade 6061-T6 billet aluminum and finished with ColorFittings' proprietary polishing and anodizing process for superior strength, corrosion resistance, and long-term durability. Compatible with E85, ethanol, race fuel, pump gas, oil, coolant, brake fluid, transmission fluid, and hydraulic systems, these fittings are built to handle high-pressure, high-temperature environments.\n\nLooking to complete your setup? Check out our full range of Standard Hose, Hose Separators, and AN Fitting Assembly Tools.",https://colorfittings.com/wp-content/uploads/2026/04/Orange-Straight-Female-Hose-End.png,Orange,CF-FHE-10-000-000-OR,Hose Fittings,True,"Target AN Size (-6, -8, -10)"
27.28,-10 AN 90 Degree Female Aluminum Hose End Fitting,"ColorFittings Standard AN Hose Ends are precision-engineered for high-pressure fuel, oil, coolant, brake, clutch, and power steering applications. Designed for use with nylon or stainless steel braided hose, these AN fittings provide a secure, leak-free 37-degree flare seal for street performance, racing, marine, and motorsport plumbing systems.\n\nEach hose end is CNC-machined from aerospace-grade 6061-T6 billet aluminum and finished with ColorFittings' proprietary polishing and anodizing process for superior strength, corrosion resistance, and long-term durability. Compatible with E85, ethanol, race fuel, pump gas, oil, coolant, brake fluid, transmission fluid, and hydraulic systems, these fittings are built to handle high-pressure, high-temperature environments.\n\nLooking to complete your setup? Check out our full range of Standard Hose, Hose Separators, and AN Fitting Assembly Tools.",https://colorfittings.com/wp-content/uploads/2026/04/Orange-90-Degree-Female-Hose-End.png,Orange,CF-FHE-10-090-000-OR,Hose Fittings,True,"Target AN Size (-6, -8, -10)"
27.28,-10 AN 45 Degree Female Aluminum Hose End Fitting,"ColorFittings Standard AN Hose Ends are precision-engineered for high-pressure fuel, oil, coolant, brake, clutch, and power steering applications. Designed for use with nylon or stainless steel braided hose, these AN fittings provide a secure, leak-free 37-degree flare seal for street performance, racing, marine, and motorsport plumbing systems.\n\nEach hose end is CNC-machined from aerospace-grade 6061-T6 billet aluminum and finished with ColorFittings' proprietary polishing and anodizing process for superior strength, corrosion resistance, and long-term durability. Compatible with E85, ethanol, race fuel, pump gas, oil, coolant, brake fluid, transmission fluid, and hydraulic systems, these fittings are built to handle high-pressure, high-temperature environments.\n\nLooking to complete your setup? Check out our full range of Standard Hose, Hose Separators, and AN Fitting Assembly Tools.",https://colorfittings.com/wp-content/uploads/2026/04/Orange-45-Degree-Female-Hose-End.png,Orange,CF-FHE-10-045-000-OR,Hose Fittings,True,"Target AN Size (-6, -8, -10)"
31.28,-10 AN 180 Degree Female Aluminum Hose End Fitting,"ColorFittings Standard AN Hose Ends are precision-engineered for high-pressure fuel, oil, coolant, brake, clutch, and power steering applications. Designed for use with nylon or stainless steel braided hose, these AN fittings provide a secure, leak-free 37-degree flare seal for street performance, racing, marine, and motorsport plumbing systems.\n\nEach hose end is CNC-machined from aerospace-grade 6061-T6 billet aluminum and finished with ColorFittings' proprietary polishing and anodizing process for superior strength, corrosion resistance, and long-term durability. Compatible with E85, ethanol, race fuel, pump gas, oil, coolant, brake fluid, transmission fluid, and hydraulic systems, these fittings are built to handle high-pressure, high-temperature environments.\n\nLooking to complete your setup? Check out our full range of Standard Hose, Hose Separators, and AN Fitting Assembly Tools.",https://colorfittings.com/wp-content/uploads/2026/04/Orange-180-Degree-Female-Hose-End.png,Orange,CF-FHE-10-180-000-OR,Hose Fittings,True,"Target AN Size (-6, -8, -10)"
18.96,-8 AN Straight Female Aluminum Hose End Fitting,"ColorFittings Standard AN Hose Ends are precision-engineered for high-pressure fuel, oil, coolant, brake, clutch, and power steering applications. Designed for use with nylon or stainless steel braided hose, these AN fittings provide a secure, leak-free 37-degree flare seal for street performance, racing, marine, and motorsport plumbing systems.\n\nEach hose end is CNC-machined from aerospace-grade 6061-T6 billet aluminum and finished with ColorFittings' proprietary polishing and anodizing process for superior strength, corrosion resistance, and long-term durability. Compatible with E85, ethanol, race fuel, pump gas, oil, coolant, brake fluid, transmission fluid, and hydraulic systems, these fittings are built to handle high-pressure, high-temperature environments.\n\nLooking to complete your setup? Check out our full range of Standard Hose, Hose Separators, and AN Fitting Assembly Tools.",https://colorfittings.com/wp-content/uploads/2026/04/Orange-Straight-Female-Hose-End.png,Orange,CF-FHE-08-000-000-OR,Hose Fittings,True,"Target AN Size (-6, -8, -10)"
25.59,-8 AN 90 Degree Female Aluminum Hose End Fitting,"ColorFittings Standard AN Hose Ends are precision-engineered for high-pressure fuel, oil, coolant, brake, clutch, and power steering applications. Designed for use with nylon or stainless steel braided hose, these AN fittings provide a secure, leak-free 37-degree flare seal for street performance, racing, marine, and motorsport plumbing systems.\n\nEach hose end is CNC-machined from aerospace-grade 6061-T6 billet aluminum and finished with ColorFittings' proprietary polishing and anodizing process for superior strength, corrosion resistance, and long-term durability. Compatible with E85, ethanol, race fuel, pump gas, oil, coolant, brake fluid, transmission fluid, and hydraulic systems, these fittings are built to handle high-pressure, high-temperature environments.\n\nLooking to complete your setup? Check out our full range of Standard Hose, Hose Separators, and AN Fitting Assembly Tools.",https://colorfittings.com/wp-content/uploads/2026/04/Orange-90-Degree-Female-Hose-End.png,Orange,CF-FHE-08-090-000-OR,Hose Fittings,True,"Target AN Size (-6, -8, -10)"
25.59,-8 AN 45 Degree Female Aluminum Hose End Fitting,"ColorFittings Standard AN Hose Ends are precision-engineered for high-pressure fuel, oil, coolant, brake, clutch, and power steering applications. Designed for use with nylon or stainless steel braided hose, these AN fittings provide a secure, leak-free 37-degree flare seal for street performance, racing, marine, and motorsport plumbing systems.\n\nEach hose end is CNC-machined from aerospace-grade 6061-T6 billet aluminum and finished with ColorFittings' proprietary polishing and anodizing process for superior strength, corrosion resistance, and long-term durability. Compatible with E85, ethanol, race fuel, pump gas, oil, coolant, brake fluid, transmission fluid, and hydraulic systems, these fittings are built to handle high-pressure, high-temperature environments.\n\nLooking to complete your setup? Check out our full range of Standard Hose, Hose Separators, and AN Fitting Assembly Tools.",https://colorfittings.com/wp-content/uploads/2026/04/Orange-45-Degree-Female-Hose-End.png,Orange,CF-FHE-08-045-000-OR,Hose Fittings,True,"Target AN Size (-6, -8, -10)"
28.59,-8 AN 180 Degree Female Aluminum Hose End Fitting,"ColorFittings Standard AN Hose Ends are precision-engineered for high-pressure fuel, oil, coolant, brake, clutch, and power steering applications. Designed for use with nylon or stainless steel braided hose, these AN fittings provide a secure, leak-free 37-degree flare seal for street performance, racing, marine, and motorsport plumbing systems.\n\nEach hose end is CNC-machined from aerospace-grade 6061-T6 billet aluminum and finished with ColorFittings' proprietary polishing and anodizing process for superior strength, corrosion resistance, and long-term durability. Compatible with E85, ethanol, race fuel, pump gas, oil, coolant, brake fluid, transmission fluid, and hydraulic systems, these fittings are built to handle high-pressure, high-temperature environments.\n\nLooking to complete your setup? Check out our full range of Standard Hose, Hose Separators, and AN Fitting Assembly Tools.",https://colorfittings.com/wp-content/uploads/2026/04/Orange-180-Degree-Female-Hose-End.png,Orange,CF-FHE-08-180-000-OR,Hose Fittings,True,"Target AN Size (-6, -8, -10)"
15.78,-6 AN Straight Female Aluminum Hose End Fitting,"ColorFittings Standard AN Hose Ends are precision-engineered for high-pressure fuel, oil, coolant, brake, clutch, and power steering applications. Designed for use with nylon or stainless steel braided hose, these AN fittings provide a secure, leak-free 37-degree flare seal for street performance, racing, marine, and motorsport plumbing systems.\n\nEach hose end is CNC-machined from aerospace-grade 6061-T6 billet aluminum and finished with ColorFittings' proprietary polishing and anodizing process for superior strength, corrosion resistance, and long-term durability. Compatible with E85, ethanol, race fuel, pump gas, oil, coolant, brake fluid, transmission fluid, and hydraulic systems, these fittings are built to handle high-pressure, high-temperature environments.\n\nLooking to complete your setup? Check out our full range of Standard Hose, Hose Separators, and AN Fitting Assembly Tools.",https://colorfittings.com/wp-content/uploads/2026/04/Orange-Straight-Female-Hose-End.png,Orange,CF-FHE-06-000-000-OR,Hose Fittings,True,"Target AN Size (-6, -8, -10)"
19.69,-6 AN 90 Degree Female Aluminum Hose End Fitting,"ColorFittings Standard AN Hose Ends are precision-engineered for high-pressure fuel, oil, coolant, brake, clutch, and power steering applications. Designed for use with nylon or stainless steel braided hose, these AN fittings provide a secure, leak-free 37-degree flare seal for street performance, racing, marine, and motorsport plumbing systems.\n\nEach hose end is CNC-machined from aerospace-grade 6061-T6 billet aluminum and finished with ColorFittings' proprietary polishing and anodizing process for superior strength, corrosion resistance, and long-term durability. Compatible with E85, ethanol, race fuel, pump gas, oil, coolant, brake fluid, transmission fluid, and hydraulic systems, these fittings are built to handle high-pressure, high-temperature environments.\n\nLooking to complete your setup? Check out our full range of Standard Hose, Hose Separators, and AN Fitting Assembly Tools.",https://colorfittings.com/wp-content/uploads/2026/04/Orange-90-Degree-Female-Hose-End.png,Orange,CF-FHE-06-090-000-OR,Hose Fittings,True,"Target AN Size (-6, -8, -10)"
19.69,-6 AN 45 Degree Female Aluminum Hose End Fitting,"ColorFittings Standard AN Hose Ends are precision-engineered for high-pressure fuel, oil, coolant, brake, clutch, and power steering applications. Designed for use with nylon or stainless steel braided hose, these AN fittings provide a secure, leak-free 37-degree flare seal for street performance, racing, marine, and motorsport plumbing systems.\n\nEach hose end is CNC-machined from aerospace-grade 6061-T6 billet aluminum and finished with ColorFittings' proprietary polishing and anodizing process for superior strength, corrosion resistance, and long-term durability. Compatible with E85, ethanol, race fuel, pump gas, oil, coolant, brake fluid, transmission fluid, and hydraulic systems, these fittings are built to handle high-pressure, high-temperature environments.\n\nLooking to complete your setup? Check out our full range of Standard Hose, Hose Separators, and AN Fitting Assembly Tools.",https://colorfittings.com/wp-content/uploads/2026/04/Orange-45-Degree-Female-Hose-End.png,Orange,CF-FHE-06-045-000-OR,Hose Fittings,True,"Target AN Size (-6, -8, -10)"
23.69,-6 AN 180 Degree Female Aluminum Hose End Fitting,"ColorFittings Standard AN Hose Ends are precision-engineered for high-pressure fuel, oil, coolant, brake, clutch, and power steering applications. Designed for use with nylon or stainless steel braided hose, these AN fittings provide a secure, leak-free 37-degree flare seal for street performance, racing, marine, and motorsport plumbing systems.\n\nEach hose end is CNC-machined from aerospace-grade 6061-T6 billet aluminum and finished with ColorFittings' proprietary polishing and anodizing process for superior strength, corrosion resistance, and long-term durability. Compatible with E85, ethanol, race fuel, pump gas, oil, coolant, brake fluid, transmission fluid, and hydraulic systems, these fittings are built to handle high-pressure, high-temperature environments.\n\nLooking to complete your setup? Check out our full range of Standard Hose, Hose Separators, and AN Fitting Assembly Tools.",https://colorfittings.com/wp-content/uploads/2026/04/Orange-180-Degree-Female-Hose-End.png,Orange,CF-FHE-06-180-000-OR,Hose Fittings,True,"Target AN Size (-6, -8, -10)"
25.59,-8 AN 90 Degree Female Aluminum Hose End Fitting,"ColorFittings Standard AN Hose Ends are precision-engineered for high-pressure fuel, oil, coolant, brake, clutch, and power steering applications. Designed for use with nylon or stainless steel braided hose, these AN fittings provide a secure, leak-free 37-degree flare seal for street performance, racing, marine, and motorsport plumbing systems.\n\nEach hose end is CNC-machined from aerospace-grade 6061-T6 billet aluminum and finished with ColorFittings' proprietary polishing and anodizing process for superior strength, corrosion resistance, and long-term durability. Compatible with E85, ethanol, race fuel, pump gas, oil, coolant, brake fluid, transmission fluid, and hydraulic systems, these fittings are built to handle high-pressure, high-temperature environments.\n\nLooking to complete your setup? Check out our full range of Standard Hose, Hose Separators, and AN Fitting Assembly Tools.",https://colorfittings.com/wp-content/uploads/2026/04/Green-90-Degree-Female-Hose-End.png,Lime Green,CF-FHE-08-090-000-GR,Hose Fittings,True,"Target AN Size (-6, -8, -10)"
27.28,-10 AN 90 Degree Female Aluminum Hose End Fitting,"ColorFittings Standard AN Hose Ends are precision-engineered for high-pressure fuel, oil, coolant, brake, clutch, and power steering applications. Designed for use with nylon or stainless steel braided hose, these AN fittings provide a secure, leak-free 37-degree flare seal for street performance, racing, marine, and motorsport plumbing systems.\n\nEach hose end is CNC-machined from aerospace-grade 6061-T6 billet aluminum and finished with ColorFittings' proprietary polishing and anodizing process for superior strength, corrosion resistance, and long-term durability. Compatible with E85, ethanol, race fuel, pump gas, oil, coolant, brake fluid, transmission fluid, and hydraulic systems, these fittings are built to handle high-pressure, high-temperature environments.\n\nLooking to complete your setup? Check out our full range of Standard Hose, Hose Separators, and AN Fitting Assembly Tools.",https://colorfittings.com/wp-content/uploads/2026/04/Green-90-Degree-Female-Hose-End.png,Lime Green,CF-FHE-10-090-000-GR,Hose Fittings,True,"Target AN Size (-6, -8, -10)"
42.86,-16 AN 90 Degree Female Aluminum Hose End Fitting,"ColorFittings Standard AN Hose Ends are precision-engineered for high-pressure fuel, oil, coolant, brake, clutch, and power steering applications. Designed for use with nylon or stainless steel braided hose, these AN fittings provide a secure, leak-free 37-degree flare seal for street performance, racing, marine, and motorsport plumbing systems.\n\nEach hose end is CNC-machined from aerospace-grade 6061-T6 billet aluminum and finished with ColorFittings' proprietary polishing and anodizing process for superior strength, corrosion resistance, and long-term durability. Compatible with E85, ethanol, race fuel, pump gas, oil, coolant, brake fluid, transmission fluid, and hydraulic systems, these fittings are built to handle high-pressure, high-temperature environments.\n\nLooking to complete your setup? Check out our full range of Standard Hose, Hose Separators, and AN Fitting Assembly Tools.",https://colorfittings.com/wp-content/uploads/2026/04/Green-90-Degree-Female-Hose-End.png,Lime Green,CF-FHE-16-090-000-GR,Hose Fittings,True,"Target AN Size (-6, -8, -10)"
19.69,-6 AN 90 Degree Female Aluminum Hose End Fitting,"ColorFittings Standard AN Hose Ends are precision-engineered for high-pressure fuel, oil, coolant, brake, clutch, and power steering applications. Designed for use with nylon or stainless steel braided hose, these AN fittings provide a secure, leak-free 37-degree flare seal for street performance, racing, marine, and motorsport plumbing systems.\n\nEach hose end is CNC-machined from aerospace-grade 6061-T6 billet aluminum and finished with ColorFittings' proprietary polishing and anodizing process for superior strength, corrosion resistance, and long-term durability. Compatible with E85, ethanol, race fuel, pump gas, oil, coolant, brake fluid, transmission fluid, and hydraulic systems, these fittings are built to handle high-pressure, high-temperature environments.\n\nLooking to complete your setup? Check out our full range of Standard Hose, Hose Separators, and AN Fitting Assembly Tools.",https://colorfittings.com/wp-content/uploads/2026/04/Green-90-Degree-Female-Hose-End.png,Lime Green,CF-FHE-06-090-000-GR,Hose Fittings,True,"Target AN Size (-6, -8, -10)"
28.59,-8 AN 180 Degree Female Aluminum Hose End Fitting,"ColorFittings Standard AN Hose Ends are precision-engineered for high-pressure fuel, oil, coolant, brake, clutch, and power steering applications. Designed for use with nylon or stainless steel braided hose, these AN fittings provide a secure, leak-free 37-degree flare seal for street performance, racing, marine, and motorsport plumbing systems.\n\nEach hose end is CNC-machined from aerospace-grade 6061-T6 billet aluminum and finished with ColorFittings' proprietary polishing and anodizing process for superior strength, corrosion resistance, and long-term durability. Compatible with E85, ethanol, race fuel, pump gas, oil, coolant, brake fluid, transmission fluid, and hydraulic systems, these fittings are built to handle high-pressure, high-temperature environments.\n\nLooking to complete your setup? Check out our full range of Standard Hose, Hose Separators, and AN Fitting Assembly Tools.",https://colorfittings.com/wp-content/uploads/2026/04/Green-180-Degree-Female-Hose-End.png,Lime Green,CF-FHE-08-180-000-GR,Hose Fittings,True,"Target AN Size (-6, -8, -10)"
31.28,-10 AN 180 Degree Female Aluminum Hose End Fitting,"ColorFittings Standard AN Hose Ends are precision-engineered for high-pressure fuel, oil, coolant, brake, clutch, and power steering applications. Designed for use with nylon or stainless steel braided hose, these AN fittings provide a secure, leak-free 37-degree flare seal for street performance, racing, marine, and motorsport plumbing systems.\n\nEach hose end is CNC-machined from aerospace-grade 6061-T6 billet aluminum and finished with ColorFittings' proprietary polishing and anodizing process for superior strength, corrosion resistance, and long-term durability. Compatible with E85, ethanol, race fuel, pump gas, oil, coolant, brake fluid, transmission fluid, and hydraulic systems, these fittings are built to handle high-pressure, high-temperature environments.\n\nLooking to complete your setup? Check out our full range of Standard Hose, Hose Separators, and AN Fitting Assembly Tools.",https://colorfittings.com/wp-content/uploads/2026/04/Green-180-Degree-Female-Hose-End.png,Lime Green,CF-FHE-10-180-000-GR,Hose Fittings,True,"Target AN Size (-6, -8, -10)"
18.96,-8 AN Straight Female Aluminum Hose End Fitting,"ColorFittings Standard AN Hose Ends are precision-engineered for high-pressure fuel, oil, coolant, brake, clutch, and power steering applications. Designed for use with nylon or stainless steel braided hose, these AN fittings provide a secure, leak-free 37-degree flare seal for street performance, racing, marine, and motorsport plumbing systems.\n\nEach hose end is CNC-machined from aerospace-grade 6061-T6 billet aluminum and finished with ColorFittings' proprietary polishing and anodizing process for superior strength, corrosion resistance, and long-term durability. Compatible with E85, ethanol, race fuel, pump gas, oil, coolant, brake fluid, transmission fluid, and hydraulic systems, these fittings are built to handle high-pressure, high-temperature environments.\n\nLooking to complete your setup? Check out our full range of Standard Hose, Hose Separators, and AN Fitting Assembly Tools.",https://colorfittings.com/wp-content/uploads/2026/04/Green-Straight-Female-Hose-End.png,Lime Green,CF-FHE-08-000-000-GR,Hose Fittings,True,"Target AN Size (-6, -8, -10)"
34.98,-16 AN Straight Female Aluminum Hose End Fitting,"ColorFittings Standard AN Hose Ends are precision-engineered for high-pressure fuel, oil, coolant, brake, clutch, and power steering applications. Designed for use with nylon or stainless steel braided hose, these AN fittings provide a secure, leak-free 37-degree flare seal for street performance, racing, marine, and motorsport plumbing systems.\n\nEach hose end is CNC-machined from aerospace-grade 6061-T6 billet aluminum and finished with ColorFittings' proprietary polishing and anodizing process for superior strength, corrosion resistance, and long-term durability. Compatible with E85, ethanol, race fuel, pump gas, oil, coolant, brake fluid, transmission fluid, and hydraulic systems, these fittings are built to handle high-pressure, high-temperature environments.\n\nLooking to complete your setup? Check out our full range of Standard Hose, Hose Separators, and AN Fitting Assembly Tools.",https://colorfittings.com/wp-content/uploads/2026/04/Green-Straight-Female-Hose-End.png,Lime Green,CF-FHE-16-000-000-GR,Hose Fittings,True,"Target AN Size (-6, -8, -10)"
15.78,-6 AN Straight Female Aluminum Hose End Fitting,"ColorFittings Standard AN Hose Ends are precision-engineered for high-pressure fuel, oil, coolant, brake, clutch, and power steering applications. Designed for use with nylon or stainless steel braided hose, these AN fittings provide a secure, leak-free 37-degree flare seal for street performance, racing, marine, and motorsport plumbing systems.\n\nEach hose end is CNC-machined from aerospace-grade 6061-T6 billet aluminum and finished with ColorFittings' proprietary polishing and anodizing process for superior strength, corrosion resistance, and long-term durability. Compatible with E85, ethanol, race fuel, pump gas, oil, coolant, brake fluid, transmission fluid, and hydraulic systems, these fittings are built to handle high-pressure, high-temperature environments.\n\nLooking to complete your setup? Check out our full range of Standard Hose, Hose Separators, and AN Fitting Assembly Tools.",https://colorfittings.com/wp-content/uploads/2026/04/Green-Straight-Female-Hose-End.png,Lime Green,CF-FHE-06-000-000-GR,Hose Fittings,True,"Target AN Size (-6, -8, -10)"
22.75,-10 AN Straight Female Aluminum Hose End Fitting,"ColorFittings Standard AN Hose Ends are precision-engineered for high-pressure fuel, oil, coolant, brake, clutch, and power steering applications. Designed for use with nylon or stainless steel braided hose, these AN fittings provide a secure, leak-free 37-degree flare seal for street performance, racing, marine, and motorsport plumbing systems.\n\nEach hose end is CNC-machined from aerospace-grade 6061-T6 billet aluminum and finished with ColorFittings' proprietary polishing and anodizing process for superior strength, corrosion resistance, and long-term durability. Compatible with E85, ethanol, race fuel, pump gas, oil, coolant, brake fluid, transmission fluid, and hydraulic systems, these fittings are built to handle high-pressure, high-temperature environments.\n\nLooking to complete your setup? Check out our full range of Standard Hose, Hose Separators, and AN Fitting Assembly Tools.",https://colorfittings.com/wp-content/uploads/2026/04/Green-Straight-Female-Hose-End.png,Lime Green,CF-FHE-10-000-000-GR,Hose Fittings,True,"Target AN Size (-6, -8, -10)"
27.28,-10 AN 45 Degree Female Aluminum Hose End Fitting,"ColorFittings Standard AN Hose Ends are precision-engineered for high-pressure fuel, oil, coolant, brake, clutch, and power steering applications. Designed for use with nylon or stainless steel braided hose, these AN fittings provide a secure, leak-free 37-degree flare seal for street performance, racing, marine, and motorsport plumbing systems.\n\nEach hose end is CNC-machined from aerospace-grade 6061-T6 billet aluminum and finished with ColorFittings' proprietary polishing and anodizing process for superior strength, corrosion resistance, and long-term durability. Compatible with E85, ethanol, race fuel, pump gas, oil, coolant, brake fluid, transmission fluid, and hydraulic systems, these fittings are built to handle high-pressure, high-temperature environments.\n\nLooking to complete your setup? Check out our full range of Standard Hose, Hose Separators, and AN Fitting Assembly Tools.",https://colorfittings.com/wp-content/uploads/2026/04/Green-45-Degree-Female-Hose-End.png,Lime Green,CF-FHE-10-045-000-GR,Hose Fittings,True,"Target AN Size (-6, -8, -10)"
42.86,-16 AN 45 Degree Female Aluminum Hose End Fitting,"ColorFittings Standard AN Hose Ends are precision-engineered for high-pressure fuel, oil, coolant, brake, clutch, and power steering applications. Designed for use with nylon or stainless steel braided hose, these AN fittings provide a secure, leak-free 37-degree flare seal for street performance, racing, marine, and motorsport plumbing systems.\n\nEach hose end is CNC-machined from aerospace-grade 6061-T6 billet aluminum and finished with ColorFittings' proprietary polishing and anodizing process for superior strength, corrosion resistance, and long-term durability. Compatible with E85, ethanol, race fuel, pump gas, oil, coolant, brake fluid, transmission fluid, and hydraulic systems, these fittings are built to handle high-pressure, high-temperature environments.\n\nLooking to complete your setup? Check out our full range of Standard Hose, Hose Separators, and AN Fitting Assembly Tools.",https://colorfittings.com/wp-content/uploads/2026/04/Green-45-Degree-Female-Hose-End.png,Lime Green,CF-FHE-16-045-000-GR,Hose Fittings,True,"Target AN Size (-6, -8, -10)"
25.59,-8 AN 45 Degree Female Aluminum Hose End Fitting,"ColorFittings Standard AN Hose Ends are precision-engineered for high-pressure fuel, oil, coolant, brake, clutch, and power steering applications. Designed for use with nylon or stainless steel braided hose, these AN fittings provide a secure, leak-free 37-degree flare seal for street performance, racing, marine, and motorsport plumbing systems.\n\nEach hose end is CNC-machined from aerospace-grade 6061-T6 billet aluminum and finished with ColorFittings' proprietary polishing and anodizing process for superior strength, corrosion resistance, and long-term durability. Compatible with E85, ethanol, race fuel, pump gas, oil, coolant, brake fluid, transmission fluid, and hydraulic systems, these fittings are built to handle high-pressure, high-temperature environments.\n\nLooking to complete your setup? Check out our full range of Standard Hose, Hose Separators, and AN Fitting Assembly Tools.",https://colorfittings.com/wp-content/uploads/2026/04/Green-45-Degree-Female-Hose-End.png,Lime Green,CF-FHE-08-045-000-GR,Hose Fittings,True,"Target AN Size (-6, -8, -10)"
19.69,-6 AN 45 Degree Female Aluminum Hose End Fitting,"ColorFittings Standard AN Hose Ends are precision-engineered for high-pressure fuel, oil, coolant, brake, clutch, and power steering applications. Designed for use with nylon or stainless steel braided hose, these AN fittings provide a secure, leak-free 37-degree flare seal for street performance, racing, marine, and motorsport plumbing systems.\n\nEach hose end is CNC-machined from aerospace-grade 6061-T6 billet aluminum and finished with ColorFittings' proprietary polishing and anodizing process for superior strength, corrosion resistance, and long-term durability. Compatible with E85, ethanol, race fuel, pump gas, oil, coolant, brake fluid, transmission fluid, and hydraulic systems, these fittings are built to handle high-pressure, high-temperature environments.\n\nLooking to complete your setup? Check out our full range of Standard Hose, Hose Separators, and AN Fitting Assembly Tools.",https://colorfittings.com/wp-content/uploads/2026/04/Green-45-Degree-Female-Hose-End.png,Lime Green,CF-FHE-06-045-000-GR,Hose Fittings,True,"Target AN Size (-6, -8, -10)"
23.69,-6 AN 180 Degree Female Aluminum Hose End Fitting,"ColorFittings Standard AN Hose Ends are precision-engineered for high-pressure fuel, oil, coolant, brake, clutch, and power steering applications. Designed for use with nylon or stainless steel braided hose, these AN fittings provide a secure, leak-free 37-degree flare seal for street performance, racing, marine, and motorsport plumbing systems.\n\nEach hose end is CNC-machined from aerospace-grade 6061-T6 billet aluminum and finished with ColorFittings' proprietary polishing and anodizing process for superior strength, corrosion resistance, and long-term durability. Compatible with E85, ethanol, race fuel, pump gas, oil, coolant, brake fluid, transmission fluid, and hydraulic systems, these fittings are built to handle high-pressure, high-temperature environments.\n\nLooking to complete your setup? Check out our full range of Standard Hose, Hose Separators, and AN Fitting Assembly Tools.",https://colorfittings.com/wp-content/uploads/2026/04/Green-180-Degree-Female-Hose-End.png,Lime Green,CF-FHE-06-180-000-GR,Hose Fittings,True,"Target AN Size (-6, -8, -10)"
72.0,6AN Braided Black Nylon Hose / Line (E85 + Race Fuel Safe) - 10ft roll,"Founded in 2008, ColorFittings is an industry leader in premium automotive, marine, and aviation plumbing products. \n\nWhether you’re a professional building a 6-second NHRA bracket car, a perfectionist designing the ultimate engine bay for a SEMA car, or an HPDE enthusiast looking to improve your oil temps, our products are designed for all flavors of motorsports. \n\nColorFittings Nylon and Stainless-steel Braided AN Hose is universally compatible. Common uses include motor oil, gas, E85, race-fuel, and coolant. For more detail about ColorFittings AN Hose, refer here.\n\nThe 6AN diameter Nylon &amp; Stainless-steel braided AN Hose operates at a 500PSI threshold, and boasts a 2000PSI burst threshold. \n\nFor a hassle-free installation process, we strongly recommend using our Fitting Assembly Tools. \n\nOur Nylon &amp; Stainless-steel braided AN Hose pairs excellently with our lightweight Hose Separators, which are available in unique gloss-finish colors. \n\nWant to learn more about how our products apply to your vehicle? Read our handy guide here.",https://colorfittings.com/wp-content/uploads/2019/10/AN-Fitting-Nylon-Braided-Hose-Black-lowrez.jpg,Black,CF-BNH-06-000-010-BL,Hose &amp; Line,True,"Target AN Size (-6, -8, -10)"
92.0,10AN Braided Black Nylon Hose / Line (E85 + Race Fuel Safe) - 10ft roll,"Founded in 2008, ColorFittings is an industry leader in premium automotive, marine, and aviation plumbing products. \n\nWhether you’re a professional building a 6-second NHRA bracket car, a perfectionist designing the ultimate engine bay for a SEMA car, or an HPDE enthusiast looking to improve your oil temps, our products are designed for all flavors of motorsports.\n\nColorFittings Nylon and Stainless-steel Braided AN Hose is universally compatible. Common uses include motor oil, gas, E85, race-fuel, and coolant. For more detail about ColorFittings AN Hose, refer here.\n\nThe 10AN diameter Nylon &amp; Stainless-steel braided AN Hose operates at a 500PSI threshold, and boasts a 2000PSI burst threshold. \n\nFor a hassle-free installation process, we strongly recommend using our Fitting Assembly Tools. \n\nOur Nylon &amp; Stainless-steel braided AN Hose pairs excellently with our lightweight Hose Separators, which are available in unique gloss-finish colors. \n\nWant to learn more about how our products apply to your vehicle? Read our handy guide here.",https://colorfittings.com/wp-content/uploads/2019/10/AN-Fitting-Nylon-Braided-Hose-Black-lowrez.jpg,Black,CF-BNH-10-000-010-BL,Hose &amp; Line,True,"Target AN Size (-6, -8, -10)"
20.99,-16 AN to -12 AN ORB Adapter,"ColorFittings ORB Adapter Fittings are precision-engineered to connect AN flare fittings to O-Ring Boss (ORB) ports, providing a secure, leak-free solution for fuel, oil, coolant, power steering, and transmission plumbing systems. ORB ports are found on engine blocks, transmissions, power steering pumps, oil coolers, and other OEM components — making these adapters essential for any AN plumbing conversion.\n\nOur AN to ORB Adapters are manufactured to provide a perfect fit and seal when paired with ColorFittings AN fittings, which are specifically engineered for use with E85, ethanol-based fuels, and race fuels. The O-ring face seal design eliminates the need for thread sealant and provides a more reliable, vibration-resistant connection compared to NPT threads. When combined with our nylon or stainless steel braided hose, these adapters deliver reliable performance and clean routing for any high-performance plumbing system.\n\nFor best installation results, we strongly recommend using our AN Fitting Assembly Tools, which help prevent fitting damage and ensure proper hose and fitting alignment. Please reference our installation video and fitting guide for proper assembly techniques and torque recommendations.\n\nLooking to complete your system? Explore our full range of AN fittings, ORB adapters, braided hose, and fitting assembly tools.",https://colorfittings.com/wp-content/uploads/2026/04/ORB-Purple-Fitting-Adapter-20.png,Purple,CF-F2S-16-012-000-PU,Adapters and Unions,True,"Target AN Size (-6, -8, -10)"
19.99,Honda CR125 Cylinder Head to 10 AN Flare Fitting,,https://colorfittings.com/wp-content/uploads/2019/03/colorfittings-cr125-black.png,Black,CF-F2S-10-016-001-BL,Specialty Fitting &amp; PCV Delete,True,"Target AN Size (-6, -8, -10)"
9.99,-6 AN ORB Plug w/ O-Ring,"ColorFittings AN ORB Plugs are precision CNC-machined to securely seal unused O-Ring Boss (ORB) ports in fuel, oil, coolant, transmission, hydraulic, and power steering systems. Designed with straight-thread ORB connections and an integrated O-ring sealing surface, these plugs provide a reliable, leak-free solution for closing unused ports in high-performance fluid systems.\nManufactured from aerospace-grade 6061-T6 billet aluminum and finished with ColorFittings' proprietary polishing and anodizing process, these ORB plugs deliver exceptional strength, corrosion resistance, and long-term durability. The O-ring sealing design provides consistent performance in high-pressure and high-temperature environments without relying on thread sealant.\nCompatible with E85, ethanol-based fuels, race fuel, pump gas, oil, coolant, transmission fluid, hydraulic fluid, and air systems, ColorFittings ORB Plugs are ideal for street performance, racing, off-road, marine, and custom fabrication applications.\nFinish your system with our AN fittings, adapters, braided hose, and fitting assembly tools.",https://colorfittings.com/wp-content/uploads/2019/10/cf-dash-plug-fitting-purple-1-1.png,Purple,CF-FPO-06-000-000-PU,"Caps, Plugs, and Blockoffs",True,"Target AN Size (-6, -8, -10)"
9.99,-8 AN ORB Plug w/ O-Ring,"ColorFittings AN ORB Plugs are precision CNC-machined to securely seal unused O-Ring Boss (ORB) ports in fuel, oil, coolant, transmission, hydraulic, and power steering systems. Designed with straight-thread ORB connections and an integrated O-ring sealing surface, these plugs provide a reliable, leak-free solution for closing unused ports in high-performance fluid systems.\nManufactured from aerospace-grade 6061-T6 billet aluminum and finished with ColorFittings' proprietary polishing and anodizing process, these ORB plugs deliver exceptional strength, corrosion resistance, and long-term durability. The O-ring sealing design provides consistent performance in high-pressure and high-temperature environments without relying on thread sealant.\nCompatible with E85, ethanol-based fuels, race fuel, pump gas, oil, coolant, transmission fluid, hydraulic fluid, and air systems, ColorFittings ORB Plugs are ideal for street performance, racing, off-road, marine, and custom fabrication applications.\nFinish your system with our AN fittings, adapters, braided hose, and fitting assembly tools.",https://colorfittings.com/wp-content/uploads/2019/10/10AN-ORB-Plug-Purple-Main.png,Purple,CF-FPO-08-000-000-PU,"Caps, Plugs, and Blockoffs",True,"Target AN Size (-6, -8, -10)"
9.99,"1/4"" NPT to 3/8"" Barb",This Adapter is available in the following color: Purple,https://colorfittings.com/wp-content/uploads/2019/10/14npt38barb-purple.png,Purple,CF-BNF-14-000-038-PU,Barb Fittings,True,Hose & Line / Hardware
10.99,"EFI Connector AN6 to 3/8"" Quick Connect","This Adapter is available in the following colors: Purple, Black, Teal, Red, and Gold",https://colorfittings.com/wp-content/uploads/2019/10/AN-fitting-EFI-Quick-Connect-LS1-red.png,Red,CF-EFI-06-038-000-RD,EFI/LS-Connector/Quick-Connector,True,EFI/LS Adapter
10.99,"EFI Connector AN6 to 5/16"" Quick Connect","This Adapter is available in the following colors: Purple, Black, Teal, Red, and Gold",https://colorfittings.com/wp-content/uploads/2019/10/AN-fitting-EFI-Quick-Connect-LS1-red.png,Red,CF-EFI-06-516-000-RD,EFI/LS-Connector/Quick-Connector,True,EFI/LS Adapter
10.99,"EFI Connector AN6 to 3/8"" Quick Connect","This Adapter is available in the following colors: Purple, Black, Teal, Red, and Gold",https://colorfittings.com/wp-content/uploads/2018/06/Quick-Connect-EFI-SAE-Adapter-Push-On-Fitting-Teal.png,Teal,CF-EFI-06-038-000-TL,EFI/LS-Connector/Quick-Connector,True,EFI/LS Adapter
8.99,-16 AN Hex/Worm-Clamp Hose Finisher,"ColorFittings Worm Clamp Hose End Finishers are designed to transform ordinary worm gear hose clamps into a clean, show-quality detail for your engine bay. Perfect for coolant, vacuum, intercooler, breather, and other rubber hose applications, these finishers provide a sleek, professional appearance while concealing the industrial look of standard hose clamps.\nPrecision CNC-machined from 6061-T6 billet aluminum and finished with ColorFittings’ proprietary anodizing process, these one-piece beauty covers offer exceptional durability, corrosion resistance, and long-lasting color retention. Whether you’re building a race car, show car, or street vehicle, they add the finishing touch that elevates your plumbing and engine bay presentation.\nLooking to complete your system? Explore our full range of AN fittings, braided hose, andfitting assembly tools.",https://colorfittings.com/wp-content/uploads/2018/06/Teal-WormClamp.png,Teal,CF-WCF-16-000-000-TL,Hex / Worm-Clamp Hose Finishers Ends,True,"Target AN Size (-6, -8, -10)"
8.99,-6 AN to -6 AN ORB Adapter,"ColorFittings ORB Adapter Fittings are precision-engineered to connect AN flare fittings to O-Ring Boss (ORB) ports, providing a secure, leak-free solution for fuel, oil, coolant, power steering, and transmission plumbing systems. ORB ports are found on engine blocks, transmissions, power steering pumps, oil coolers, and other OEM components — making these adapters essential for any AN plumbing conversion.\n\nOur AN to ORB Adapters are manufactured to provide a perfect fit and seal when paired with ColorFittings AN fittings, which are specifically engineered for use with E85, ethanol-based fuels, and race fuels. The O-ring face seal design eliminates the need for thread sealant and provides a more reliable, vibration-resistant connection compared to NPT threads. When combined with our nylon or stainless steel braided hose, these adapters deliver reliable performance and clean routing for any high-performance plumbing system.\n\nFor best installation results, we strongly recommend using our AN Fitting Assembly Tools, which help prevent fitting damage and ensure proper hose and fitting alignment. Please reference our installation video and fitting guide for proper assembly techniques and torque recommendations.\n\nLooking to complete your system? Explore our full range of AN fittings, ORB adapters, braided hose, and fitting assembly tools.",https://colorfittings.com/wp-content/uploads/2026/04/ORB-Purple-Fitting-Adapter-22.png,Purple,CF-F2S-06-006-000-PU,ORB Adapters,True,"Target AN Size (-6, -8, -10)"
9.99,-8 AN to -8 AN ORB Adapter,"ColorFittings ORB Adapter Fittings are precision-engineered to connect AN flare fittings to O-Ring Boss (ORB) ports, providing a secure, leak-free solution for fuel, oil, coolant, power steering, and transmission plumbing systems. ORB ports are found on engine blocks, transmissions, power steering pumps, oil coolers, and other OEM components — making these adapters essential for any AN plumbing conversion.\n\nOur AN to ORB Adapters are manufactured to provide a perfect fit and seal when paired with ColorFittings AN fittings, which are specifically engineered for use with E85, ethanol-based fuels, and race fuels. The O-ring face seal design eliminates the need for thread sealant and provides a more reliable, vibration-resistant connection compared to NPT threads. When combined with our nylon or stainless steel braided hose, these adapters deliver reliable performance and clean routing for any high-performance plumbing system.\n\nFor best installation results, we strongly recommend using our AN Fitting Assembly Tools, which help prevent fitting damage and ensure proper hose and fitting alignment. Please reference our installation video and fitting guide for proper assembly techniques and torque recommendations.\n\nLooking to complete your system? Explore our full range of AN fittings, ORB adapters, braided hose, and fitting assembly tools.",https://colorfittings.com/wp-content/uploads/2026/04/ORB-Purple-Fitting-Adapter-24.png,Purple,CF-F2S-08-008-000-PU,ORB Adapters,True,"Target AN Size (-6, -8, -10)"
6.99,-6 AN Hex/Worm-Clamp Hose Finisher,"ColorFittings Worm Clamp Hose End Finishers are designed to transform ordinary worm gear hose clamps into a clean, show-quality detail for your engine bay. Perfect for coolant, vacuum, intercooler, breather, and other rubber hose applications, these finishers provide a sleek, professional appearance while concealing the industrial look of standard hose clamps.\nPrecision CNC-machined from 6061-T6 billet aluminum and finished with ColorFittings’ proprietary anodizing process, these one-piece beauty covers offer exceptional durability, corrosion resistance, and long-lasting color retention. Whether you’re building a race car, show car, or street vehicle, they add the finishing touch that elevates your plumbing and engine bay presentation.\nLooking to complete your system? Explore our full range of AN fittings, braided hose, andfitting assembly tools.",https://colorfittings.com/wp-content/uploads/2018/06/Teal-WormClamp.png,Teal,CF-WCF-06-000-000-TL,Hex / Worm-Clamp Hose Finishers Ends,True,"Target AN Size (-6, -8, -10)"
6.99,-8 AN Hex/Worm-Clamp Hose Finisher,"ColorFittings Worm Clamp Hose End Finishers are designed to transform ordinary worm gear hose clamps into a clean, show-quality detail for your engine bay. Perfect for coolant, vacuum, intercooler, breather, and other rubber hose applications, these finishers provide a sleek, professional appearance while concealing the industrial look of standard hose clamps.\nPrecision CNC-machined from 6061-T6 billet aluminum and finished with ColorFittings’ proprietary anodizing process, these one-piece beauty covers offer exceptional durability, corrosion resistance, and long-lasting color retention. Whether you’re building a race car, show car, or street vehicle, they add the finishing touch that elevates your plumbing and engine bay presentation.\nLooking to complete your system? Explore our full range of AN fittings, braided hose, andfitting assembly tools.",https://colorfittings.com/wp-content/uploads/2018/06/Teal-WormClamp.png,Teal,CF-WCF-08-000-000-TL,Hex / Worm-Clamp Hose Finishers Ends,True,"Target AN Size (-6, -8, -10)"
6.99,-10 AN Hex/Worm-Clamp Hose Finisher,"ColorFittings Worm Clamp Hose End Finishers are designed to transform ordinary worm gear hose clamps into a clean, show-quality detail for your engine bay. Perfect for coolant, vacuum, intercooler, breather, and other rubber hose applications, these finishers provide a sleek, professional appearance while concealing the industrial look of standard hose clamps.\nPrecision CNC-machined from 6061-T6 billet aluminum and finished with ColorFittings’ proprietary anodizing process, these one-piece beauty covers offer exceptional durability, corrosion resistance, and long-lasting color retention. Whether you’re building a race car, show car, or street vehicle, they add the finishing touch that elevates your plumbing and engine bay presentation.\nLooking to complete your system? Explore our full range of AN fittings, braided hose, andfitting assembly tools.",https://colorfittings.com/wp-content/uploads/2018/06/Teal-WormClamp.png,Teal,CF-WCF-10-000-000-TL,Hex / Worm-Clamp Hose Finishers Ends,True,"Target AN Size (-6, -8, -10)"
9.49,-10 AN Cap / Blockoff,"ColorFittings AN Caps are precision CNC-machined to securely seal unused AN ports, fittings, and lines in fuel, oil, coolant, brake, transmission, and power steering systems. Designed with a true 37-degree AN flare seat, these caps provide a clean, leak-free solution for closing off unused connections during maintenance, fabrication, or custom plumbing projects.\nManufactured from aerospace-grade 6061-T6 billet aluminum and finished with ColorFittings' proprietary polishing and anodizing process, these AN caps deliver superior strength, corrosion resistance, and long-term durability. Built for high-pressure and high-temperature environments, they are compatible with E85, ethanol-based fuels, race fuel, pump gas, oil, coolant, hydraulic fluid, and air systems.\nPerfect for race builds, street performance vehicles, engine bay fabrication, and custom fluid systems, ColorFittings AN Caps provide a professional finish while protecting unused ports from contamination.\nFinish your system with our AN fittings, adapters, braided hose, and fitting assembly tools.",https://colorfittings.com/wp-content/uploads/2019/08/cf-dash-cap-purple-5.png,Purple,CF-FCO-10-000-000-PU,"Caps, Plugs, and Blockoffs",True,"Target AN Size (-6, -8, -10)"
8.49,-8 AN Cap / Blockoff,"ColorFittings AN Caps are precision CNC-machined to securely seal unused AN ports, fittings, and lines in fuel, oil, coolant, brake, transmission, and power steering systems. Designed with a true 37-degree AN flare seat, these caps provide a clean, leak-free solution for closing off unused connections during maintenance, fabrication, or custom plumbing projects.\nManufactured from aerospace-grade 6061-T6 billet aluminum and finished with ColorFittings' proprietary polishing and anodizing process, these AN caps deliver superior strength, corrosion resistance, and long-term durability. Built for high-pressure and high-temperature environments, they are compatible with E85, ethanol-based fuels, race fuel, pump gas, oil, coolant, hydraulic fluid, and air systems.\nPerfect for race builds, street performance vehicles, engine bay fabrication, and custom fluid systems, ColorFittings AN Caps provide a professional finish while protecting unused ports from contamination.\nFinish your system with our AN fittings, adapters, braided hose, and fitting assembly tools.",https://colorfittings.com/wp-content/uploads/2019/08/cf-dash-cap-purple-5.png,Purple,CF-FCO-08-000-000-PU,"Caps, Plugs, and Blockoffs",True,"Target AN Size (-6, -8, -10)"
6.49,-6 AN Cap / Blockoff,"ColorFittings AN Caps are precision CNC-machined to securely seal unused AN ports, fittings, and lines in fuel, oil, coolant, brake, transmission, and power steering systems. Designed with a true 37-degree AN flare seat, these caps provide a clean, leak-free solution for closing off unused connections during maintenance, fabrication, or custom plumbing projects.\nManufactured from aerospace-grade 6061-T6 billet aluminum and finished with ColorFittings' proprietary polishing and anodizing process, these AN caps deliver superior strength, corrosion resistance, and long-term durability. Built for high-pressure and high-temperature environments, they are compatible with E85, ethanol-based fuels, race fuel, pump gas, oil, coolant, hydraulic fluid, and air systems.\nPerfect for race builds, street performance vehicles, engine bay fabrication, and custom fluid systems, ColorFittings AN Caps provide a professional finish while protecting unused ports from contamination.\nFinish your system with our AN fittings, adapters, braided hose, and fitting assembly tools.",https://colorfittings.com/wp-content/uploads/2019/08/cf-dash-cap-purple-5.png,Purple,CF-FCO-06-000-000-PU,"Caps, Plugs, and Blockoffs",True,"Target AN Size (-6, -8, -10)"
8.99,-16 AN Hex/Worm-Clamp Hose Finisher,"ColorFittings Worm Clamp Hose End Finishers are designed to transform ordinary worm gear hose clamps into a clean, show-quality detail for your engine bay. Perfect for coolant, vacuum, intercooler, breather, and other rubber hose applications, these finishers provide a sleek, professional appearance while concealing the industrial look of standard hose clamps.\nPrecision CNC-machined from 6061-T6 billet aluminum and finished with ColorFittings’ proprietary anodizing process, these one-piece beauty covers offer exceptional durability, corrosion resistance, and long-lasting color retention. Whether you’re building a race car, show car, or street vehicle, they add the finishing touch that elevates your plumbing and engine bay presentation.\nLooking to complete your system? Explore our full range of AN fittings, braided hose, andfitting assembly tools.",https://colorfittings.com/wp-content/uploads/2018/06/Purple-WormClamp.png,Purple,CF-WCF-16-000-000-PU,Hex / Worm-Clamp Hose Finishers Ends,True,"Target AN Size (-6, -8, -10)"
34.98,-16 AN Straight Female Aluminum Hose End Fitting,"ColorFittings Standard AN Hose Ends are precision-engineered for high-pressure fuel, oil, coolant, brake, clutch, and power steering applications. Designed for use with nylon or stainless steel braided hose, these AN fittings provide a secure, leak-free 37-degree flare seal for street performance, racing, marine, and motorsport plumbing systems.\n\nEach hose end is CNC-machined from aerospace-grade 6061-T6 billet aluminum and finished with ColorFittings' proprietary polishing and anodizing process for superior strength, corrosion resistance, and long-term durability. Compatible with E85, ethanol, race fuel, pump gas, oil, coolant, brake fluid, transmission fluid, and hydraulic systems, these fittings are built to handle high-pressure, high-temperature environments.\n\nLooking to complete your setup? Check out our full range of Standard Hose, Hose Separators, and AN Fitting Assembly Tools.",https://colorfittings.com/wp-content/uploads/2026/04/Red-Straight-Female-Hose-End.png,Red,CF-FHE-16-000-000-RD,Hose Fittings,True,"Target AN Size (-6, -8, -10)"
42.86,-16 AN 90 Degree Female Aluminum Hose End Fitting,"ColorFittings Standard AN Hose Ends are precision-engineered for high-pressure fuel, oil, coolant, brake, clutch, and power steering applications. Designed for use with nylon or stainless steel braided hose, these AN fittings provide a secure, leak-free 37-degree flare seal for street performance, racing, marine, and motorsport plumbing systems.\n\nEach hose end is CNC-machined from aerospace-grade 6061-T6 billet aluminum and finished with ColorFittings' proprietary polishing and anodizing process for superior strength, corrosion resistance, and long-term durability. Compatible with E85, ethanol, race fuel, pump gas, oil, coolant, brake fluid, transmission fluid, and hydraulic systems, these fittings are built to handle high-pressure, high-temperature environments.\n\nLooking to complete your setup? Check out our full range of Standard Hose, Hose Separators, and AN Fitting Assembly Tools.",https://colorfittings.com/wp-content/uploads/2026/04/Red-90-Degree-Female-Hose-End.png,Red,CF-FHE-16-090-000-RD,Hose Fittings,True,"Target AN Size (-6, -8, -10)"
42.86,-16 AN 45 Degree Female Aluminum Hose End Fitting,"ColorFittings Standard AN Hose Ends are precision-engineered for high-pressure fuel, oil, coolant, brake, clutch, and power steering applications. Designed for use with nylon or stainless steel braided hose, these AN fittings provide a secure, leak-free 37-degree flare seal for street performance, racing, marine, and motorsport plumbing systems.\n\nEach hose end is CNC-machined from aerospace-grade 6061-T6 billet aluminum and finished with ColorFittings' proprietary polishing and anodizing process for superior strength, corrosion resistance, and long-term durability. Compatible with E85, ethanol, race fuel, pump gas, oil, coolant, brake fluid, transmission fluid, and hydraulic systems, these fittings are built to handle high-pressure, high-temperature environments.\n\nLooking to complete your setup? Check out our full range of Standard Hose, Hose Separators, and AN Fitting Assembly Tools.",https://colorfittings.com/wp-content/uploads/2026/04/Red-45-Degree-Female-Hose-End.png,Red,CF-FHE-16-045-000-RD,Hose Fittings,True,"Target AN Size (-6, -8, -10)"
22.75,-10 AN Straight Female Aluminum Hose End Fitting,"ColorFittings Standard AN Hose Ends are precision-engineered for high-pressure fuel, oil, coolant, brake, clutch, and power steering applications. Designed for use with nylon or stainless steel braided hose, these AN fittings provide a secure, leak-free 37-degree flare seal for street performance, racing, marine, and motorsport plumbing systems.\n\nEach hose end is CNC-machined from aerospace-grade 6061-T6 billet aluminum and finished with ColorFittings' proprietary polishing and anodizing process for superior strength, corrosion resistance, and long-term durability. Compatible with E85, ethanol, race fuel, pump gas, oil, coolant, brake fluid, transmission fluid, and hydraulic systems, these fittings are built to handle high-pressure, high-temperature environments.\n\nLooking to complete your setup? Check out our full range of Standard Hose, Hose Separators, and AN Fitting Assembly Tools.",https://colorfittings.com/wp-content/uploads/2026/04/Red-Straight-Female-Hose-End.png,Red,CF-FHE-10-000-000-RD,Hose Fittings,True,"Target AN Size (-6, -8, -10)"
27.28,-10 AN 90 Degree Female Aluminum Hose End Fitting,"ColorFittings Standard AN Hose Ends are precision-engineered for high-pressure fuel, oil, coolant, brake, clutch, and power steering applications. Designed for use with nylon or stainless steel braided hose, these AN fittings provide a secure, leak-free 37-degree flare seal for street performance, racing, marine, and motorsport plumbing systems.\n\nEach hose end is CNC-machined from aerospace-grade 6061-T6 billet aluminum and finished with ColorFittings' proprietary polishing and anodizing process for superior strength, corrosion resistance, and long-term durability. Compatible with E85, ethanol, race fuel, pump gas, oil, coolant, brake fluid, transmission fluid, and hydraulic systems, these fittings are built to handle high-pressure, high-temperature environments.\n\nLooking to complete your setup? Check out our full range of Standard Hose, Hose Separators, and AN Fitting Assembly Tools.",https://colorfittings.com/wp-content/uploads/2026/04/Red-90-Degree-Female-Hose-End.png,Red,CF-FHE-10-090-000-RD,Hose Fittings,True,"Target AN Size (-6, -8, -10)"
27.28,-10 AN 45 Degree Female Aluminum Hose End Fitting,"ColorFittings Standard AN Hose Ends are precision-engineered for high-pressure fuel, oil, coolant, brake, clutch, and power steering applications. Designed for use with nylon or stainless steel braided hose, these AN fittings provide a secure, leak-free 37-degree flare seal for street performance, racing, marine, and motorsport plumbing systems.\n\nEach hose end is CNC-machined from aerospace-grade 6061-T6 billet aluminum and finished with ColorFittings' proprietary polishing and anodizing process for superior strength, corrosion resistance, and long-term durability. Compatible with E85, ethanol, race fuel, pump gas, oil, coolant, brake fluid, transmission fluid, and hydraulic systems, these fittings are built to handle high-pressure, high-temperature environments.\n\nLooking to complete your setup? Check out our full range of Standard Hose, Hose Separators, and AN Fitting Assembly Tools.",https://colorfittings.com/wp-content/uploads/2026/04/Red-45-Degree-Female-Hose-End.png,Red,CF-FHE-10-045-000-RD,Hose Fittings,True,"Target AN Size (-6, -8, -10)"
31.28,-10 AN 180 Degree Female Aluminum Hose End Fitting,"ColorFittings Standard AN Hose Ends are precision-engineered for high-pressure fuel, oil, coolant, brake, clutch, and power steering applications. Designed for use with nylon or stainless steel braided hose, these AN fittings provide a secure, leak-free 37-degree flare seal for street performance, racing, marine, and motorsport plumbing systems.\n\nEach hose end is CNC-machined from aerospace-grade 6061-T6 billet aluminum and finished with ColorFittings' proprietary polishing and anodizing process for superior strength, corrosion resistance, and long-term durability. Compatible with E85, ethanol, race fuel, pump gas, oil, coolant, brake fluid, transmission fluid, and hydraulic systems, these fittings are built to handle high-pressure, high-temperature environments.\n\nLooking to complete your setup? Check out our full range of Standard Hose, Hose Separators, and AN Fitting Assembly Tools.",https://colorfittings.com/wp-content/uploads/2026/04/Red-180-Degree-Female-Hose-End.png,Red,CF-FHE-10-180-000-RD,Hose Fittings,True,"Target AN Size (-6, -8, -10)"
18.96,-8 AN Straight Female Aluminum Hose End Fitting,"ColorFittings Standard AN Hose Ends are precision-engineered for high-pressure fuel, oil, coolant, brake, clutch, and power steering applications. Designed for use with nylon or stainless steel braided hose, these AN fittings provide a secure, leak-free 37-degree flare seal for street performance, racing, marine, and motorsport plumbing systems.\n\nEach hose end is CNC-machined from aerospace-grade 6061-T6 billet aluminum and finished with ColorFittings' proprietary polishing and anodizing process for superior strength, corrosion resistance, and long-term durability. Compatible with E85, ethanol, race fuel, pump gas, oil, coolant, brake fluid, transmission fluid, and hydraulic systems, these fittings are built to handle high-pressure, high-temperature environments.\n\nLooking to complete your setup? Check out our full range of Standard Hose, Hose Separators, and AN Fitting Assembly Tools.",https://colorfittings.com/wp-content/uploads/2026/04/Red-Straight-Female-Hose-End.png,Red,CF-FHE-08-000-000-RD,Hose Fittings,True,"Target AN Size (-6, -8, -10)"
25.59,-8 AN 90 Degree Female Aluminum Hose End Fitting,"ColorFittings Standard AN Hose Ends are precision-engineered for high-pressure fuel, oil, coolant, brake, clutch, and power steering applications. Designed for use with nylon or stainless steel braided hose, these AN fittings provide a secure, leak-free 37-degree flare seal for street performance, racing, marine, and motorsport plumbing systems.\n\nEach hose end is CNC-machined from aerospace-grade 6061-T6 billet aluminum and finished with ColorFittings' proprietary polishing and anodizing process for superior strength, corrosion resistance, and long-term durability. Compatible with E85, ethanol, race fuel, pump gas, oil, coolant, brake fluid, transmission fluid, and hydraulic systems, these fittings are built to handle high-pressure, high-temperature environments.\n\nLooking to complete your setup? Check out our full range of Standard Hose, Hose Separators, and AN Fitting Assembly Tools.",https://colorfittings.com/wp-content/uploads/2026/04/Red-90-Degree-Female-Hose-End.png,Red,CF-FHE-08-090-000-RD,Hose Fittings,True,"Target AN Size (-6, -8, -10)"
25.59,-8 AN 45 Degree Female Aluminum Hose End Fitting,"ColorFittings Standard AN Hose Ends are precision-engineered for high-pressure fuel, oil, coolant, brake, clutch, and power steering applications. Designed for use with nylon or stainless steel braided hose, these AN fittings provide a secure, leak-free 37-degree flare seal for street performance, racing, marine, and motorsport plumbing systems.\n\nEach hose end is CNC-machined from aerospace-grade 6061-T6 billet aluminum and finished with ColorFittings' proprietary polishing and anodizing process for superior strength, corrosion resistance, and long-term durability. Compatible with E85, ethanol, race fuel, pump gas, oil, coolant, brake fluid, transmission fluid, and hydraulic systems, these fittings are built to handle high-pressure, high-temperature environments.\n\nLooking to complete your setup? Check out our full range of Standard Hose, Hose Separators, and AN Fitting Assembly Tools.",https://colorfittings.com/wp-content/uploads/2026/04/Red-45-Degree-Female-Hose-End.png,Red,CF-FHE-08-045-000-RD,Hose Fittings,True,"Target AN Size (-6, -8, -10)"
15.78,-6 AN Straight Female Aluminum Hose End Fitting,"ColorFittings Standard AN Hose Ends are precision-engineered for high-pressure fuel, oil, coolant, brake, clutch, and power steering applications. Designed for use with nylon or stainless steel braided hose, these AN fittings provide a secure, leak-free 37-degree flare seal for street performance, racing, marine, and motorsport plumbing systems.\n\nEach hose end is CNC-machined from aerospace-grade 6061-T6 billet aluminum and finished with ColorFittings' proprietary polishing and anodizing process for superior strength, corrosion resistance, and long-term durability. Compatible with E85, ethanol, race fuel, pump gas, oil, coolant, brake fluid, transmission fluid, and hydraulic systems, these fittings are built to handle high-pressure, high-temperature environments.\n\nLooking to complete your setup? Check out our full range of Standard Hose, Hose Separators, and AN Fitting Assembly Tools.",https://colorfittings.com/wp-content/uploads/2026/04/Red-Straight-Female-Hose-End.png,Red,CF-FHE-06-000-000-RD,Hose Fittings,True,"Target AN Size (-6, -8, -10)"
19.69,-6 AN 90 Degree Female Aluminum Hose End Fitting,"ColorFittings Standard AN Hose Ends are precision-engineered for high-pressure fuel, oil, coolant, brake, clutch, and power steering applications. Designed for use with nylon or stainless steel braided hose, these AN fittings provide a secure, leak-free 37-degree flare seal for street performance, racing, marine, and motorsport plumbing systems.\n\nEach hose end is CNC-machined from aerospace-grade 6061-T6 billet aluminum and finished with ColorFittings' proprietary polishing and anodizing process for superior strength, corrosion resistance, and long-term durability. Compatible with E85, ethanol, race fuel, pump gas, oil, coolant, brake fluid, transmission fluid, and hydraulic systems, these fittings are built to handle high-pressure, high-temperature environments.\n\nLooking to complete your setup? Check out our full range of Standard Hose, Hose Separators, and AN Fitting Assembly Tools.",https://colorfittings.com/wp-content/uploads/2026/04/Red-90-Degree-Female-Hose-End.png,Red,CF-FHE-06-090-000-RD,Hose Fittings,True,"Target AN Size (-6, -8, -10)"
19.69,-6 AN 45 Degree Female Aluminum Hose End Fitting,"ColorFittings Standard AN Hose Ends are precision-engineered for high-pressure fuel, oil, coolant, brake, clutch, and power steering applications. Designed for use with nylon or stainless steel braided hose, these AN fittings provide a secure, leak-free 37-degree flare seal for street performance, racing, marine, and motorsport plumbing systems.\n\nEach hose end is CNC-machined from aerospace-grade 6061-T6 billet aluminum and finished with ColorFittings' proprietary polishing and anodizing process for superior strength, corrosion resistance, and long-term durability. Compatible with E85, ethanol, race fuel, pump gas, oil, coolant, brake fluid, transmission fluid, and hydraulic systems, these fittings are built to handle high-pressure, high-temperature environments.\n\nLooking to complete your setup? Check out our full range of Standard Hose, Hose Separators, and AN Fitting Assembly Tools.",https://colorfittings.com/wp-content/uploads/2026/04/Red-45-Degree-Female-Hose-End.png,Red,CF-FHE-06-045-000-RD,Hose Fittings,True,"Target AN Size (-6, -8, -10)"
23.69,-6 AN 180 Degree Female Aluminum Hose End Fitting,"ColorFittings Standard AN Hose Ends are precision-engineered for high-pressure fuel, oil, coolant, brake, clutch, and power steering applications. Designed for use with nylon or stainless steel braided hose, these AN fittings provide a secure, leak-free 37-degree flare seal for street performance, racing, marine, and motorsport plumbing systems.\n\nEach hose end is CNC-machined from aerospace-grade 6061-T6 billet aluminum and finished with ColorFittings' proprietary polishing and anodizing process for superior strength, corrosion resistance, and long-term durability. Compatible with E85, ethanol, race fuel, pump gas, oil, coolant, brake fluid, transmission fluid, and hydraulic systems, these fittings are built to handle high-pressure, high-temperature environments.\n\nLooking to complete your setup? Check out our full range of Standard Hose, Hose Separators, and AN Fitting Assembly Tools.",https://colorfittings.com/wp-content/uploads/2026/04/Red-180-Degree-Female-Hose-End.png,Red,CF-FHE-06-180-000-RD,Hose Fittings,True,"Target AN Size (-6, -8, -10)"
19.99,-10 AN 60 Degree Female Push-Loc Fitting,"Founded in 2008, ColorFittings is an industry leader in premium automotive, marine, and aviation plumbing products. \n\nWhether you’re a professional building a 6-second NHRA bracket car, a perfectionist designing the ultimate engine bay for a SEMA car, or an HPDE enthusiast looking to improve your oil temps, our products are designed for all flavors of motorsports. \n\nColorFittings products are carefully machined from 6061-T6 Billet Aluminum and finished with our proprietary polish and anodizing process. \n\nAvailable in unique gloss-finish colors, Push-Loc AN Fittings are designed specifically for use with high-quality Push-Loc hose, and to accept a male AN Flare Fitting.\n\nWant to learn more about how our products apply to your vehicle? Read our handy guide here.",https://colorfittings.com/wp-content/uploads/2019/06/Hose-Barb-AN-push-lock-fitting-60-purple.png,Purple,CF-PLF-10-060-000-PU,Push-Loc Hose Ends,True,"Target AN Size (-6, -8, -10)"
28.59,-8 AN 180 Degree Female Aluminum Hose End Fitting,"ColorFittings Standard AN Hose Ends are precision-engineered for high-pressure fuel, oil, coolant, brake, clutch, and power steering applications. Designed for use with nylon or stainless steel braided hose, these AN fittings provide a secure, leak-free 37-degree flare seal for street performance, racing, marine, and motorsport plumbing systems.\n\nEach hose end is CNC-machined from aerospace-grade 6061-T6 billet aluminum and finished with ColorFittings' proprietary polishing and anodizing process for superior strength, corrosion resistance, and long-term durability. Compatible with E85, ethanol, race fuel, pump gas, oil, coolant, brake fluid, transmission fluid, and hydraulic systems, these fittings are built to handle high-pressure, high-temperature environments.\n\nLooking to complete your setup? Check out our full range of Standard Hose, Hose Separators, and AN Fitting Assembly Tools.",https://colorfittings.com/wp-content/uploads/2026/04/Purple-180-Degree-Female-Hose-End.png,Purple,CF-FHE-08-180-000-PU,Hose Fittings,True,"Target AN Size (-6, -8, -10)"
19.99,Honda CR125 Cylinder Head to 08 AN Flare Fitting,"This Adapter is available in the following colors: Purple, Black",https://colorfittings.com/wp-content/uploads/2019/03/colorfittings-cr125-black.png,Black,CF-F2S-08-016-001-BL,Adapters and Unions,True,"Target AN Size (-6, -8, -10)"
11.99,-10 AN to -10 AN ORB Adapter,"ColorFittings ORB Adapter Fittings are precision-engineered to connect AN flare fittings to O-Ring Boss (ORB) ports, providing a secure, leak-free solution for fuel, oil, coolant, power steering, and transmission plumbing systems. ORB ports are found on engine blocks, transmissions, power steering pumps, oil coolers, and other OEM components — making these adapters essential for any AN plumbing conversion.\n\nOur AN to ORB Adapters are manufactured to provide a perfect fit and seal when paired with ColorFittings AN fittings, which are specifically engineered for use with E85, ethanol-based fuels, and race fuels. The O-ring face seal design eliminates the need for thread sealant and provides a more reliable, vibration-resistant connection compared to NPT threads. When combined with our nylon or stainless steel braided hose, these adapters deliver reliable performance and clean routing for any high-performance plumbing system.\n\nFor best installation results, we strongly recommend using our AN Fitting Assembly Tools, which help prevent fitting damage and ensure proper hose and fitting alignment. Please reference our installation video and fitting guide for proper assembly techniques and torque recommendations.\n\nLooking to complete your system? Explore our full range of AN fittings, ORB adapters, braided hose, and fitting assembly tools.",https://colorfittings.com/wp-content/uploads/2026/04/ORB-Black-Fitting-Adapter-70.png,Black,CF-F2S-10-010-000-BL,ORB Adapters,True,"Target AN Size (-6, -8, -10)"
10.99,-8 AN to -10 AN ORB Adapter,"ColorFittings ORB Adapter Fittings are precision-engineered to connect AN flare fittings to O-Ring Boss (ORB) ports, providing a secure, leak-free solution for fuel, oil, coolant, power steering, and transmission plumbing systems. ORB ports are found on engine blocks, transmissions, power steering pumps, oil coolers, and other OEM components — making these adapters essential for any AN plumbing conversion.\n\nOur AN to ORB Adapters are manufactured to provide a perfect fit and seal when paired with ColorFittings AN fittings, which are specifically engineered for use with E85, ethanol-based fuels, and race fuels. The O-ring face seal design eliminates the need for thread sealant and provides a more reliable, vibration-resistant connection compared to NPT threads. When combined with our nylon or stainless steel braided hose, these adapters deliver reliable performance and clean routing for any high-performance plumbing system.\n\nFor best installation results, we strongly recommend using our AN Fitting Assembly Tools, which help prevent fitting damage and ensure proper hose and fitting alignment. Please reference our installation video and fitting guide for proper assembly techniques and torque recommendations.\n\nLooking to complete your system? Explore our full range of AN fittings, ORB adapters, braided hose, and fitting assembly tools.",https://colorfittings.com/wp-content/uploads/2026/04/ORB-Black-Fitting-Adapter-72.png,Black,CF-F2S-08-010-000-BL,ORB Adapters,True,"Target AN Size (-6, -8, -10)"
22.99,-16 AN to -16 AN ORB Adapter,"ColorFittings ORB Adapter Fittings are precision-engineered to connect AN flare fittings to O-Ring Boss (ORB) ports, providing a secure, leak-free solution for fuel, oil, coolant, power steering, and transmission plumbing systems. ORB ports are found on engine blocks, transmissions, power steering pumps, oil coolers, and other OEM components — making these adapters essential for any AN plumbing conversion.\n\nOur AN to ORB Adapters are manufactured to provide a perfect fit and seal when paired with ColorFittings AN fittings, which are specifically engineered for use with E85, ethanol-based fuels, and race fuels. The O-ring face seal design eliminates the need for thread sealant and provides a more reliable, vibration-resistant connection compared to NPT threads. When combined with our nylon or stainless steel braided hose, these adapters deliver reliable performance and clean routing for any high-performance plumbing system.\n\nFor best installation results, we strongly recommend using our AN Fitting Assembly Tools, which help prevent fitting damage and ensure proper hose and fitting alignment. Please reference our installation video and fitting guide for proper assembly techniques and torque recommendations.\n\nLooking to complete your system? Explore our full range of AN fittings, ORB adapters, braided hose, and fitting assembly tools.",https://colorfittings.com/wp-content/uploads/2026/04/ORB-Purple-Fitting-Adapter-28.png,Purple,CF-F2S-16-016-000-PU,ORB Adapters,True,"Target AN Size (-6, -8, -10)"
10.99,"10 AN to 1/2"" NPT Adapter","ColorFittings AN to NPT Adapter Fittings are precision-engineered to connect AN flare fittings to NPT ports, providing a secure, leak-free solution for fuel, oil, coolant, and power steering plumbing systems.\n\nOur AN to NPT Adapters are manufactured to provide a perfect fit and seal when paired with ColorFittings AN fittings, which are specifically engineered for use with E85, ethanol-based fuels, and race fuels. When combined with our nylon or stainless steel braided hose, these adapters deliver reliable performance and clean routing for any high-performance plumbing system.\n\nFor best installation results, we strongly recommend using our AN Fitting Assembly Tools, which help prevent fitting damage and ensure proper hose and fitting alignment. Please reference our installation video and fitting guide for proper assembly techniques and torque recommendations.\n\nLooking to complete your system? Explore our full range of AN fittings, NPT adapters, braided hose, and fitting assembly tools.",https://colorfittings.com/wp-content/uploads/2026/04/Flare-To-NPT-Adapter-Purple-23.png,Purple,CF-F2N-10-012-000-PU,Adapters and Unions,True,"Target AN Size (-6, -8, -10)"
10.99,"10 AN to 3/4"" NPT Adapter","ColorFittings AN to NPT Adapter Fittings are precision-engineered to connect AN flare fittings to NPT ports, providing a secure, leak-free solution for fuel, oil, coolant, and power steering plumbing systems.\n\nOur AN to NPT Adapters are manufactured to provide a perfect fit and seal when paired with ColorFittings AN fittings, which are specifically engineered for use with E85, ethanol-based fuels, and race fuels. When combined with our nylon or stainless steel braided hose, these adapters deliver reliable performance and clean routing for any high-performance plumbing system.\n\nFor best installation results, we strongly recommend using our AN Fitting Assembly Tools, which help prevent fitting damage and ensure proper hose and fitting alignment. Please reference our installation video and fitting guide for proper assembly techniques and torque recommendations.\n\nLooking to complete your system? Explore our full range of AN fittings, NPT adapters, braided hose, and fitting assembly tools.",https://colorfittings.com/wp-content/uploads/2026/04/Flare-To-NPT-Adapter-Purple-27.png,Purple,CF-F2N-10-034-000-PU,NPT Adapters,True,"Target AN Size (-6, -8, -10)"
10.99,"10 AN to 3/8"" NPT Adapter","ColorFittings AN to NPT Adapter Fittings are precision-engineered to connect AN flare fittings to NPT ports, providing a secure, leak-free solution for fuel, oil, coolant, and power steering plumbing systems.\n\nOur AN to NPT Adapters are manufactured to provide a perfect fit and seal when paired with ColorFittings AN fittings, which are specifically engineered for use with E85, ethanol-based fuels, and race fuels. When combined with our nylon or stainless steel braided hose, these adapters deliver reliable performance and clean routing for any high-performance plumbing system.\n\nFor best installation results, we strongly recommend using our AN Fitting Assembly Tools, which help prevent fitting damage and ensure proper hose and fitting alignment. Please reference our installation video and fitting guide for proper assembly techniques and torque recommendations.\n\nLooking to complete your system? Explore our full range of AN fittings, NPT adapters, braided hose, and fitting assembly tools.",https://colorfittings.com/wp-content/uploads/2026/04/Flare-To-NPT-Adapter-Purple-25.png,Purple,CF-F2N-10-038-000-PU,NPT Adapters,True,"Target AN Size (-6, -8, -10)"
7.99,"6 AN to 3/4"" NPT Adapter","ColorFittings AN to NPT Adapter Fittings are precision-engineered to connect AN flare fittings to NPT ports, providing a secure, leak-free solution for fuel, oil, coolant, and power steering plumbing systems.\n\nOur AN to NPT Adapters are manufactured to provide a perfect fit and seal when paired with ColorFittings AN fittings, which are specifically engineered for use with E85, ethanol-based fuels, and race fuels. When combined with our nylon or stainless steel braided hose, these adapters deliver reliable performance and clean routing for any high-performance plumbing system.\n\nFor best installation results, we strongly recommend using our AN Fitting Assembly Tools, which help prevent fitting damage and ensure proper hose and fitting alignment. Please reference our installation video and fitting guide for proper assembly techniques and torque recommendations.\n\nLooking to complete your system? Explore our full range of AN fittings, NPT adapters, braided hose, and fitting assembly tools.",https://colorfittings.com/wp-content/uploads/2026/04/Flare-To-NPT-Adapter-Purple-15.png,Purple,CF-F2N-06-034-000-PU,NPT Adapters,True,"Target AN Size (-6, -8, -10)"
7.99,"6 AN to 1/2"" NPT Adapter","ColorFittings AN to NPT Adapter Fittings are precision-engineered to connect AN flare fittings to NPT ports, providing a secure, leak-free solution for fuel, oil, coolant, and power steering plumbing systems.\n\nOur AN to NPT Adapters are manufactured to provide a perfect fit and seal when paired with ColorFittings AN fittings, which are specifically engineered for use with E85, ethanol-based fuels, and race fuels. When combined with our nylon or stainless steel braided hose, these adapters deliver reliable performance and clean routing for any high-performance plumbing system.\n\nFor best installation results, we strongly recommend using our AN Fitting Assembly Tools, which help prevent fitting damage and ensure proper hose and fitting alignment. Please reference our installation video and fitting guide for proper assembly techniques and torque recommendations.\n\nLooking to complete your system? Explore our full range of AN fittings, NPT adapters, braided hose, and fitting assembly tools.",https://colorfittings.com/wp-content/uploads/2026/04/Flare-To-NPT-Adapter-Purple-13.png,Purple,CF-F2N-06-012-000-PU,NPT Adapters,True,"Target AN Size (-6, -8, -10)"
7.99,"6 AN to 3/8"" NPT Adapter","ColorFittings AN to NPT Adapter Fittings are precision-engineered to connect AN flare fittings to NPT ports, providing a secure, leak-free solution for fuel, oil, coolant, and power steering plumbing systems.\n\nOur AN to NPT Adapters are manufactured to provide a perfect fit and seal when paired with ColorFittings AN fittings, which are specifically engineered for use with E85, ethanol-based fuels, and race fuels. When combined with our nylon or stainless steel braided hose, these adapters deliver reliable performance and clean routing for any high-performance plumbing system.\n\nFor best installation results, we strongly recommend using our AN Fitting Assembly Tools, which help prevent fitting damage and ensure proper hose and fitting alignment. Please reference our installation video and fitting guide for proper assembly techniques and torque recommendations.\n\nLooking to complete your system? Explore our full range of AN fittings, NPT adapters, braided hose, and fitting assembly tools.",https://colorfittings.com/wp-content/uploads/2026/04/Flare-To-NPT-Adapter-Purple-11.png,Purple,CF-F2N-06-038-000-PU,NPT Adapters,True,"Target AN Size (-6, -8, -10)"
7.99,"6 AN to 1/4"" NPT Adapter","ColorFittings AN to NPT Adapter Fittings are precision-engineered to connect AN flare fittings to NPT ports, providing a secure, leak-free solution for fuel, oil, coolant, and power steering plumbing systems.\n\nOur AN to NPT Adapters are manufactured to provide a perfect fit and seal when paired with ColorFittings AN fittings, which are specifically engineered for use with E85, ethanol-based fuels, and race fuels. When combined with our nylon or stainless steel braided hose, these adapters deliver reliable performance and clean routing for any high-performance plumbing system.\n\nFor best installation results, we strongly recommend using our AN Fitting Assembly Tools, which help prevent fitting damage and ensure proper hose and fitting alignment. Please reference our installation video and fitting guide for proper assembly techniques and torque recommendations.\n\nLooking to complete your system? Explore our full range of AN fittings, NPT adapters, braided hose, and fitting assembly tools.",https://colorfittings.com/wp-content/uploads/2026/02/Flare-To-NPT-Adapter-Purple.png,Purple,CF-F2N-06-014-000-PU,NPT Adapters,True,"Target AN Size (-6, -8, -10)"
7.99,"6 AN to 1/8"" NPT Adapter","ColorFittings AN to NPT Adapter Fittings are precision-engineered to connect AN flare fittings to NPT ports, providing a secure, leak-free solution for fuel, oil, coolant, and power steering plumbing systems.\n\nOur AN to NPT Adapters are manufactured to provide a perfect fit and seal when paired with ColorFittings AN fittings, which are specifically engineered for use with E85, ethanol-based fuels, and race fuels. When combined with our nylon or stainless steel braided hose, these adapters deliver reliable performance and clean routing for any high-performance plumbing system.\n\nFor best installation results, we strongly recommend using our AN Fitting Assembly Tools, which help prevent fitting damage and ensure proper hose and fitting alignment. Please reference our installation video and fitting guide for proper assembly techniques and torque recommendations.\n\nLooking to complete your system? Explore our full range of AN fittings, NPT adapters, braided hose, and fitting assembly tools.",https://colorfittings.com/wp-content/uploads/2026/04/Flare-To-NPT-Adapter-Purple-9.png,Purple,CF-F2N-06-018-000-PU,NPT Adapters,True,"Target AN Size (-6, -8, -10)"
71.5,16AN Braided Black Nylon Hose / Line (E85 + Race Fuel Safe) - 5ft roll,"Founded in 2008, ColorFittings is an industry leader in premium automotive, marine, and aviation plumbing products. \n\nWhether you’re a professional building a 6-second NHRA bracket car, a perfectionist designing the ultimate engine bay for a SEMA car, or an HPDE enthusiast looking to improve your oil temps, our products are designed for all flavors of motorsports.\n\nColorFittings Nylon and Stainless-steel Braided AN Hose is universally compatible. Common uses include motor oil, gas, E85, race-fuel, and coolant. For more detail about ColorFittings AN Hose, refer here.\n\nThe 16AN diameter Nylon &amp; Stainless-steel braided AN Hose operates at a 350PSI threshold, and boasts a 1400PSI burst threshold.\n\nFor a hassle-free installation process, we strongly recommend using our Fitting Assembly Tools. \n\nOur Nylon &amp; Stainless-steel braided AN Hose pairs excellently with our lightweight Hose Separators, which are available in unique gloss-finish colors. \n\nWant to learn more about how our products apply to your vehicle? Read our handy guide here.",https://colorfittings.com/wp-content/uploads/2019/10/AN-Fitting-Nylon-Braided-Hose-Black-lowrez.jpg,Black,CF-BNH-16-000-005-BL,Hose &amp; Line,True,"Target AN Size (-6, -8, -10)"
10.99,"10 AN to 1/2"" NPT Adapter","ColorFittings AN to NPT Adapter Fittings are precision-engineered to connect AN flare fittings to NPT ports, providing a secure, leak-free solution for fuel, oil, coolant, and power steering plumbing systems.\n\nOur AN to NPT Adapters are manufactured to provide a perfect fit and seal when paired with ColorFittings AN fittings, which are specifically engineered for use with E85, ethanol-based fuels, and race fuels. When combined with our nylon or stainless steel braided hose, these adapters deliver reliable performance and clean routing for any high-performance plumbing system.\n\nFor best installation results, we strongly recommend using our AN Fitting Assembly Tools, which help prevent fitting damage and ensure proper hose and fitting alignment. Please reference our installation video and fitting guide for proper assembly techniques and torque recommendations.\n\nLooking to complete your system? Explore our full range of AN fittings, NPT adapters, braided hose, and fitting assembly tools.",https://colorfittings.com/wp-content/uploads/2026/04/Flare-To-NPT-Adapter-Black-23.png,Black,CF-F2N-10-012-000-BL,Adapters and Unions,True,"Target AN Size (-6, -8, -10)"
83.0,8AN Braided Black Nylon Hose / Line (E85 + Race Fuel Safe) - 10ft roll,"Founded in 2008, ColorFittings is an industry leader in premium automotive, marine, and aviation plumbing products. \n\nWhether you’re a professional building a 6-second NHRA bracket car, a perfectionist designing the ultimate engine bay for a SEMA car, or an HPDE enthusiast looking to improve your oil temps, our products are designed for all flavors of motorsports.\n\nColorFittings Nylon and Stainless-steel Braided AN Hose is universally compatible. Common uses include motor oil, gas, E85, race-fuel, and coolant. For more detail about ColorFittings AN Hose, refer here.\n\nThe 8AN diameter Nylon &amp; Stainless-steel braided AN Hose operates at a 500PSI threshold, and boasts a 2000PSI burst threshold. \n\nFor a hassle-free installation process, we strongly recommend using our Fitting Assembly Tools. \n\nOur Nylon &amp; Stainless-steel braided AN Hose pairs excellently with our lightweight Hose Separators, which are available in unique gloss-finish colors. \n\nWant to learn more about how our products apply to your vehicle? Read our handy guide here.",https://colorfittings.com/wp-content/uploads/2019/10/AN-Fitting-Nylon-Braided-Hose-Black-lowrez.jpg,Black,CF-BNH-08-000-010-BL,Hose &amp; Line,True,"Target AN Size (-6, -8, -10)"
11.99,-10 AN to -10 AN ORB Adapter,"ColorFittings ORB Adapter Fittings are precision-engineered to connect AN flare fittings to O-Ring Boss (ORB) ports, providing a secure, leak-free solution for fuel, oil, coolant, power steering, and transmission plumbing systems. ORB ports are found on engine blocks, transmissions, power steering pumps, oil coolers, and other OEM components — making these adapters essential for any AN plumbing conversion.\n\nOur AN to ORB Adapters are manufactured to provide a perfect fit and seal when paired with ColorFittings AN fittings, which are specifically engineered for use with E85, ethanol-based fuels, and race fuels. The O-ring face seal design eliminates the need for thread sealant and provides a more reliable, vibration-resistant connection compared to NPT threads. When combined with our nylon or stainless steel braided hose, these adapters deliver reliable performance and clean routing for any high-performance plumbing system.\n\nFor best installation results, we strongly recommend using our AN Fitting Assembly Tools, which help prevent fitting damage and ensure proper hose and fitting alignment. Please reference our installation video and fitting guide for proper assembly techniques and torque recommendations.\n\nLooking to complete your system? Explore our full range of AN fittings, ORB adapters, braided hose, and fitting assembly tools.",https://colorfittings.com/wp-content/uploads/2026/04/ORB-Purple-Fitting-Adapter-30.png,Purple,CF-F2S-10-010-000-PU,ORB Adapters,True,"Target AN Size (-6, -8, -10)"
10.99,-8 AN to -10 AN ORB Adapter,"ColorFittings ORB Adapter Fittings are precision-engineered to connect AN flare fittings to O-Ring Boss (ORB) ports, providing a secure, leak-free solution for fuel, oil, coolant, power steering, and transmission plumbing systems. ORB ports are found on engine blocks, transmissions, power steering pumps, oil coolers, and other OEM components — making these adapters essential for any AN plumbing conversion.\n\nOur AN to ORB Adapters are manufactured to provide a perfect fit and seal when paired with ColorFittings AN fittings, which are specifically engineered for use with E85, ethanol-based fuels, and race fuels. The O-ring face seal design eliminates the need for thread sealant and provides a more reliable, vibration-resistant connection compared to NPT threads. When combined with our nylon or stainless steel braided hose, these adapters deliver reliable performance and clean routing for any high-performance plumbing system.\n\nFor best installation results, we strongly recommend using our AN Fitting Assembly Tools, which help prevent fitting damage and ensure proper hose and fitting alignment. Please reference our installation video and fitting guide for proper assembly techniques and torque recommendations.\n\nLooking to complete your system? Explore our full range of AN fittings, ORB adapters, braided hose, and fitting assembly tools.",https://colorfittings.com/wp-content/uploads/2026/04/ORB-Purple-Fitting-Adapter-32.png,Purple,CF-F2S-08-010-000-PU,ORB Adapters,True,"Target AN Size (-6, -8, -10)"
10.99,-6 AN to -10 AN ORB Adapter,"ColorFittings ORB Adapter Fittings are precision-engineered to connect AN flare fittings to O-Ring Boss (ORB) ports, providing a secure, leak-free solution for fuel, oil, coolant, power steering, and transmission plumbing systems. ORB ports are found on engine blocks, transmissions, power steering pumps, oil coolers, and other OEM components — making these adapters essential for any AN plumbing conversion.\n\nOur AN to ORB Adapters are manufactured to provide a perfect fit and seal when paired with ColorFittings AN fittings, which are specifically engineered for use with E85, ethanol-based fuels, and race fuels. The O-ring face seal design eliminates the need for thread sealant and provides a more reliable, vibration-resistant connection compared to NPT threads. When combined with our nylon or stainless steel braided hose, these adapters deliver reliable performance and clean routing for any high-performance plumbing system.\n\nFor best installation results, we strongly recommend using our AN Fitting Assembly Tools, which help prevent fitting damage and ensure proper hose and fitting alignment. Please reference our installation video and fitting guide for proper assembly techniques and torque recommendations.\n\nLooking to complete your system? Explore our full range of AN fittings, ORB adapters, braided hose, and fitting assembly tools.",https://colorfittings.com/wp-content/uploads/2026/04/ORB-Purple-Fitting-Adapter-34.png,Purple,CF-F2S-06-010-000-PU,ORB Adapters,True,"Target AN Size (-6, -8, -10)"
8.99,-6 AN to -8 AN ORB Adapter,"ColorFittings ORB Adapter Fittings are precision-engineered to connect AN flare fittings to O-Ring Boss (ORB) ports, providing a secure, leak-free solution for fuel, oil, coolant, power steering, and transmission plumbing systems. ORB ports are found on engine blocks, transmissions, power steering pumps, oil coolers, and other OEM components — making these adapters essential for any AN plumbing conversion.\n\nOur AN to ORB Adapters are manufactured to provide a perfect fit and seal when paired with ColorFittings AN fittings, which are specifically engineered for use with E85, ethanol-based fuels, and race fuels. The O-ring face seal design eliminates the need for thread sealant and provides a more reliable, vibration-resistant connection compared to NPT threads. When combined with our nylon or stainless steel braided hose, these adapters deliver reliable performance and clean routing for any high-performance plumbing system.\n\nFor best installation results, we strongly recommend using our AN Fitting Assembly Tools, which help prevent fitting damage and ensure proper hose and fitting alignment. Please reference our installation video and fitting guide for proper assembly techniques and torque recommendations.\n\nLooking to complete your system? Explore our full range of AN fittings, ORB adapters, braided hose, and fitting assembly tools.",https://colorfittings.com/wp-content/uploads/2026/04/ORB-Purple-Fitting-Adapter-36.png,Purple,CF-F2S-06-008-000-PU,ORB Adapters,True,"Target AN Size (-6, -8, -10)"
10.99,"EFI Connector AN6 to 3/8"" Quick Connect","This Adapter is available in the following colors: Purple, Black, Teal, Red, and Gold",https://colorfittings.com/wp-content/uploads/2018/06/AN-fitting-EFI-Quick-Connect-LS1-purple.png,Purple,CF-EFI-06-038-000-PU,EFI/LS-Connector/Quick-Connector,True,EFI/LS Adapter
10.99,"EFI Connector AN6 to 5/16"" Quick Connect","This Adapter is available in the following colors: Purple, Black, Teal, Red, and Gold",https://colorfittings.com/wp-content/uploads/2018/06/AN-fitting-EFI-Quick-Connect-LS1-purple.png,Purple,CF-EFI-06-516-000-PU,EFI/LS-Connector/Quick-Connector,True,EFI/LS Adapter
10.99,-6 AN to -10 AN ORB Adapter,"ColorFittings ORB Adapter Fittings are precision-engineered to connect AN flare fittings to O-Ring Boss (ORB) ports, providing a secure, leak-free solution for fuel, oil, coolant, power steering, and transmission plumbing systems. ORB ports are found on engine blocks, transmissions, power steering pumps, oil coolers, and other OEM components — making these adapters essential for any AN plumbing conversion.\n\nOur AN to ORB Adapters are manufactured to provide a perfect fit and seal when paired with ColorFittings AN fittings, which are specifically engineered for use with E85, ethanol-based fuels, and race fuels. The O-ring face seal design eliminates the need for thread sealant and provides a more reliable, vibration-resistant connection compared to NPT threads. When combined with our nylon or stainless steel braided hose, these adapters deliver reliable performance and clean routing for any high-performance plumbing system.\n\nFor best installation results, we strongly recommend using our AN Fitting Assembly Tools, which help prevent fitting damage and ensure proper hose and fitting alignment. Please reference our installation video and fitting guide for proper assembly techniques and torque recommendations.\n\nLooking to complete your system? Explore our full range of AN fittings, ORB adapters, braided hose, and fitting assembly tools.",https://colorfittings.com/wp-content/uploads/2026/04/ORB-Black-Fitting-Adapter-74.png,Black,CF-F2S-06-010-000-BL,ORB Adapters,True,"Target AN Size (-6, -8, -10)"
8.99,-6 AN to -8 AN ORB Adapter,"ColorFittings ORB Adapter Fittings are precision-engineered to connect AN flare fittings to O-Ring Boss (ORB) ports, providing a secure, leak-free solution for fuel, oil, coolant, power steering, and transmission plumbing systems. ORB ports are found on engine blocks, transmissions, power steering pumps, oil coolers, and other OEM components — making these adapters essential for any AN plumbing conversion.\n\nOur AN to ORB Adapters are manufactured to provide a perfect fit and seal when paired with ColorFittings AN fittings, which are specifically engineered for use with E85, ethanol-based fuels, and race fuels. The O-ring face seal design eliminates the need for thread sealant and provides a more reliable, vibration-resistant connection compared to NPT threads. When combined with our nylon or stainless steel braided hose, these adapters deliver reliable performance and clean routing for any high-performance plumbing system.\n\nFor best installation results, we strongly recommend using our AN Fitting Assembly Tools, which help prevent fitting damage and ensure proper hose and fitting alignment. Please reference our installation video and fitting guide for proper assembly techniques and torque recommendations.\n\nLooking to complete your system? Explore our full range of AN fittings, ORB adapters, braided hose, and fitting assembly tools.",https://colorfittings.com/wp-content/uploads/2026/04/ORB-Black-Fitting-Adapter-76.png,Black,CF-F2S-06-008-000-BL,ORB Adapters,True,"Target AN Size (-6, -8, -10)"
10.99,"EFI Connector AN6 to 3/8"" Quick Connect","This Adapter is available in the following colors: Purple, Black, Teal, Red, and Gold",https://colorfittings.com/wp-content/uploads/2018/06/AN-fitting-EFI-Quick-Connect-LS1-black.png,Black,CF-EFI-06-038-000-BL,EFI/LS-Connector/Quick-Connector,True,EFI/LS Adapter
10.99,"EFI Connector AN6 to 5/16"" Quick Connect","This Adapter is available in the following colors: Purple, Black, Teal, Red, and Gold",https://colorfittings.com/wp-content/uploads/2018/06/AN-fitting-EFI-Quick-Connect-LS1-black.png,Black,CF-EFI-06-516-000-BL,EFI/LS-Connector/Quick-Connector,True,EFI/LS Adapter
10.99,"EFI Connector AN6 to 5/16"" Quick Connect","This Adapter is available in the following colors: Purple, Black, Teal, Red, and Gold",https://colorfittings.com/wp-content/uploads/2018/06/Quick-Connect-EFI-SAE-Adapter-Push-On-Fitting-Teal.png,Teal,CF-EFI-06-516-000-TL,EFI/LS-Connector/Quick-Connector,True,EFI/LS Adapter
19.99,Honda CR125 Cylinder Head to 10 AN Flare Fitting,,https://colorfittings.com/wp-content/uploads/2018/06/AN-fitting-VQ35DE-PCV-adapter-purple.png,Purple,CF-F2S-10-016-001-PU,Specialty Fitting &amp; PCV Delete,True,"Target AN Size (-6, -8, -10)"
19.99,Honda CR125 Cylinder Head to 08 AN Flare Fitting,"This Adapter is available in the following colors: Purple, Black",https://colorfittings.com/wp-content/uploads/2018/06/AN-fitting-VQ35DE-PCV-adapter-purple.png,Purple,CF-F2S-08-016-001-PU,Adapters and Unions,True,"Target AN Size (-6, -8, -10)"
9.99,Honda 1.6L D/B OE Fuel rail to 06 AN Flare Fitting,,https://colorfittings.com/wp-content/uploads/2018/06/colorfittings-an-fitting_metric_large_reducer_black.png,Black,CF-F2S-06-012-125-BL,Specialty Fitting &amp; PCV Delete,True,"Target AN Size (-6, -8, -10)"
17.99,-10 AN 90 Degree Female Push-Loc Fitting,"Founded in 2008, ColorFittings is an industry leader in premium automotive, marine, and aviation plumbing products. \n\nWhether you’re a professional building a 6-second NHRA bracket car, a perfectionist designing the ultimate engine bay for a SEMA car, or an HPDE enthusiast looking to improve your oil temps, our products are designed for all flavors of motorsports. \n\nColorFittings products are carefully machined from 6061-T6 Billet Aluminum and finished with our proprietary polish and anodizing process. \n\nAvailable in unique gloss-finish colors, Push-Loc AN Fittings are designed specifically for use with high-quality Push-Loc hose, and to accept a male AN Flare Fitting.\n\nWant to learn more about how our products apply to your vehicle? Read our handy guide here.",https://colorfittings.com/wp-content/uploads/2024/08/Hose-Barb-AN-push-lock-fitting-90-purple.png,Purple,CF-PLF-10-090-000-PU,Push-Loc Hose Ends,True,"Target AN Size (-6, -8, -10)"
15.99,-10 AN Straight Female Push-Loc Fitting,"Founded in 2008, ColorFittings is an industry leader in premium automotive, marine, and aviation plumbing products. \n\nWhether you’re a professional building a 6-second NHRA bracket car, a perfectionist designing the ultimate engine bay for a SEMA car, or an HPDE enthusiast looking to improve your oil temps, our products are designed for all flavors of motorsports. \n\nColorFittings products are carefully machined from 6061-T6 Billet Aluminum and finished with our proprietary polish and anodizing process. \n\nAvailable in unique gloss-finish colors, Push-Loc AN Fittings are designed specifically for use with high-quality Push-Loc hose, and to accept a male AN Flare Fitting.\n\nWant to learn more about how our products apply to your vehicle? Read our handy guide here.",https://colorfittings.com/wp-content/uploads/2024/08/Hose-Barb-AN-push-lock-fitting-purple.png,Purple,CF-PLF-10-000-000-PU,Push-Loc Hose Ends,True,"Target AN Size (-6, -8, -10)"
12.99,-6 AN 90 Degree Female Push-Loc Fitting,"ColorFittings Push-Loc Hose End Fittings are precision CNC-machined for secure, clamp-free connections in low- to medium-pressure fuel, oil, coolant, PCV, vacuum, and air systems. Designed specifically for Push-Loc (barbed) hose, these fittings provide a tight, leak-resistant seal without the need for hose clamps in most applications, making them ideal for clean, efficient engine bay plumbing.\n\nManufactured from aerospace-grade 6061-T6 billet aluminum and finished with ColorFittings’ proprietary polishing and anodizing process, our Push-Loc fittings deliver superior strength, corrosion resistance, and long-term durability. The multi-barb design ensures maximum hose retention while maintaining smooth flow characteristics for consistent performance.\n\nCompatible with fuel (including E85 and ethanol blends), oil, coolant, and air systems, these Push-Loc hose ends are perfect for street performance, racing, off-road, marine, and custom fabrication projects where flexibility and ease of installation are key.\n\nLooking to complete your system? Explore our full range of Push-Loc Fittings, Push-Loc Hose, and Fitting Assembly Tools.",https://colorfittings.com/wp-content/uploads/2025/02/Hose-Barb-AN-push-lock-fitting-90-purple-new.png,Purple,CF-PLF-06-090-000-PU,Push-Loc Hose Ends,True,"Target AN Size (-6, -8, -10)"
9.99,-06 AN Straight Female Push-Loc Fitting,"Founded in 2008, ColorFittings is an industry leader in premium automotive, marine, and aviation plumbing products. \n\nWhether you’re a professional building a 6-second NHRA bracket car, a perfectionist designing the ultimate engine bay for a SEMA car, or an HPDE enthusiast looking to improve your oil temps, our products are designed for all flavors of motorsports. \n\nColorFittings products are carefully machined from 6061-T6 Billet Aluminum and finished with our proprietary polish and anodizing process. \n\nAvailable in unique gloss-finish colors, Push-Loc AN Fittings are designed specifically for use with high-quality Push-Loc hose, and to accept a male AN Flare Fitting.\n\nWant to learn more about how our products apply to your vehicle? Read our handy guide here.",https://colorfittings.com/wp-content/uploads/2024/08/Hose-Barb-AN-push-lock-fitting-purple.png,Purple,CF-PLF-06-000-000-PU,Push-Loc Hose Ends,True,"Target AN Size (-6, -8, -10)"
6.99,-10 AN Hex/Worm-Clamp Hose Finisher,"ColorFittings Worm Clamp Hose End Finishers are designed to transform ordinary worm gear hose clamps into a clean, show-quality detail for your engine bay. Perfect for coolant, vacuum, intercooler, breather, and other rubber hose applications, these finishers provide a sleek, professional appearance while concealing the industrial look of standard hose clamps.\nPrecision CNC-machined from 6061-T6 billet aluminum and finished with ColorFittings’ proprietary anodizing process, these one-piece beauty covers offer exceptional durability, corrosion resistance, and long-lasting color retention. Whether you’re building a race car, show car, or street vehicle, they add the finishing touch that elevates your plumbing and engine bay presentation.\nLooking to complete your system? Explore our full range of AN fittings, braided hose, andfitting assembly tools.",https://colorfittings.com/wp-content/uploads/2018/06/Purple-WormClamp.png,Purple,CF-WCF-10-000-000-PU,Hex / Worm-Clamp Hose Finishers Ends,True,"Target AN Size (-6, -8, -10)"
6.99,-8 AN Hex/Worm-Clamp Hose Finisher,"ColorFittings Worm Clamp Hose End Finishers are designed to transform ordinary worm gear hose clamps into a clean, show-quality detail for your engine bay. Perfect for coolant, vacuum, intercooler, breather, and other rubber hose applications, these finishers provide a sleek, professional appearance while concealing the industrial look of standard hose clamps.\nPrecision CNC-machined from 6061-T6 billet aluminum and finished with ColorFittings’ proprietary anodizing process, these one-piece beauty covers offer exceptional durability, corrosion resistance, and long-lasting color retention. Whether you’re building a race car, show car, or street vehicle, they add the finishing touch that elevates your plumbing and engine bay presentation.\nLooking to complete your system? Explore our full range of AN fittings, braided hose, andfitting assembly tools.",https://colorfittings.com/wp-content/uploads/2018/06/Purple-WormClamp.png,Purple,CF-WCF-08-000-000-PU,Hex / Worm-Clamp Hose Finishers Ends,True,"Target AN Size (-6, -8, -10)"
6.99,-6 AN Hex/Worm-Clamp Hose Finisher,"ColorFittings Worm Clamp Hose End Finishers are designed to transform ordinary worm gear hose clamps into a clean, show-quality detail for your engine bay. Perfect for coolant, vacuum, intercooler, breather, and other rubber hose applications, these finishers provide a sleek, professional appearance while concealing the industrial look of standard hose clamps.\nPrecision CNC-machined from 6061-T6 billet aluminum and finished with ColorFittings’ proprietary anodizing process, these one-piece beauty covers offer exceptional durability, corrosion resistance, and long-lasting color retention. Whether you’re building a race car, show car, or street vehicle, they add the finishing touch that elevates your plumbing and engine bay presentation.\nLooking to complete your system? Explore our full range of AN fittings, braided hose, andfitting assembly tools.",https://colorfittings.com/wp-content/uploads/2018/06/Purple-WormClamp.png,Purple,CF-WCF-06-000-000-PU,Hex / Worm-Clamp Hose Finishers Ends,True,"Target AN Size (-6, -8, -10)"
9.99,-4 AN to -6 AN Fitting Male to Male Reducer Union,"ColorFittings AN Male to Male Flare Reducer Unions are precision CNC-machined to connect two female AN fittings while maintaining a secure, leak-free 37-degree flare seal. Designed for fuel, oil, coolant, transmission, brake, and power steering systems, these unions provide a reliable straight-through connection for custom plumbing and high-performance fluid transfer applications.\nManufactured from aerospace-grade 6061-T6 billet aluminum and finished with ColorFittings' proprietary polishing and anodizing process, these fittings deliver exceptional strength, corrosion resistance, and long-term durability. Compatible with E85, ethanol-based fuels, race fuel, pump gas, diesel, oil, coolant, transmission fluid, hydraulic fluid, and air systems, they are built to perform in demanding street, racing, off-road, marine, and motorsport environments.\nLooking to complete your system? Explore our full range of AN fittings, adapters, braided hose, and fitting assembly tools.",https://colorfittings.com/wp-content/uploads/2018/06/AN-flare-fitting-reducer-union-adapter-purple-1.png,Purple,CF-F2F-04-006-000-PU,Adapters and Unions,True,"Target AN Size (-6, -8, -10)"
29.99,-06 AN Fitting Y Block Union,This AN Fitting is available in the following colors: Purple and Black,https://colorfittings.com/wp-content/uploads/2018/06/cf-an-y-block-union-fitting-purple.png,Purple,CF-YBU-06-006-006-PU,Adapters and Unions,True,"Target AN Size (-6, -8, -10)"
25.59,-8 AN 45 Degree Female Aluminum Hose End Fitting,"ColorFittings Standard AN Hose Ends are precision-engineered for high-pressure fuel, oil, coolant, brake, clutch, and power steering applications. Designed for use with nylon or stainless steel braided hose, these AN fittings provide a secure, leak-free 37-degree flare seal for street performance, racing, marine, and motorsport plumbing systems.\n\nEach hose end is CNC-machined from aerospace-grade 6061-T6 billet aluminum and finished with ColorFittings' proprietary polishing and anodizing process for superior strength, corrosion resistance, and long-term durability. Compatible with E85, ethanol, race fuel, pump gas, oil, coolant, brake fluid, transmission fluid, and hydraulic systems, these fittings are built to handle high-pressure, high-temperature environments.\n\nLooking to complete your setup? Check out our full range of Standard Hose, Hose Separators, and AN Fitting Assembly Tools.",https://colorfittings.com/wp-content/uploads/2026/04/Teal-45-Degree-Female-Hose-End.png,Teal,CF-FHE-08-045-000-TL,Hose Fittings,True,"Target AN Size (-6, -8, -10)"
18.96,-8 AN Straight Female Aluminum Hose End Fitting,"ColorFittings Standard AN Hose Ends are precision-engineered for high-pressure fuel, oil, coolant, brake, clutch, and power steering applications. Designed for use with nylon or stainless steel braided hose, these AN fittings provide a secure, leak-free 37-degree flare seal for street performance, racing, marine, and motorsport plumbing systems.\n\nEach hose end is CNC-machined from aerospace-grade 6061-T6 billet aluminum and finished with ColorFittings' proprietary polishing and anodizing process for superior strength, corrosion resistance, and long-term durability. Compatible with E85, ethanol, race fuel, pump gas, oil, coolant, brake fluid, transmission fluid, and hydraulic systems, these fittings are built to handle high-pressure, high-temperature environments.\n\nLooking to complete your setup? Check out our full range of Standard Hose, Hose Separators, and AN Fitting Assembly Tools.",https://colorfittings.com/wp-content/uploads/2026/04/Teal-Straight-Female-Hose-End.png,Teal,CF-FHE-08-000-000-TL,Hose Fittings,True,"Target AN Size (-6, -8, -10)"
25.59,-8 AN 45 Degree Female Aluminum Hose End Fitting,"ColorFittings Standard AN Hose Ends are precision-engineered for high-pressure fuel, oil, coolant, brake, clutch, and power steering applications. Designed for use with nylon or stainless steel braided hose, these AN fittings provide a secure, leak-free 37-degree flare seal for street performance, racing, marine, and motorsport plumbing systems.\n\nEach hose end is CNC-machined from aerospace-grade 6061-T6 billet aluminum and finished with ColorFittings' proprietary polishing and anodizing process for superior strength, corrosion resistance, and long-term durability. Compatible with E85, ethanol, race fuel, pump gas, oil, coolant, brake fluid, transmission fluid, and hydraulic systems, these fittings are built to handle high-pressure, high-temperature environments.\n\nLooking to complete your setup? Check out our full range of Standard Hose, Hose Separators, and AN Fitting Assembly Tools.",https://colorfittings.com/wp-content/uploads/2026/04/Purple-45-Degree-Female-Hose-End.png,Purple,CF-FHE-08-045-000-PU,Hose Fittings,True,"Target AN Size (-6, -8, -10)"
18.96,-8 AN Straight Female Aluminum Hose End Fitting,"ColorFittings Standard AN Hose Ends are precision-engineered for high-pressure fuel, oil, coolant, brake, clutch, and power steering applications. Designed for use with nylon or stainless steel braided hose, these AN fittings provide a secure, leak-free 37-degree flare seal for street performance, racing, marine, and motorsport plumbing systems.\n\nEach hose end is CNC-machined from aerospace-grade 6061-T6 billet aluminum and finished with ColorFittings' proprietary polishing and anodizing process for superior strength, corrosion resistance, and long-term durability. Compatible with E85, ethanol, race fuel, pump gas, oil, coolant, brake fluid, transmission fluid, and hydraulic systems, these fittings are built to handle high-pressure, high-temperature environments.\n\nLooking to complete your setup? Check out our full range of Standard Hose, Hose Separators, and AN Fitting Assembly Tools.",https://colorfittings.com/wp-content/uploads/2026/04/Purple-Straight-Female-Hose-End.png,Purple,CF-FHE-08-000-000-PU,Hose Fittings,True,"Target AN Size (-6, -8, -10)"
23.69,-6 AN 180 Degree Female Aluminum Hose End Fitting,"ColorFittings Standard AN Hose Ends are precision-engineered for high-pressure fuel, oil, coolant, brake, clutch, and power steering applications. Designed for use with nylon or stainless steel braided hose, these AN fittings provide a secure, leak-free 37-degree flare seal for street performance, racing, marine, and motorsport plumbing systems.\n\nEach hose end is CNC-machined from aerospace-grade 6061-T6 billet aluminum and finished with ColorFittings' proprietary polishing and anodizing process for superior strength, corrosion resistance, and long-term durability. Compatible with E85, ethanol, race fuel, pump gas, oil, coolant, brake fluid, transmission fluid, and hydraulic systems, these fittings are built to handle high-pressure, high-temperature environments.\n\nLooking to complete your setup? Check out our full range of Standard Hose, Hose Separators, and AN Fitting Assembly Tools.",https://colorfittings.com/wp-content/uploads/2026/04/Purple-180-Degree-Female-Hose-End.png,Purple,CF-FHE-06-180-000-PU,Hose Fittings,True,"Target AN Size (-6, -8, -10)"
19.69,-6 AN 90 Degree Female Aluminum Hose End Fitting,"ColorFittings Standard AN Hose Ends are precision-engineered for high-pressure fuel, oil, coolant, brake, clutch, and power steering applications. Designed for use with nylon or stainless steel braided hose, these AN fittings provide a secure, leak-free 37-degree flare seal for street performance, racing, marine, and motorsport plumbing systems.\n\nEach hose end is CNC-machined from aerospace-grade 6061-T6 billet aluminum and finished with ColorFittings' proprietary polishing and anodizing process for superior strength, corrosion resistance, and long-term durability. Compatible with E85, ethanol, race fuel, pump gas, oil, coolant, brake fluid, transmission fluid, and hydraulic systems, these fittings are built to handle high-pressure, high-temperature environments.\n\nLooking to complete your setup? Check out our full range of Standard Hose, Hose Separators, and AN Fitting Assembly Tools.",https://colorfittings.com/wp-content/uploads/2026/04/Purple-90-Degree-Female-Hose-End.png,Purple,CF-FHE-06-090-000-PU,Hose Fittings,True,"Target AN Size (-6, -8, -10)"
19.69,-6 AN 45 Degree Female Aluminum Hose End Fitting,"ColorFittings Standard AN Hose Ends are precision-engineered for high-pressure fuel, oil, coolant, brake, clutch, and power steering applications. Designed for use with nylon or stainless steel braided hose, these AN fittings provide a secure, leak-free 37-degree flare seal for street performance, racing, marine, and motorsport plumbing systems.\n\nEach hose end is CNC-machined from aerospace-grade 6061-T6 billet aluminum and finished with ColorFittings' proprietary polishing and anodizing process for superior strength, corrosion resistance, and long-term durability. Compatible with E85, ethanol, race fuel, pump gas, oil, coolant, brake fluid, transmission fluid, and hydraulic systems, these fittings are built to handle high-pressure, high-temperature environments.\n\nLooking to complete your setup? Check out our full range of Standard Hose, Hose Separators, and AN Fitting Assembly Tools.",https://colorfittings.com/wp-content/uploads/2026/04/Purple-45-Degree-Female-Hose-End.png,Purple,CF-FHE-06-045-000-PU,Hose Fittings,True,"Target AN Size (-6, -8, -10)"
15.78,-6 AN Straight Female Aluminum Hose End Fitting,"ColorFittings Standard AN Hose Ends are precision-engineered for high-pressure fuel, oil, coolant, brake, clutch, and power steering applications. Designed for use with nylon or stainless steel braided hose, these AN fittings provide a secure, leak-free 37-degree flare seal for street performance, racing, marine, and motorsport plumbing systems.\n\nEach hose end is CNC-machined from aerospace-grade 6061-T6 billet aluminum and finished with ColorFittings' proprietary polishing and anodizing process for superior strength, corrosion resistance, and long-term durability. Compatible with E85, ethanol, race fuel, pump gas, oil, coolant, brake fluid, transmission fluid, and hydraulic systems, these fittings are built to handle high-pressure, high-temperature environments.\n\nLooking to complete your setup? Check out our full range of Standard Hose, Hose Separators, and AN Fitting Assembly Tools.",https://colorfittings.com/wp-content/uploads/2026/04/Purple-Straight-Female-Hose-End.png,Purple,CF-FHE-06-000-000-PU,Hose Fittings,True,"Target AN Size (-6, -8, -10)"
25.59,-8 AN 45 Degree Female Aluminum Hose End Fitting,"ColorFittings Standard AN Hose Ends are precision-engineered for high-pressure fuel, oil, coolant, brake, clutch, and power steering applications. Designed for use with nylon or stainless steel braided hose, these AN fittings provide a secure, leak-free 37-degree flare seal for street performance, racing, marine, and motorsport plumbing systems.\n\nEach hose end is CNC-machined from aerospace-grade 6061-T6 billet aluminum and finished with ColorFittings' proprietary polishing and anodizing process for superior strength, corrosion resistance, and long-term durability. Compatible with E85, ethanol, race fuel, pump gas, oil, coolant, brake fluid, transmission fluid, and hydraulic systems, these fittings are built to handle high-pressure, high-temperature environments.\n\nLooking to complete your setup? Check out our full range of Standard Hose, Hose Separators, and AN Fitting Assembly Tools.",https://colorfittings.com/wp-content/uploads/2026/04/Black-45-Degree-Female-Hose-End.png,Black,CF-FHE-08-045-000-BL,Hose Fittings,True,"Target AN Size (-6, -8, -10)"
18.96,-8 AN Straight Female Aluminum Hose End Fitting,"ColorFittings Standard AN Hose Ends are precision-engineered for high-pressure fuel, oil, coolant, brake, clutch, and power steering applications. Designed for use with nylon or stainless steel braided hose, these AN fittings provide a secure, leak-free 37-degree flare seal for street performance, racing, marine, and motorsport plumbing systems.\n\nEach hose end is CNC-machined from aerospace-grade 6061-T6 billet aluminum and finished with ColorFittings' proprietary polishing and anodizing process for superior strength, corrosion resistance, and long-term durability. Compatible with E85, ethanol, race fuel, pump gas, oil, coolant, brake fluid, transmission fluid, and hydraulic systems, these fittings are built to handle high-pressure, high-temperature environments.\n\nLooking to complete your setup? Check out our full range of Standard Hose, Hose Separators, and AN Fitting Assembly Tools.",https://colorfittings.com/wp-content/uploads/2026/04/Black-Straight-Female-Hose-End.png,Black,CF-FHE-08-000-000-BL,Hose Fittings,True,"Target AN Size (-6, -8, -10)"
23.69,-6 AN 180 Degree Female Aluminum Hose End Fitting,"ColorFittings Standard AN Hose Ends are precision-engineered for high-pressure fuel, oil, coolant, brake, clutch, and power steering applications. Designed for use with nylon or stainless steel braided hose, these AN fittings provide a secure, leak-free 37-degree flare seal for street performance, racing, marine, and motorsport plumbing systems.\n\nEach hose end is CNC-machined from aerospace-grade 6061-T6 billet aluminum and finished with ColorFittings' proprietary polishing and anodizing process for superior strength, corrosion resistance, and long-term durability. Compatible with E85, ethanol, race fuel, pump gas, oil, coolant, brake fluid, transmission fluid, and hydraulic systems, these fittings are built to handle high-pressure, high-temperature environments.\n\nLooking to complete your setup? Check out our full range of Standard Hose, Hose Separators, and AN Fitting Assembly Tools.",https://colorfittings.com/wp-content/uploads/2026/04/Black-180-Degree-Female-Hose-End.png,Black,CF-FHE-06-180-000-BL,Hose Fittings,True,"Target AN Size (-6, -8, -10)"
19.69,-6 AN 90 Degree Female Aluminum Hose End Fitting,"ColorFittings Standard AN Hose Ends are precision-engineered for high-pressure fuel, oil, coolant, brake, clutch, and power steering applications. Designed for use with nylon or stainless steel braided hose, these AN fittings provide a secure, leak-free 37-degree flare seal for street performance, racing, marine, and motorsport plumbing systems.\n\nEach hose end is CNC-machined from aerospace-grade 6061-T6 billet aluminum and finished with ColorFittings' proprietary polishing and anodizing process for superior strength, corrosion resistance, and long-term durability. Compatible with E85, ethanol, race fuel, pump gas, oil, coolant, brake fluid, transmission fluid, and hydraulic systems, these fittings are built to handle high-pressure, high-temperature environments.\n\nLooking to complete your setup? Check out our full range of Standard Hose, Hose Separators, and AN Fitting Assembly Tools.",https://colorfittings.com/wp-content/uploads/2026/04/Black-90-Degree-Female-Hose-End.png,Black,CF-FHE-06-090-000-BL,Hose Fittings,True,"Target AN Size (-6, -8, -10)"
19.69,-6 AN 45 Degree Female Aluminum Hose End Fitting,"ColorFittings Standard AN Hose Ends are precision-engineered for high-pressure fuel, oil, coolant, brake, clutch, and power steering applications. Designed for use with nylon or stainless steel braided hose, these AN fittings provide a secure, leak-free 37-degree flare seal for street performance, racing, marine, and motorsport plumbing systems.\n\nEach hose end is CNC-machined from aerospace-grade 6061-T6 billet aluminum and finished with ColorFittings' proprietary polishing and anodizing process for superior strength, corrosion resistance, and long-term durability. Compatible with E85, ethanol, race fuel, pump gas, oil, coolant, brake fluid, transmission fluid, and hydraulic systems, these fittings are built to handle high-pressure, high-temperature environments.\n\nLooking to complete your setup? Check out our full range of Standard Hose, Hose Separators, and AN Fitting Assembly Tools.",https://colorfittings.com/wp-content/uploads/2026/04/Black-45-Degree-Female-Hose-End.png,Black,CF-FHE-06-045-000-BL,Hose Fittings,True,"Target AN Size (-6, -8, -10)"
15.78,-6 AN Straight Female Aluminum Hose End Fitting,"ColorFittings Standard AN Hose Ends are precision-engineered for high-pressure fuel, oil, coolant, brake, clutch, and power steering applications. Designed for use with nylon or stainless steel braided hose, these AN fittings provide a secure, leak-free 37-degree flare seal for street performance, racing, marine, and motorsport plumbing systems.\n\nEach hose end is CNC-machined from aerospace-grade 6061-T6 billet aluminum and finished with ColorFittings' proprietary polishing and anodizing process for superior strength, corrosion resistance, and long-term durability. Compatible with E85, ethanol, race fuel, pump gas, oil, coolant, brake fluid, transmission fluid, and hydraulic systems, these fittings are built to handle high-pressure, high-temperature environments.\n\nLooking to complete your setup? Check out our full range of Standard Hose, Hose Separators, and AN Fitting Assembly Tools.",https://colorfittings.com/wp-content/uploads/2026/04/Black-Straight-Female-Hose-End.png,Black,CF-FHE-06-000-000-BL,Hose Fittings,True,"Target AN Size (-6, -8, -10)"
19.69,-6 AN 90 Degree Female Aluminum Hose End Fitting,"ColorFittings Standard AN Hose Ends are precision-engineered for high-pressure fuel, oil, coolant, brake, clutch, and power steering applications. Designed for use with nylon or stainless steel braided hose, these AN fittings provide a secure, leak-free 37-degree flare seal for street performance, racing, marine, and motorsport plumbing systems.\n\nEach hose end is CNC-machined from aerospace-grade 6061-T6 billet aluminum and finished with ColorFittings' proprietary polishing and anodizing process for superior strength, corrosion resistance, and long-term durability. Compatible with E85, ethanol, race fuel, pump gas, oil, coolant, brake fluid, transmission fluid, and hydraulic systems, these fittings are built to handle high-pressure, high-temperature environments.\n\nLooking to complete your setup? Check out our full range of Standard Hose, Hose Separators, and AN Fitting Assembly Tools.",https://colorfittings.com/wp-content/uploads/2026/04/Teal-90-Degree-Female-Hose-End.png,Teal,CF-FHE-06-090-000-TL,Hose Fittings,True,"Target AN Size (-6, -8, -10)"
19.69,-6 AN 45 Degree Female Aluminum Hose End Fitting,"ColorFittings Standard AN Hose Ends are precision-engineered for high-pressure fuel, oil, coolant, brake, clutch, and power steering applications. Designed for use with nylon or stainless steel braided hose, these AN fittings provide a secure, leak-free 37-degree flare seal for street performance, racing, marine, and motorsport plumbing systems.\n\nEach hose end is CNC-machined from aerospace-grade 6061-T6 billet aluminum and finished with ColorFittings' proprietary polishing and anodizing process for superior strength, corrosion resistance, and long-term durability. Compatible with E85, ethanol, race fuel, pump gas, oil, coolant, brake fluid, transmission fluid, and hydraulic systems, these fittings are built to handle high-pressure, high-temperature environments.\n\nLooking to complete your setup? Check out our full range of Standard Hose, Hose Separators, and AN Fitting Assembly Tools.",https://colorfittings.com/wp-content/uploads/2026/04/Teal-45-Degree-Female-Hose-End.png,Teal,CF-FHE-06-045-000-TL,Hose Fittings,True,"Target AN Size (-6, -8, -10)"
15.78,-6 AN Straight Female Aluminum Hose End Fitting,"ColorFittings Standard AN Hose Ends are precision-engineered for high-pressure fuel, oil, coolant, brake, clutch, and power steering applications. Designed for use with nylon or stainless steel braided hose, these AN fittings provide a secure, leak-free 37-degree flare seal for street performance, racing, marine, and motorsport plumbing systems.\n\nEach hose end is CNC-machined from aerospace-grade 6061-T6 billet aluminum and finished with ColorFittings' proprietary polishing and anodizing process for superior strength, corrosion resistance, and long-term durability. Compatible with E85, ethanol, race fuel, pump gas, oil, coolant, brake fluid, transmission fluid, and hydraulic systems, these fittings are built to handle high-pressure, high-temperature environments.\n\nLooking to complete your setup? Check out our full range of Standard Hose, Hose Separators, and AN Fitting Assembly Tools.",https://colorfittings.com/wp-content/uploads/2026/04/Teal-Straight-Female-Hose-End.png,Teal,CF-FHE-06-000-000-TL,Hose Fittings,True,"Target AN Size (-6, -8, -10)"
9.99,-4 AN to -6 AN Fitting Male to Male Reducer Union,"ColorFittings AN Male to Male Flare Reducer Unions are precision CNC-machined to connect two female AN fittings while maintaining a secure, leak-free 37-degree flare seal. Designed for fuel, oil, coolant, transmission, brake, and power steering systems, these unions provide a reliable straight-through connection for custom plumbing and high-performance fluid transfer applications.\nManufactured from aerospace-grade 6061-T6 billet aluminum and finished with ColorFittings' proprietary polishing and anodizing process, these fittings deliver exceptional strength, corrosion resistance, and long-term durability. Compatible with E85, ethanol-based fuels, race fuel, pump gas, diesel, oil, coolant, transmission fluid, hydraulic fluid, and air systems, they are built to perform in demanding street, racing, off-road, marine, and motorsport environments.\nLooking to complete your system? Explore our full range of AN fittings, adapters, braided hose, and fitting assembly tools.",https://colorfittings.com/wp-content/uploads/2018/06/AN-flare-fitting-reducer-union-adapter-black-2.png,Black,CF-F2F-04-006-000-BL,Adapters and Unions,True,"Target AN Size (-6, -8, -10)"
29.99,-06 AN Fitting Y Block Union,This AN Fitting is available in the following colors: Purple and Black,https://colorfittings.com/wp-content/uploads/2018/06/cf-an-y-block-union-fitting-black-2.png,Black,CF-YBU-06-006-006-BL,Adapters and Unions,True,"Target AN Size (-6, -8, -10)"
9.99,-6 AN to -6 AN Fitting Male to Male Flare Union,"ColorFittings AN Male to Male Flare Unions are precision CNC-machined to connect two female AN fittings while maintaining a secure, leak-free 37-degree flare seal. Designed for fuel, oil, coolant, transmission, brake, and power steering systems, these unions provide a reliable straight-through connection for custom plumbing and high-performance fluid transfer applications.\nManufactured from aerospace-grade 6061-T6 billet aluminum and finished with ColorFittings' proprietary polishing and anodizing process, these fittings deliver exceptional strength, corrosion resistance, and long-term durability. Compatible with E85, ethanol-based fuels, race fuel, pump gas, diesel, oil, coolant, transmission fluid, hydraulic fluid, and air systems, they are built to perform in demanding street, racing, off-road, marine, and motorsport environments.\nLooking to complete your system? Explore our full range of AN fittings, adapters, braided hose, and fitting assembly tools.",https://colorfittings.com/wp-content/uploads/2022/10/AN-flare-fitting-union-adapter-black.png,Black,CF-F2F-06-006-000-BL,Adapters and Unions,True,"Target AN Size (-6, -8, -10)"
42.86,-16 AN 90 Degree Female Aluminum Hose End Fitting,"ColorFittings Standard AN Hose Ends are precision-engineered for high-pressure fuel, oil, coolant, brake, clutch, and power steering applications. Designed for use with nylon or stainless steel braided hose, these AN fittings provide a secure, leak-free 37-degree flare seal for street performance, racing, marine, and motorsport plumbing systems.\n\nEach hose end is CNC-machined from aerospace-grade 6061-T6 billet aluminum and finished with ColorFittings' proprietary polishing and anodizing process for superior strength, corrosion resistance, and long-term durability. Compatible with E85, ethanol, race fuel, pump gas, oil, coolant, brake fluid, transmission fluid, and hydraulic systems, these fittings are built to handle high-pressure, high-temperature environments.\n\nLooking to complete your setup? Check out our full range of Standard Hose, Hose Separators, and AN Fitting Assembly Tools.",https://colorfittings.com/wp-content/uploads/2026/04/Teal-90-Degree-Female-Hose-End.png,Teal,CF-FHE-16-090-000-TL,Hose Fittings,True,"Target AN Size (-6, -8, -10)"
42.86,-16 AN 90 Degree Female Aluminum Hose End Fitting,"ColorFittings Standard AN Hose Ends are precision-engineered for high-pressure fuel, oil, coolant, brake, clutch, and power steering applications. Designed for use with nylon or stainless steel braided hose, these AN fittings provide a secure, leak-free 37-degree flare seal for street performance, racing, marine, and motorsport plumbing systems.\n\nEach hose end is CNC-machined from aerospace-grade 6061-T6 billet aluminum and finished with ColorFittings' proprietary polishing and anodizing process for superior strength, corrosion resistance, and long-term durability. Compatible with E85, ethanol, race fuel, pump gas, oil, coolant, brake fluid, transmission fluid, and hydraulic systems, these fittings are built to handle high-pressure, high-temperature environments.\n\nLooking to complete your setup? Check out our full range of Standard Hose, Hose Separators, and AN Fitting Assembly Tools.",https://colorfittings.com/wp-content/uploads/2026/04/Black-90-Degree-Female-Hose-End.png,Black,CF-FHE-16-090-000-BL,Hose Fittings,True,"Target AN Size (-6, -8, -10)"
42.86,-16 AN 90 Degree Female Aluminum Hose End Fitting,"ColorFittings Standard AN Hose Ends are precision-engineered for high-pressure fuel, oil, coolant, brake, clutch, and power steering applications. Designed for use with nylon or stainless steel braided hose, these AN fittings provide a secure, leak-free 37-degree flare seal for street performance, racing, marine, and motorsport plumbing systems.\n\nEach hose end is CNC-machined from aerospace-grade 6061-T6 billet aluminum and finished with ColorFittings' proprietary polishing and anodizing process for superior strength, corrosion resistance, and long-term durability. Compatible with E85, ethanol, race fuel, pump gas, oil, coolant, brake fluid, transmission fluid, and hydraulic systems, these fittings are built to handle high-pressure, high-temperature environments.\n\nLooking to complete your setup? Check out our full range of Standard Hose, Hose Separators, and AN Fitting Assembly Tools.",https://colorfittings.com/wp-content/uploads/2026/04/Purple-90-Degree-Female-Hose-End.png,Purple,CF-FHE-16-090-000-PU,Hose Fittings,True,"Target AN Size (-6, -8, -10)"
42.86,-16 AN 45 Degree Female Aluminum Hose End Fitting,"ColorFittings Standard AN Hose Ends are precision-engineered for high-pressure fuel, oil, coolant, brake, clutch, and power steering applications. Designed for use with nylon or stainless steel braided hose, these AN fittings provide a secure, leak-free 37-degree flare seal for street performance, racing, marine, and motorsport plumbing systems.\n\nEach hose end is CNC-machined from aerospace-grade 6061-T6 billet aluminum and finished with ColorFittings' proprietary polishing and anodizing process for superior strength, corrosion resistance, and long-term durability. Compatible with E85, ethanol, race fuel, pump gas, oil, coolant, brake fluid, transmission fluid, and hydraulic systems, these fittings are built to handle high-pressure, high-temperature environments.\n\nLooking to complete your setup? Check out our full range of Standard Hose, Hose Separators, and AN Fitting Assembly Tools.",https://colorfittings.com/wp-content/uploads/2026/04/Teal-45-Degree-Female-Hose-End.png,Teal,CF-FHE-16-045-000-TL,Hose Fittings,True,"Target AN Size (-6, -8, -10)"
42.86,-16 AN 45 Degree Female Aluminum Hose End Fitting,"ColorFittings Standard AN Hose Ends are precision-engineered for high-pressure fuel, oil, coolant, brake, clutch, and power steering applications. Designed for use with nylon or stainless steel braided hose, these AN fittings provide a secure, leak-free 37-degree flare seal for street performance, racing, marine, and motorsport plumbing systems.\n\nEach hose end is CNC-machined from aerospace-grade 6061-T6 billet aluminum and finished with ColorFittings' proprietary polishing and anodizing process for superior strength, corrosion resistance, and long-term durability. Compatible with E85, ethanol, race fuel, pump gas, oil, coolant, brake fluid, transmission fluid, and hydraulic systems, these fittings are built to handle high-pressure, high-temperature environments.\n\nLooking to complete your setup? Check out our full range of Standard Hose, Hose Separators, and AN Fitting Assembly Tools.",https://colorfittings.com/wp-content/uploads/2026/04/Purple-45-Degree-Female-Hose-End.png,Purple,CF-FHE-16-045-000-PU,Hose Fittings,True,"Target AN Size (-6, -8, -10)"
34.98,-16 AN Straight Female Aluminum Hose End Fitting,"ColorFittings Standard AN Hose Ends are precision-engineered for high-pressure fuel, oil, coolant, brake, clutch, and power steering applications. Designed for use with nylon or stainless steel braided hose, these AN fittings provide a secure, leak-free 37-degree flare seal for street performance, racing, marine, and motorsport plumbing systems.\n\nEach hose end is CNC-machined from aerospace-grade 6061-T6 billet aluminum and finished with ColorFittings' proprietary polishing and anodizing process for superior strength, corrosion resistance, and long-term durability. Compatible with E85, ethanol, race fuel, pump gas, oil, coolant, brake fluid, transmission fluid, and hydraulic systems, these fittings are built to handle high-pressure, high-temperature environments.\n\nLooking to complete your setup? Check out our full range of Standard Hose, Hose Separators, and AN Fitting Assembly Tools.",https://colorfittings.com/wp-content/uploads/2026/04/Teal-Straight-Female-Hose-End.png,Teal,CF-FHE-16-000-000-TL,Hose Fittings,True,"Target AN Size (-6, -8, -10)"
34.98,-16 AN Straight Female Aluminum Hose End Fitting,"ColorFittings Standard AN Hose Ends are precision-engineered for high-pressure fuel, oil, coolant, brake, clutch, and power steering applications. Designed for use with nylon or stainless steel braided hose, these AN fittings provide a secure, leak-free 37-degree flare seal for street performance, racing, marine, and motorsport plumbing systems.\n\nEach hose end is CNC-machined from aerospace-grade 6061-T6 billet aluminum and finished with ColorFittings' proprietary polishing and anodizing process for superior strength, corrosion resistance, and long-term durability. Compatible with E85, ethanol, race fuel, pump gas, oil, coolant, brake fluid, transmission fluid, and hydraulic systems, these fittings are built to handle high-pressure, high-temperature environments.\n\nLooking to complete your setup? Check out our full range of Standard Hose, Hose Separators, and AN Fitting Assembly Tools.",https://colorfittings.com/wp-content/uploads/2026/04/Black-Straight-Female-Hose-End.png,Black,CF-FHE-16-000-000-BL,Hose Fittings,True,"Target AN Size (-6, -8, -10)"
34.98,-16 AN Straight Female Aluminum Hose End Fitting,"ColorFittings Standard AN Hose Ends are precision-engineered for high-pressure fuel, oil, coolant, brake, clutch, and power steering applications. Designed for use with nylon or stainless steel braided hose, these AN fittings provide a secure, leak-free 37-degree flare seal for street performance, racing, marine, and motorsport plumbing systems.\n\nEach hose end is CNC-machined from aerospace-grade 6061-T6 billet aluminum and finished with ColorFittings' proprietary polishing and anodizing process for superior strength, corrosion resistance, and long-term durability. Compatible with E85, ethanol, race fuel, pump gas, oil, coolant, brake fluid, transmission fluid, and hydraulic systems, these fittings are built to handle high-pressure, high-temperature environments.\n\nLooking to complete your setup? Check out our full range of Standard Hose, Hose Separators, and AN Fitting Assembly Tools.",https://colorfittings.com/wp-content/uploads/2026/04/Purple-Straight-Female-Hose-End.png,Purple,CF-FHE-16-000-000-PU,Hose Fittings,True,"Target AN Size (-6, -8, -10)"
31.28,-10 AN 180 Degree Female Aluminum Hose End Fitting,"ColorFittings Standard AN Hose Ends are precision-engineered for high-pressure fuel, oil, coolant, brake, clutch, and power steering applications. Designed for use with nylon or stainless steel braided hose, these AN fittings provide a secure, leak-free 37-degree flare seal for street performance, racing, marine, and motorsport plumbing systems.\n\nEach hose end is CNC-machined from aerospace-grade 6061-T6 billet aluminum and finished with ColorFittings' proprietary polishing and anodizing process for superior strength, corrosion resistance, and long-term durability. Compatible with E85, ethanol, race fuel, pump gas, oil, coolant, brake fluid, transmission fluid, and hydraulic systems, these fittings are built to handle high-pressure, high-temperature environments.\n\nLooking to complete your setup? Check out our full range of Standard Hose, Hose Separators, and AN Fitting Assembly Tools.",https://colorfittings.com/wp-content/uploads/2026/04/Black-180-Degree-Female-Hose-End.png,Black,CF-FHE-10-180-000-BL,Hose Fittings,True,"Target AN Size (-6, -8, -10)"
31.28,-10 AN 180 Degree Female Aluminum Hose End Fitting,"ColorFittings Standard AN Hose Ends are precision-engineered for high-pressure fuel, oil, coolant, brake, clutch, and power steering applications. Designed for use with nylon or stainless steel braided hose, these AN fittings provide a secure, leak-free 37-degree flare seal for street performance, racing, marine, and motorsport plumbing systems.\n\nEach hose end is CNC-machined from aerospace-grade 6061-T6 billet aluminum and finished with ColorFittings' proprietary polishing and anodizing process for superior strength, corrosion resistance, and long-term durability. Compatible with E85, ethanol, race fuel, pump gas, oil, coolant, brake fluid, transmission fluid, and hydraulic systems, these fittings are built to handle high-pressure, high-temperature environments.\n\nLooking to complete your setup? Check out our full range of Standard Hose, Hose Separators, and AN Fitting Assembly Tools.",https://colorfittings.com/wp-content/uploads/2026/04/Purple-180-Degree-Female-Hose-End.png,Purple,CF-FHE-10-180-000-PU,Hose Fittings,True,"Target AN Size (-6, -8, -10)"
27.28,-10 AN 90 Degree Female Aluminum Hose End Fitting,"ColorFittings Standard AN Hose Ends are precision-engineered for high-pressure fuel, oil, coolant, brake, clutch, and power steering applications. Designed for use with nylon or stainless steel braided hose, these AN fittings provide a secure, leak-free 37-degree flare seal for street performance, racing, marine, and motorsport plumbing systems.\n\nEach hose end is CNC-machined from aerospace-grade 6061-T6 billet aluminum and finished with ColorFittings' proprietary polishing and anodizing process for superior strength, corrosion resistance, and long-term durability. Compatible with E85, ethanol, race fuel, pump gas, oil, coolant, brake fluid, transmission fluid, and hydraulic systems, these fittings are built to handle high-pressure, high-temperature environments.\n\nLooking to complete your setup? Check out our full range of Standard Hose, Hose Separators, and AN Fitting Assembly Tools.",https://colorfittings.com/wp-content/uploads/2026/04/Teal-90-Degree-Female-Hose-End.png,Teal,CF-FHE-10-090-000-TL,Hose Fittings,True,"Target AN Size (-6, -8, -10)"
27.28,-10 AN 90 Degree Female Aluminum Hose End Fitting,"ColorFittings Standard AN Hose Ends are precision-engineered for high-pressure fuel, oil, coolant, brake, clutch, and power steering applications. Designed for use with nylon or stainless steel braided hose, these AN fittings provide a secure, leak-free 37-degree flare seal for street performance, racing, marine, and motorsport plumbing systems.\n\nEach hose end is CNC-machined from aerospace-grade 6061-T6 billet aluminum and finished with ColorFittings' proprietary polishing and anodizing process for superior strength, corrosion resistance, and long-term durability. Compatible with E85, ethanol, race fuel, pump gas, oil, coolant, brake fluid, transmission fluid, and hydraulic systems, these fittings are built to handle high-pressure, high-temperature environments.\n\nLooking to complete your setup? Check out our full range of Standard Hose, Hose Separators, and AN Fitting Assembly Tools.",https://colorfittings.com/wp-content/uploads/2026/04/Black-90-Degree-Female-Hose-End.png,Black,CF-FHE-10-090-000-BL,Hose Fittings,True,"Target AN Size (-6, -8, -10)"
27.28,-10 AN 90 Degree Female Aluminum Hose End Fitting,"ColorFittings Standard AN Hose Ends are precision-engineered for high-pressure fuel, oil, coolant, brake, clutch, and power steering applications. Designed for use with nylon or stainless steel braided hose, these AN fittings provide a secure, leak-free 37-degree flare seal for street performance, racing, marine, and motorsport plumbing systems.\n\nEach hose end is CNC-machined from aerospace-grade 6061-T6 billet aluminum and finished with ColorFittings' proprietary polishing and anodizing process for superior strength, corrosion resistance, and long-term durability. Compatible with E85, ethanol, race fuel, pump gas, oil, coolant, brake fluid, transmission fluid, and hydraulic systems, these fittings are built to handle high-pressure, high-temperature environments.\n\nLooking to complete your setup? Check out our full range of Standard Hose, Hose Separators, and AN Fitting Assembly Tools.",https://colorfittings.com/wp-content/uploads/2026/04/Purple-90-Degree-Female-Hose-End.png,Purple,CF-FHE-10-090-000-PU,Hose Fittings,True,"Target AN Size (-6, -8, -10)"
27.28,-10 AN 45 Degree Female Aluminum Hose End Fitting,"ColorFittings Standard AN Hose Ends are precision-engineered for high-pressure fuel, oil, coolant, brake, clutch, and power steering applications. Designed for use with nylon or stainless steel braided hose, these AN fittings provide a secure, leak-free 37-degree flare seal for street performance, racing, marine, and motorsport plumbing systems.\n\nEach hose end is CNC-machined from aerospace-grade 6061-T6 billet aluminum and finished with ColorFittings' proprietary polishing and anodizing process for superior strength, corrosion resistance, and long-term durability. Compatible with E85, ethanol, race fuel, pump gas, oil, coolant, brake fluid, transmission fluid, and hydraulic systems, these fittings are built to handle high-pressure, high-temperature environments.\n\nLooking to complete your setup? Check out our full range of Standard Hose, Hose Separators, and AN Fitting Assembly Tools.",https://colorfittings.com/wp-content/uploads/2026/04/Teal-45-Degree-Female-Hose-End.png,Teal,CF-FHE-10-045-000-TL,Hose Fittings,True,"Target AN Size (-6, -8, -10)"
27.28,-10 AN 45 Degree Female Aluminum Hose End Fitting,"ColorFittings Standard AN Hose Ends are precision-engineered for high-pressure fuel, oil, coolant, brake, clutch, and power steering applications. Designed for use with nylon or stainless steel braided hose, these AN fittings provide a secure, leak-free 37-degree flare seal for street performance, racing, marine, and motorsport plumbing systems.\n\nEach hose end is CNC-machined from aerospace-grade 6061-T6 billet aluminum and finished with ColorFittings' proprietary polishing and anodizing process for superior strength, corrosion resistance, and long-term durability. Compatible with E85, ethanol, race fuel, pump gas, oil, coolant, brake fluid, transmission fluid, and hydraulic systems, these fittings are built to handle high-pressure, high-temperature environments.\n\nLooking to complete your setup? Check out our full range of Standard Hose, Hose Separators, and AN Fitting Assembly Tools.",https://colorfittings.com/wp-content/uploads/2026/04/Black-45-Degree-Female-Hose-End.png,Black,CF-FHE-10-045-000-BL,Hose Fittings,True,"Target AN Size (-6, -8, -10)"
27.28,-10 AN 45 Degree Female Aluminum Hose End Fitting,"ColorFittings Standard AN Hose Ends are precision-engineered for high-pressure fuel, oil, coolant, brake, clutch, and power steering applications. Designed for use with nylon or stainless steel braided hose, these AN fittings provide a secure, leak-free 37-degree flare seal for street performance, racing, marine, and motorsport plumbing systems.\n\nEach hose end is CNC-machined from aerospace-grade 6061-T6 billet aluminum and finished with ColorFittings' proprietary polishing and anodizing process for superior strength, corrosion resistance, and long-term durability. Compatible with E85, ethanol, race fuel, pump gas, oil, coolant, brake fluid, transmission fluid, and hydraulic systems, these fittings are built to handle high-pressure, high-temperature environments.\n\nLooking to complete your setup? Check out our full range of Standard Hose, Hose Separators, and AN Fitting Assembly Tools.",https://colorfittings.com/wp-content/uploads/2026/04/Purple-45-Degree-Female-Hose-End.png,Purple,CF-FHE-10-045-000-PU,Hose Fittings,True,"Target AN Size (-6, -8, -10)"
22.75,-10 AN Straight Female Aluminum Hose End Fitting,"ColorFittings Standard AN Hose Ends are precision-engineered for high-pressure fuel, oil, coolant, brake, clutch, and power steering applications. Designed for use with nylon or stainless steel braided hose, these AN fittings provide a secure, leak-free 37-degree flare seal for street performance, racing, marine, and motorsport plumbing systems.\n\nEach hose end is CNC-machined from aerospace-grade 6061-T6 billet aluminum and finished with ColorFittings' proprietary polishing and anodizing process for superior strength, corrosion resistance, and long-term durability. Compatible with E85, ethanol, race fuel, pump gas, oil, coolant, brake fluid, transmission fluid, and hydraulic systems, these fittings are built to handle high-pressure, high-temperature environments.\n\nLooking to complete your setup? Check out our full range of Standard Hose, Hose Separators, and AN Fitting Assembly Tools.",https://colorfittings.com/wp-content/uploads/2026/04/Teal-Straight-Female-Hose-End.png,Teal,CF-FHE-10-000-000-TL,Hose Fittings,True,"Target AN Size (-6, -8, -10)"
22.75,-10 AN Straight Female Aluminum Hose End Fitting,"ColorFittings Standard AN Hose Ends are precision-engineered for high-pressure fuel, oil, coolant, brake, clutch, and power steering applications. Designed for use with nylon or stainless steel braided hose, these AN fittings provide a secure, leak-free 37-degree flare seal for street performance, racing, marine, and motorsport plumbing systems.\n\nEach hose end is CNC-machined from aerospace-grade 6061-T6 billet aluminum and finished with ColorFittings' proprietary polishing and anodizing process for superior strength, corrosion resistance, and long-term durability. Compatible with E85, ethanol, race fuel, pump gas, oil, coolant, brake fluid, transmission fluid, and hydraulic systems, these fittings are built to handle high-pressure, high-temperature environments.\n\nLooking to complete your setup? Check out our full range of Standard Hose, Hose Separators, and AN Fitting Assembly Tools.",https://colorfittings.com/wp-content/uploads/2026/04/Black-Straight-Female-Hose-End.png,Black,CF-FHE-10-000-000-BL,Hose Fittings,True,"Target AN Size (-6, -8, -10)"
22.75,-10 AN Straight Female Aluminum Hose End Fitting,"ColorFittings Standard AN Hose Ends are precision-engineered for high-pressure fuel, oil, coolant, brake, clutch, and power steering applications. Designed for use with nylon or stainless steel braided hose, these AN fittings provide a secure, leak-free 37-degree flare seal for street performance, racing, marine, and motorsport plumbing systems.\n\nEach hose end is CNC-machined from aerospace-grade 6061-T6 billet aluminum and finished with ColorFittings' proprietary polishing and anodizing process for superior strength, corrosion resistance, and long-term durability. Compatible with E85, ethanol, race fuel, pump gas, oil, coolant, brake fluid, transmission fluid, and hydraulic systems, these fittings are built to handle high-pressure, high-temperature environments.\n\nLooking to complete your setup? Check out our full range of Standard Hose, Hose Separators, and AN Fitting Assembly Tools.",https://colorfittings.com/wp-content/uploads/2026/04/Purple-Straight-Female-Hose-End.png,Purple,CF-FHE-10-000-000-PU,Hose Fittings,True,"Target AN Size (-6, -8, -10)"
25.59,-8 AN 90 Degree Female Aluminum Hose End Fitting,"ColorFittings Standard AN Hose Ends are precision-engineered for high-pressure fuel, oil, coolant, brake, clutch, and power steering applications. Designed for use with nylon or stainless steel braided hose, these AN fittings provide a secure, leak-free 37-degree flare seal for street performance, racing, marine, and motorsport plumbing systems.\n\nEach hose end is CNC-machined from aerospace-grade 6061-T6 billet aluminum and finished with ColorFittings' proprietary polishing and anodizing process for superior strength, corrosion resistance, and long-term durability. Compatible with E85, ethanol, race fuel, pump gas, oil, coolant, brake fluid, transmission fluid, and hydraulic systems, these fittings are built to handle high-pressure, high-temperature environments.\n\nLooking to complete your setup? Check out our full range of Standard Hose, Hose Separators, and AN Fitting Assembly Tools.",https://colorfittings.com/wp-content/uploads/2026/04/Teal-90-Degree-Female-Hose-End.png,Teal,CF-FHE-08-090-000-TL,Hose Fittings,True,"Target AN Size (-6, -8, -10)"
25.59,-8 AN 90 Degree Female Aluminum Hose End Fitting,"ColorFittings Standard AN Hose Ends are precision-engineered for high-pressure fuel, oil, coolant, brake, clutch, and power steering applications. Designed for use with nylon or stainless steel braided hose, these AN fittings provide a secure, leak-free 37-degree flare seal for street performance, racing, marine, and motorsport plumbing systems.\n\nEach hose end is CNC-machined from aerospace-grade 6061-T6 billet aluminum and finished with ColorFittings' proprietary polishing and anodizing process for superior strength, corrosion resistance, and long-term durability. Compatible with E85, ethanol, race fuel, pump gas, oil, coolant, brake fluid, transmission fluid, and hydraulic systems, these fittings are built to handle high-pressure, high-temperature environments.\n\nLooking to complete your setup? Check out our full range of Standard Hose, Hose Separators, and AN Fitting Assembly Tools.",https://colorfittings.com/wp-content/uploads/2026/04/Black-90-Degree-Female-Hose-End.png,Black,CF-FHE-08-090-000-BL,Hose Fittings,True,"Target AN Size (-6, -8, -10)"
25.59,-8 AN 90 Degree Female Aluminum Hose End Fitting,"ColorFittings Standard AN Hose Ends are precision-engineered for high-pressure fuel, oil, coolant, brake, clutch, and power steering applications. Designed for use with nylon or stainless steel braided hose, these AN fittings provide a secure, leak-free 37-degree flare seal for street performance, racing, marine, and motorsport plumbing systems.\n\nEach hose end is CNC-machined from aerospace-grade 6061-T6 billet aluminum and finished with ColorFittings' proprietary polishing and anodizing process for superior strength, corrosion resistance, and long-term durability. Compatible with E85, ethanol, race fuel, pump gas, oil, coolant, brake fluid, transmission fluid, and hydraulic systems, these fittings are built to handle high-pressure, high-temperature environments.\n\nLooking to complete your setup? Check out our full range of Standard Hose, Hose Separators, and AN Fitting Assembly Tools.",https://colorfittings.com/wp-content/uploads/2026/04/Purple-90-Degree-Female-Hose-End.png,Purple,CF-FHE-08-090-000-PU,Hose Fittings,True,"Target AN Size (-6, -8, -10)"
